Running SLURM prolog script on pink53.cluster.local
===============================================================================
Job started on Thu Feb 13 14:30:06 GMT 2025
Job ID          : 7052904
Job name        : Re100wcp_TL150_2e5
WorkDir         : /mainfs/lyceum/fe1g22
Command         : /mainfs/lyceum/fe1g22/TL-PINN-training.slurm
Partition       : lyceum
Num hosts       : 1
Num cores       : 8
Num of tasks    : 1
Hosts allocated : pink53
Job Output Follows ...
===============================================================================
Thu Feb 13 14:30:17 2025       
+---------------------------------------------------------------------------------------+
| NVIDIA-SMI 535.104.05             Driver Version: 535.104.05   CUDA Version: 12.2     |
|-----------------------------------------+----------------------+----------------------+
| GPU  Name                 Persistence-M | Bus-Id        Disp.A | Volatile Uncorr. ECC |
| Fan  Temp   Perf          Pwr:Usage/Cap |         Memory-Usage | GPU-Util  Compute M. |
|                                         |                      |               MIG M. |
|=========================================+======================+======================|
|   0  NVIDIA GeForce GTX 1080 Ti     Off | 00000000:83:00.0 Off |                  N/A |
| 23%   22C    P8               8W / 250W |      0MiB / 11264MiB |      0%      Default |
|                                         |                      |                  N/A |
+-----------------------------------------+----------------------+----------------------+
                                                                                         
+---------------------------------------------------------------------------------------+
| Processes:                                                                            |
|  GPU   GI   CI        PID   Type   Process name                            GPU Memory |
|        ID   ID                                                             Usage      |
|=======================================================================================|
|  No running processes found                                                           |
+---------------------------------------------------------------------------------------+
GPU detected and configured.
Configuration loaded.
Loading cached data from temp/data_re150_35x15x10.npz
Data loaded from temp/data_re150_35x15x10.npz
Found 9 models.
Processing model: models/Re100/Re100_10000.npz
Model loaded from models/Re100/Re100_10000.npz
Frozen Layers: [1, 2]
Training Model...
It: 0, Loss: 5.010e-02, l1: 0.835, l2: 0.01354, Time: 13.67
It: 1000, Loss: 2.851e-04, l1: 0.973, l2: 0.01423, Time: 20.18
It: 2000, Loss: 1.902e-04, l1: 0.971, l2: 0.01332, Time: 19.95
It: 3000, Loss: 1.495e-04, l1: 0.972, l2: 0.01248, Time: 19.99
It: 4000, Loss: 1.190e-04, l1: 0.973, l2: 0.01198, Time: 19.97
It: 5000, Loss: 1.766e-04, l1: 0.973, l2: 0.01151, Time: 20.22
It: 6000, Loss: 9.066e-05, l1: 0.973, l2: 0.01123, Time: 19.99
It: 7000, Loss: 1.005e-04, l1: 0.973, l2: 0.01095, Time: 19.94
It: 8000, Loss: 8.831e-05, l1: 0.972, l2: 0.01063, Time: 20.05
It: 9000, Loss: 8.110e-05, l1: 0.972, l2: 0.01040, Time: 20.00
It: 10000, Loss: 1.289e-04, l1: 0.971, l2: 0.01017, Time: 19.99
Model saved to models/Re100/Re100_10000.npz
It: 11000, Loss: 7.487e-05, l1: 0.970, l2: 0.00993, Time: 19.99
It: 12000, Loss: 6.782e-05, l1: 0.970, l2: 0.00971, Time: 20.25
It: 13000, Loss: 1.355e-04, l1: 0.969, l2: 0.00959, Time: 20.08
It: 14000, Loss: 9.802e-05, l1: 0.968, l2: 0.00930, Time: 20.06
It: 15000, Loss: 8.210e-05, l1: 0.967, l2: 0.00914, Time: 19.98
It: 16000, Loss: 7.270e-05, l1: 0.967, l2: 0.00896, Time: 19.96
It: 17000, Loss: 5.800e-05, l1: 0.966, l2: 0.00878, Time: 20.04
It: 18000, Loss: 5.684e-05, l1: 0.965, l2: 0.00861, Time: 19.97
It: 19000, Loss: 7.984e-05, l1: 0.964, l2: 0.00849, Time: 20.01
It: 20000, Loss: 6.316e-05, l1: 0.964, l2: 0.00832, Time: 20.03
Model saved to models/Re100/Re100_20000.npz
It: 21000, Loss: 9.462e-05, l1: 0.963, l2: 0.00817, Time: 20.00
It: 22000, Loss: 1.256e-04, l1: 0.963, l2: 0.00811, Time: 19.93
It: 23000, Loss: 5.642e-05, l1: 0.962, l2: 0.00788, Time: 20.02
It: 24000, Loss: 5.745e-05, l1: 0.961, l2: 0.00775, Time: 19.95
It: 25000, Loss: 5.713e-05, l1: 0.960, l2: 0.00762, Time: 19.99
It: 26000, Loss: 9.183e-05, l1: 0.960, l2: 0.00749, Time: 20.00
It: 27000, Loss: 1.092e-04, l1: 0.959, l2: 0.00735, Time: 19.98
It: 28000, Loss: 1.051e-04, l1: 0.958, l2: 0.00733, Time: 20.06
It: 29000, Loss: 4.777e-05, l1: 0.958, l2: 0.00711, Time: 20.04
It: 30000, Loss: 1.106e-04, l1: 0.957, l2: 0.00714, Time: 19.96
Model saved to models/Re100/Re100_30000.npz
It: 31000, Loss: 6.601e-05, l1: 0.956, l2: 0.00695, Time: 20.13
It: 32000, Loss: 4.794e-05, l1: 0.956, l2: 0.00682, Time: 20.03
It: 33000, Loss: 1.294e-04, l1: 0.956, l2: 0.00682, Time: 19.98
It: 34000, Loss: 9.552e-05, l1: 0.955, l2: 0.00654, Time: 20.20
It: 35000, Loss: 4.744e-05, l1: 0.954, l2: 0.00655, Time: 20.03
It: 36000, Loss: 4.561e-05, l1: 0.954, l2: 0.00646, Time: 20.02
It: 37000, Loss: 9.577e-05, l1: 0.953, l2: 0.00640, Time: 20.03
It: 38000, Loss: 9.223e-05, l1: 0.953, l2: 0.00638, Time: 20.02
It: 39000, Loss: 7.534e-05, l1: 0.952, l2: 0.00627, Time: 20.05
It: 40000, Loss: 4.442e-05, l1: 0.952, l2: 0.00614, Time: 20.08
Model saved to models/Re100/Re100_40000.npz
It: 41000, Loss: 8.671e-05, l1: 0.951, l2: 0.00611, Time: 20.08
It: 42000, Loss: 5.091e-05, l1: 0.951, l2: 0.00603, Time: 20.16
It: 43000, Loss: 5.696e-05, l1: 0.950, l2: 0.00594, Time: 20.05
It: 44000, Loss: 4.870e-05, l1: 0.949, l2: 0.00588, Time: 20.02
It: 45000, Loss: 1.190e-04, l1: 0.949, l2: 0.00588, Time: 19.95
It: 46000, Loss: 5.030e-05, l1: 0.949, l2: 0.00577, Time: 20.10
It: 47000, Loss: 1.163e-04, l1: 0.948, l2: 0.00573, Time: 20.10
It: 48000, Loss: 4.125e-05, l1: 0.948, l2: 0.00565, Time: 19.99
It: 49000, Loss: 4.107e-05, l1: 0.947, l2: 0.00558, Time: 20.07
It: 50000, Loss: 6.671e-05, l1: 0.947, l2: 0.00552, Time: 20.19
Model saved to models/Re100/Re100_50000.npz
It: 51000, Loss: 6.448e-05, l1: 0.946, l2: 0.00551, Time: 20.04
It: 52000, Loss: 7.808e-05, l1: 0.946, l2: 0.00544, Time: 19.98
It: 53000, Loss: 1.263e-04, l1: 0.945, l2: 0.00548, Time: 20.19
It: 54000, Loss: 4.842e-05, l1: 0.945, l2: 0.00535, Time: 20.02
It: 55000, Loss: 4.532e-05, l1: 0.945, l2: 0.00534, Time: 20.13
It: 56000, Loss: 5.854e-05, l1: 0.944, l2: 0.00530, Time: 19.98
It: 57000, Loss: 4.386e-05, l1: 0.943, l2: 0.00523, Time: 20.10
It: 58000, Loss: 4.391e-05, l1: 0.943, l2: 0.00523, Time: 19.98
It: 59000, Loss: 4.968e-05, l1: 0.943, l2: 0.00521, Time: 20.11
It: 60000, Loss: 4.004e-05, l1: 0.942, l2: 0.00515, Time: 20.08
Model saved to models/Re100/Re100_60000.npz
It: 61000, Loss: 5.761e-05, l1: 0.942, l2: 0.00513, Time: 20.00
It: 62000, Loss: 4.219e-05, l1: 0.942, l2: 0.00510, Time: 20.01
It: 63000, Loss: 1.058e-04, l1: 0.941, l2: 0.00507, Time: 19.95
It: 64000, Loss: 7.354e-05, l1: 0.941, l2: 0.00511, Time: 20.07
It: 65000, Loss: 3.936e-05, l1: 0.940, l2: 0.00499, Time: 20.03
It: 66000, Loss: 4.892e-05, l1: 0.940, l2: 0.00495, Time: 19.98
It: 67000, Loss: 4.675e-05, l1: 0.939, l2: 0.00497, Time: 19.97
It: 68000, Loss: 8.601e-05, l1: 0.939, l2: 0.00496, Time: 19.95
It: 69000, Loss: 1.154e-04, l1: 0.939, l2: 0.00487, Time: 20.02
It: 70000, Loss: 4.591e-05, l1: 0.938, l2: 0.00488, Time: 20.01
Model saved to models/Re100/Re100_70000.npz
It: 71000, Loss: 8.576e-05, l1: 0.938, l2: 0.00478, Time: 20.04
It: 72000, Loss: 4.531e-05, l1: 0.937, l2: 0.00480, Time: 20.03
It: 73000, Loss: 4.853e-05, l1: 0.937, l2: 0.00480, Time: 20.04
It: 74000, Loss: 9.111e-05, l1: 0.937, l2: 0.00478, Time: 20.06
It: 75000, Loss: 6.124e-05, l1: 0.936, l2: 0.00471, Time: 19.99
It: 76000, Loss: 4.018e-05, l1: 0.936, l2: 0.00475, Time: 19.91
It: 77000, Loss: 4.778e-05, l1: 0.935, l2: 0.00470, Time: 20.04
It: 78000, Loss: 4.472e-05, l1: 0.935, l2: 0.00472, Time: 20.00
It: 79000, Loss: 9.326e-05, l1: 0.935, l2: 0.00477, Time: 20.02
It: 80000, Loss: 3.850e-05, l1: 0.934, l2: 0.00467, Time: 20.04
Model saved to models/Re100/Re100_80000.npz
It: 81000, Loss: 6.503e-05, l1: 0.934, l2: 0.00461, Time: 20.08
It: 82000, Loss: 6.488e-05, l1: 0.933, l2: 0.00462, Time: 20.01
It: 83000, Loss: 9.059e-05, l1: 0.933, l2: 0.00468, Time: 20.05
It: 84000, Loss: 6.597e-05, l1: 0.933, l2: 0.00466, Time: 19.96
It: 85000, Loss: 5.344e-05, l1: 0.932, l2: 0.00456, Time: 19.98
It: 86000, Loss: 3.961e-05, l1: 0.932, l2: 0.00458, Time: 20.14
It: 87000, Loss: 1.019e-04, l1: 0.932, l2: 0.00464, Time: 19.96
It: 88000, Loss: 3.558e-05, l1: 0.931, l2: 0.00457, Time: 19.92
It: 89000, Loss: 5.870e-05, l1: 0.931, l2: 0.00459, Time: 20.09
It: 90000, Loss: 3.541e-05, l1: 0.930, l2: 0.00456, Time: 19.96
Model saved to models/Re100/Re100_90000.npz
It: 91000, Loss: 3.471e-05, l1: 0.930, l2: 0.00452, Time: 20.11
It: 92000, Loss: 3.820e-05, l1: 0.930, l2: 0.00450, Time: 19.95
It: 93000, Loss: 4.888e-05, l1: 0.929, l2: 0.00446, Time: 19.93
It: 94000, Loss: 4.129e-05, l1: 0.929, l2: 0.00448, Time: 19.97
It: 95000, Loss: 7.243e-05, l1: 0.928, l2: 0.00449, Time: 19.98
It: 96000, Loss: 3.524e-05, l1: 0.928, l2: 0.00447, Time: 19.99
It: 97000, Loss: 6.093e-05, l1: 0.928, l2: 0.00447, Time: 19.78
It: 98000, Loss: 7.087e-05, l1: 0.927, l2: 0.00446, Time: 19.78
It: 99000, Loss: 6.171e-05, l1: 0.927, l2: 0.00448, Time: 19.83
It: 100000, Loss: 4.371e-05, l1: 0.927, l2: 0.00447, Time: 19.83
Model saved to models/Re100/Re100_100000.npz
It: 101000, Loss: 3.194e-05, l1: 0.926, l2: 0.00443, Time: 19.86
It: 102000, Loss: 7.026e-05, l1: 0.926, l2: 0.00447, Time: 19.97
It: 103000, Loss: 3.263e-05, l1: 0.926, l2: 0.00441, Time: 19.77
It: 104000, Loss: 5.890e-05, l1: 0.925, l2: 0.00447, Time: 19.75
It: 105000, Loss: 3.576e-05, l1: 0.925, l2: 0.00442, Time: 19.77
It: 106000, Loss: 3.491e-05, l1: 0.924, l2: 0.00439, Time: 19.67
It: 107000, Loss: 5.491e-05, l1: 0.924, l2: 0.00442, Time: 19.73
It: 108000, Loss: 3.412e-05, l1: 0.924, l2: 0.00440, Time: 19.82
It: 109000, Loss: 3.163e-05, l1: 0.924, l2: 0.00438, Time: 19.71
It: 110000, Loss: 5.157e-05, l1: 0.923, l2: 0.00436, Time: 19.83
Model saved to models/Re100/Re100_110000.npz
It: 111000, Loss: 5.313e-05, l1: 0.923, l2: 0.00437, Time: 19.73
It: 112000, Loss: 8.683e-05, l1: 0.923, l2: 0.00441, Time: 19.70
It: 113000, Loss: 6.611e-05, l1: 0.922, l2: 0.00434, Time: 19.72
It: 114000, Loss: 3.422e-05, l1: 0.922, l2: 0.00436, Time: 19.53
It: 115000, Loss: 3.236e-05, l1: 0.921, l2: 0.00433, Time: 19.47
It: 116000, Loss: 4.805e-05, l1: 0.921, l2: 0.00436, Time: 19.44
It: 117000, Loss: 5.698e-05, l1: 0.921, l2: 0.00436, Time: 19.60
It: 118000, Loss: 3.934e-05, l1: 0.920, l2: 0.00434, Time: 19.50
It: 119000, Loss: 3.834e-05, l1: 0.920, l2: 0.00435, Time: 19.54
It: 120000, Loss: 3.448e-05, l1: 0.920, l2: 0.00433, Time: 19.48
Model saved to models/Re100/Re100_120000.npz
It: 121000, Loss: 1.816e-04, l1: 0.920, l2: 0.00448, Time: 19.49
It: 122000, Loss: 3.978e-05, l1: 0.919, l2: 0.00431, Time: 19.45
It: 123000, Loss: 4.982e-05, l1: 0.919, l2: 0.00434, Time: 19.67
It: 124000, Loss: 4.629e-05, l1: 0.918, l2: 0.00431, Time: 19.62
It: 125000, Loss: 3.002e-05, l1: 0.918, l2: 0.00431, Time: 19.58
It: 126000, Loss: 3.710e-05, l1: 0.918, l2: 0.00429, Time: 19.56
It: 127000, Loss: 5.178e-05, l1: 0.917, l2: 0.00428, Time: 19.52
It: 128000, Loss: 3.067e-05, l1: 0.917, l2: 0.00432, Time: 19.82
It: 129000, Loss: 3.159e-05, l1: 0.917, l2: 0.00431, Time: 19.56
It: 130000, Loss: 3.838e-05, l1: 0.916, l2: 0.00428, Time: 19.62
Model saved to models/Re100/Re100_130000.npz
It: 131000, Loss: 3.644e-05, l1: 0.916, l2: 0.00431, Time: 19.57
It: 132000, Loss: 3.173e-05, l1: 0.916, l2: 0.00431, Time: 19.65
It: 133000, Loss: 3.355e-05, l1: 0.915, l2: 0.00432, Time: 19.53
It: 134000, Loss: 3.879e-05, l1: 0.915, l2: 0.00429, Time: 19.47
It: 135000, Loss: 3.955e-05, l1: 0.915, l2: 0.00426, Time: 19.51
It: 136000, Loss: 9.322e-05, l1: 0.915, l2: 0.00426, Time: 19.55
It: 137000, Loss: 3.328e-05, l1: 0.914, l2: 0.00429, Time: 19.59
It: 138000, Loss: 1.323e-04, l1: 0.914, l2: 0.00438, Time: 19.55
It: 139000, Loss: 3.326e-05, l1: 0.914, l2: 0.00429, Time: 19.53
It: 140000, Loss: 3.585e-05, l1: 0.913, l2: 0.00427, Time: 19.65
Model saved to models/Re100/Re100_140000.npz
It: 141000, Loss: 8.185e-05, l1: 0.913, l2: 0.00423, Time: 19.55
It: 142000, Loss: 7.567e-05, l1: 0.913, l2: 0.00435, Time: 19.57
It: 143000, Loss: 1.073e-04, l1: 0.913, l2: 0.00442, Time: 19.60
It: 144000, Loss: 2.937e-05, l1: 0.912, l2: 0.00429, Time: 19.53
It: 145000, Loss: 1.080e-04, l1: 0.912, l2: 0.00434, Time: 19.53
It: 146000, Loss: 5.863e-05, l1: 0.912, l2: 0.00428, Time: 19.55
It: 147000, Loss: 3.442e-05, l1: 0.912, l2: 0.00433, Time: 19.61
It: 148000, Loss: 3.370e-05, l1: 0.911, l2: 0.00430, Time: 19.74
It: 149000, Loss: 3.834e-05, l1: 0.911, l2: 0.00430, Time: 19.44
It: 150000, Loss: 1.023e-04, l1: 0.911, l2: 0.00425, Time: 19.52
Model saved to models/Re100/Re100_150000.npz
It: 151000, Loss: 2.729e-05, l1: 0.911, l2: 0.00430, Time: 19.58
It: 152000, Loss: 6.358e-05, l1: 0.910, l2: 0.00435, Time: 19.56
It: 153000, Loss: 7.494e-05, l1: 0.910, l2: 0.00428, Time: 19.55
It: 154000, Loss: 2.814e-05, l1: 0.910, l2: 0.00431, Time: 19.51
It: 155000, Loss: 3.033e-05, l1: 0.909, l2: 0.00431, Time: 19.53
It: 156000, Loss: 1.499e-04, l1: 0.909, l2: 0.00443, Time: 19.72
It: 157000, Loss: 2.983e-05, l1: 0.909, l2: 0.00432, Time: 19.50
It: 158000, Loss: 2.946e-05, l1: 0.909, l2: 0.00430, Time: 19.54
It: 159000, Loss: 3.411e-05, l1: 0.908, l2: 0.00431, Time: 19.62
It: 160000, Loss: 3.701e-05, l1: 0.908, l2: 0.00435, Time: 19.58
Model saved to models/Re100/Re100_160000.npz
It: 161000, Loss: 2.836e-05, l1: 0.908, l2: 0.00433, Time: 19.59
It: 162000, Loss: 2.733e-05, l1: 0.908, l2: 0.00433, Time: 19.52
It: 163000, Loss: 4.098e-05, l1: 0.907, l2: 0.00433, Time: 19.56
It: 164000, Loss: 6.158e-05, l1: 0.907, l2: 0.00432, Time: 19.53
It: 165000, Loss: 1.116e-04, l1: 0.907, l2: 0.00442, Time: 19.57
It: 166000, Loss: 4.497e-05, l1: 0.907, l2: 0.00436, Time: 19.67
It: 167000, Loss: 7.475e-05, l1: 0.906, l2: 0.00441, Time: 19.62
It: 168000, Loss: 2.785e-05, l1: 0.906, l2: 0.00435, Time: 19.53
It: 169000, Loss: 1.088e-04, l1: 0.906, l2: 0.00427, Time: 19.58
It: 170000, Loss: 4.884e-05, l1: 0.906, l2: 0.00436, Time: 19.59
Model saved to models/Re100/Re100_170000.npz
It: 171000, Loss: 2.952e-05, l1: 0.906, l2: 0.00437, Time: 19.67
It: 172000, Loss: 2.658e-05, l1: 0.905, l2: 0.00437, Time: 19.57
It: 173000, Loss: 3.333e-05, l1: 0.905, l2: 0.00436, Time: 19.47
It: 174000, Loss: 3.140e-05, l1: 0.905, l2: 0.00438, Time: 19.46
It: 175000, Loss: 7.282e-05, l1: 0.904, l2: 0.00431, Time: 19.47
It: 176000, Loss: 3.171e-05, l1: 0.904, l2: 0.00439, Time: 19.46
It: 177000, Loss: 2.549e-05, l1: 0.904, l2: 0.00437, Time: 19.46
It: 178000, Loss: 3.284e-05, l1: 0.904, l2: 0.00440, Time: 19.50
It: 179000, Loss: 4.881e-05, l1: 0.904, l2: 0.00443, Time: 19.47
It: 180000, Loss: 3.721e-05, l1: 0.903, l2: 0.00438, Time: 19.46
Model saved to models/Re100/Re100_180000.npz
It: 181000, Loss: 3.322e-05, l1: 0.903, l2: 0.00436, Time: 19.49
It: 182000, Loss: 2.891e-05, l1: 0.903, l2: 0.00439, Time: 19.51
It: 183000, Loss: 2.544e-05, l1: 0.903, l2: 0.00440, Time: 19.48
It: 184000, Loss: 2.553e-05, l1: 0.903, l2: 0.00439, Time: 19.48
It: 185000, Loss: 8.097e-05, l1: 0.902, l2: 0.00440, Time: 19.47
It: 186000, Loss: 7.693e-05, l1: 0.902, l2: 0.00442, Time: 19.51
It: 187000, Loss: 2.601e-05, l1: 0.902, l2: 0.00443, Time: 19.57
It: 188000, Loss: 8.107e-05, l1: 0.902, l2: 0.00452, Time: 19.51
It: 189000, Loss: 2.566e-05, l1: 0.902, l2: 0.00443, Time: 19.57
It: 190000, Loss: 5.101e-05, l1: 0.901, l2: 0.00445, Time: 19.55
Model saved to models/Re100/Re100_190000.npz
It: 191000, Loss: 4.744e-05, l1: 0.901, l2: 0.00449, Time: 19.50
It: 192000, Loss: 2.513e-05, l1: 0.901, l2: 0.00445, Time: 19.50
It: 193000, Loss: 1.248e-04, l1: 0.901, l2: 0.00450, Time: 19.58
It: 194000, Loss: 2.585e-05, l1: 0.901, l2: 0.00445, Time: 19.65
It: 195000, Loss: 9.811e-05, l1: 0.900, l2: 0.00453, Time: 19.50
It: 196000, Loss: 2.626e-05, l1: 0.900, l2: 0.00446, Time: 19.47
It: 197000, Loss: 4.891e-05, l1: 0.900, l2: 0.00456, Time: 19.45
It: 198000, Loss: 3.994e-05, l1: 0.900, l2: 0.00450, Time: 19.44
It: 199000, Loss: 2.532e-05, l1: 0.900, l2: 0.00446, Time: 19.50
Loss history plot saved to plots/Re100_10000_TL150_200000//Re100_10000_TL150_loss_hist.png
Lambda history plot saved to plots/Re100_10000_TL150_200000//Re100_TLwcp150_lambda_hist.png
Model Training Complete for 200000 iterations
Model saved to models/Re100_TLwcp150_[1, 2]//Re100_10000_TL150_200000.npz
Model Re100_10000.npz processed successfully.
Processing model: models/Re100/Re100_20000.npz
Model loaded from models/Re100/Re100_20000.npz
Frozen Layers: [1, 2]
Training Model...
It: 0, Loss: 7.307e-02, l1: 0.965, l2: 0.00932, Time: 9.94
It: 1000, Loss: 2.823e-04, l1: 0.940, l2: 0.01475, Time: 19.47
It: 2000, Loss: 1.994e-04, l1: 0.935, l2: 0.01461, Time: 19.55
It: 3000, Loss: 1.274e-04, l1: 0.929, l2: 0.01415, Time: 19.53
It: 4000, Loss: 1.061e-04, l1: 0.924, l2: 0.01368, Time: 19.56
It: 5000, Loss: 9.388e-05, l1: 0.920, l2: 0.01331, Time: 19.51
It: 6000, Loss: 1.225e-04, l1: 0.917, l2: 0.01298, Time: 19.54
It: 7000, Loss: 8.149e-05, l1: 0.915, l2: 0.01261, Time: 19.54
It: 8000, Loss: 1.300e-04, l1: 0.913, l2: 0.01234, Time: 19.58
It: 9000, Loss: 1.060e-04, l1: 0.911, l2: 0.01206, Time: 19.54
It: 10000, Loss: 7.240e-05, l1: 0.910, l2: 0.01192, Time: 19.52
Model saved to models/Re100/Re100_10000.npz
It: 11000, Loss: 7.474e-05, l1: 0.908, l2: 0.01171, Time: 19.62
It: 12000, Loss: 1.207e-04, l1: 0.907, l2: 0.01156, Time: 19.60
It: 13000, Loss: 8.807e-05, l1: 0.906, l2: 0.01135, Time: 19.64
It: 14000, Loss: 6.922e-05, l1: 0.905, l2: 0.01129, Time: 19.69
It: 15000, Loss: 9.872e-05, l1: 0.905, l2: 0.01113, Time: 19.68
It: 16000, Loss: 8.129e-05, l1: 0.904, l2: 0.01108, Time: 20.02
It: 17000, Loss: 8.722e-05, l1: 0.903, l2: 0.01095, Time: 19.54
It: 18000, Loss: 1.129e-04, l1: 0.903, l2: 0.01082, Time: 19.51
It: 19000, Loss: 6.258e-05, l1: 0.902, l2: 0.01076, Time: 19.55
It: 20000, Loss: 5.730e-05, l1: 0.902, l2: 0.01070, Time: 19.55
Model saved to models/Re100/Re100_20000.npz
It: 21000, Loss: 5.409e-05, l1: 0.901, l2: 0.01058, Time: 19.55
It: 22000, Loss: 4.965e-05, l1: 0.900, l2: 0.01050, Time: 19.60
It: 23000, Loss: 9.471e-05, l1: 0.900, l2: 0.01036, Time: 19.61
It: 24000, Loss: 8.593e-05, l1: 0.899, l2: 0.01032, Time: 19.59
It: 25000, Loss: 5.020e-05, l1: 0.899, l2: 0.01026, Time: 19.67
It: 26000, Loss: 6.830e-05, l1: 0.898, l2: 0.01014, Time: 19.61
It: 27000, Loss: 5.125e-05, l1: 0.897, l2: 0.01011, Time: 19.67
It: 28000, Loss: 5.604e-05, l1: 0.897, l2: 0.01006, Time: 19.52
It: 29000, Loss: 4.715e-05, l1: 0.896, l2: 0.00998, Time: 19.47
It: 30000, Loss: 4.626e-05, l1: 0.896, l2: 0.00995, Time: 19.57
Model saved to models/Re100/Re100_30000.npz
It: 31000, Loss: 4.625e-05, l1: 0.895, l2: 0.00989, Time: 19.52
It: 32000, Loss: 4.900e-05, l1: 0.895, l2: 0.00981, Time: 19.51
It: 33000, Loss: 4.425e-05, l1: 0.894, l2: 0.00976, Time: 19.59
It: 34000, Loss: 4.360e-05, l1: 0.894, l2: 0.00971, Time: 19.47
It: 35000, Loss: 6.020e-05, l1: 0.893, l2: 0.00968, Time: 19.50
It: 36000, Loss: 4.516e-05, l1: 0.892, l2: 0.00959, Time: 19.48
It: 37000, Loss: 4.510e-05, l1: 0.892, l2: 0.00951, Time: 19.50
It: 38000, Loss: 4.151e-05, l1: 0.891, l2: 0.00948, Time: 19.47
It: 39000, Loss: 4.443e-05, l1: 0.891, l2: 0.00944, Time: 19.66
It: 40000, Loss: 4.744e-05, l1: 0.890, l2: 0.00938, Time: 19.47
Model saved to models/Re100/Re100_40000.npz
It: 41000, Loss: 5.636e-05, l1: 0.890, l2: 0.00935, Time: 19.60
It: 42000, Loss: 6.090e-05, l1: 0.889, l2: 0.00931, Time: 19.54
It: 43000, Loss: 4.883e-05, l1: 0.889, l2: 0.00921, Time: 19.60
It: 44000, Loss: 4.147e-05, l1: 0.888, l2: 0.00919, Time: 19.47
It: 45000, Loss: 3.931e-05, l1: 0.888, l2: 0.00916, Time: 19.69
It: 46000, Loss: 5.304e-05, l1: 0.887, l2: 0.00916, Time: 19.59
It: 47000, Loss: 1.230e-04, l1: 0.887, l2: 0.00916, Time: 19.75
It: 48000, Loss: 3.961e-05, l1: 0.886, l2: 0.00904, Time: 19.62
It: 49000, Loss: 4.002e-05, l1: 0.886, l2: 0.00899, Time: 19.53
It: 50000, Loss: 5.142e-05, l1: 0.885, l2: 0.00896, Time: 19.67
Model saved to models/Re100/Re100_50000.npz
It: 51000, Loss: 5.134e-05, l1: 0.885, l2: 0.00890, Time: 19.56
It: 52000, Loss: 6.096e-05, l1: 0.884, l2: 0.00892, Time: 19.74
It: 53000, Loss: 5.648e-05, l1: 0.884, l2: 0.00880, Time: 19.73
It: 54000, Loss: 9.581e-05, l1: 0.883, l2: 0.00880, Time: 19.70
It: 55000, Loss: 1.010e-04, l1: 0.883, l2: 0.00881, Time: 19.54
It: 56000, Loss: 4.307e-05, l1: 0.882, l2: 0.00876, Time: 19.54
It: 57000, Loss: 4.005e-05, l1: 0.882, l2: 0.00873, Time: 19.56
It: 58000, Loss: 5.062e-05, l1: 0.881, l2: 0.00864, Time: 19.47
It: 59000, Loss: 5.744e-05, l1: 0.881, l2: 0.00869, Time: 19.48
It: 60000, Loss: 3.610e-05, l1: 0.880, l2: 0.00863, Time: 19.64
Model saved to models/Re100/Re100_60000.npz
It: 61000, Loss: 9.495e-05, l1: 0.880, l2: 0.00853, Time: 19.52
It: 62000, Loss: 4.528e-05, l1: 0.879, l2: 0.00858, Time: 19.75
It: 63000, Loss: 9.761e-05, l1: 0.879, l2: 0.00864, Time: 19.62
It: 64000, Loss: 7.165e-05, l1: 0.879, l2: 0.00851, Time: 19.43
It: 65000, Loss: 4.103e-05, l1: 0.878, l2: 0.00848, Time: 19.60
It: 66000, Loss: 6.089e-05, l1: 0.878, l2: 0.00847, Time: 19.74
It: 67000, Loss: 6.383e-05, l1: 0.877, l2: 0.00844, Time: 19.48
It: 68000, Loss: 3.743e-05, l1: 0.877, l2: 0.00842, Time: 19.48
It: 69000, Loss: 1.006e-04, l1: 0.877, l2: 0.00842, Time: 19.56
It: 70000, Loss: 7.329e-05, l1: 0.876, l2: 0.00842, Time: 19.54
Model saved to models/Re100/Re100_70000.npz
It: 71000, Loss: 3.589e-05, l1: 0.876, l2: 0.00834, Time: 19.51
It: 72000, Loss: 5.444e-05, l1: 0.875, l2: 0.00834, Time: 19.58
It: 73000, Loss: 3.679e-05, l1: 0.875, l2: 0.00827, Time: 19.48
It: 74000, Loss: 3.377e-05, l1: 0.875, l2: 0.00829, Time: 19.49
It: 75000, Loss: 8.888e-05, l1: 0.874, l2: 0.00828, Time: 19.46
It: 76000, Loss: 8.215e-05, l1: 0.874, l2: 0.00820, Time: 19.53
It: 77000, Loss: 5.093e-05, l1: 0.873, l2: 0.00821, Time: 19.57
It: 78000, Loss: 3.707e-05, l1: 0.873, l2: 0.00819, Time: 19.55
It: 79000, Loss: 3.600e-05, l1: 0.873, l2: 0.00817, Time: 19.63
It: 80000, Loss: 3.709e-05, l1: 0.872, l2: 0.00812, Time: 19.54
Model saved to models/Re100/Re100_80000.npz
It: 81000, Loss: 3.504e-05, l1: 0.872, l2: 0.00811, Time: 19.53
It: 82000, Loss: 6.305e-05, l1: 0.872, l2: 0.00811, Time: 19.61
It: 83000, Loss: 1.295e-04, l1: 0.871, l2: 0.00814, Time: 19.54
It: 84000, Loss: 3.257e-05, l1: 0.871, l2: 0.00807, Time: 19.72
It: 85000, Loss: 5.161e-05, l1: 0.871, l2: 0.00801, Time: 19.84
It: 86000, Loss: 1.028e-04, l1: 0.871, l2: 0.00810, Time: 19.68
It: 87000, Loss: 3.436e-05, l1: 0.870, l2: 0.00799, Time: 19.55
It: 88000, Loss: 9.279e-05, l1: 0.870, l2: 0.00796, Time: 19.61
It: 89000, Loss: 3.433e-05, l1: 0.869, l2: 0.00795, Time: 19.50
It: 90000, Loss: 3.530e-05, l1: 0.869, l2: 0.00791, Time: 19.70
Model saved to models/Re100/Re100_90000.npz
It: 91000, Loss: 4.059e-05, l1: 0.869, l2: 0.00794, Time: 19.56
It: 92000, Loss: 3.217e-05, l1: 0.868, l2: 0.00784, Time: 19.52
It: 93000, Loss: 3.239e-05, l1: 0.868, l2: 0.00787, Time: 19.60
It: 94000, Loss: 4.854e-05, l1: 0.868, l2: 0.00778, Time: 19.55
It: 95000, Loss: 3.183e-05, l1: 0.868, l2: 0.00783, Time: 19.66
It: 96000, Loss: 7.905e-05, l1: 0.867, l2: 0.00789, Time: 19.53
It: 97000, Loss: 3.146e-05, l1: 0.867, l2: 0.00780, Time: 19.53
It: 98000, Loss: 5.566e-05, l1: 0.867, l2: 0.00778, Time: 19.50
It: 99000, Loss: 3.270e-05, l1: 0.866, l2: 0.00773, Time: 19.53
It: 100000, Loss: 4.743e-05, l1: 0.866, l2: 0.00771, Time: 19.56
Model saved to models/Re100/Re100_100000.npz
It: 101000, Loss: 3.529e-05, l1: 0.866, l2: 0.00773, Time: 19.51
It: 102000, Loss: 3.036e-05, l1: 0.866, l2: 0.00769, Time: 19.68
It: 103000, Loss: 4.280e-05, l1: 0.865, l2: 0.00767, Time: 19.52
It: 104000, Loss: 3.079e-05, l1: 0.865, l2: 0.00765, Time: 19.50
It: 105000, Loss: 3.998e-05, l1: 0.865, l2: 0.00762, Time: 19.45
It: 106000, Loss: 3.378e-05, l1: 0.865, l2: 0.00764, Time: 19.64
It: 107000, Loss: 9.709e-05, l1: 0.864, l2: 0.00751, Time: 19.65
It: 108000, Loss: 4.402e-05, l1: 0.864, l2: 0.00754, Time: 19.76
It: 109000, Loss: 3.949e-05, l1: 0.864, l2: 0.00753, Time: 19.60
It: 110000, Loss: 3.015e-05, l1: 0.864, l2: 0.00752, Time: 19.51
Model saved to models/Re100/Re100_110000.npz
It: 111000, Loss: 6.267e-05, l1: 0.863, l2: 0.00757, Time: 19.59
It: 112000, Loss: 3.748e-05, l1: 0.863, l2: 0.00746, Time: 19.57
It: 113000, Loss: 3.898e-05, l1: 0.863, l2: 0.00746, Time: 19.59
It: 114000, Loss: 3.134e-05, l1: 0.863, l2: 0.00741, Time: 19.72
It: 115000, Loss: 3.682e-05, l1: 0.862, l2: 0.00742, Time: 19.59
It: 116000, Loss: 2.879e-05, l1: 0.862, l2: 0.00740, Time: 19.60
It: 117000, Loss: 3.945e-05, l1: 0.862, l2: 0.00736, Time: 19.51
It: 118000, Loss: 3.206e-05, l1: 0.862, l2: 0.00735, Time: 19.48
It: 119000, Loss: 7.423e-05, l1: 0.861, l2: 0.00726, Time: 19.46
It: 120000, Loss: 5.040e-05, l1: 0.861, l2: 0.00734, Time: 19.47
Model saved to models/Re100/Re100_120000.npz
It: 121000, Loss: 5.584e-05, l1: 0.861, l2: 0.00727, Time: 19.55
It: 122000, Loss: 3.106e-05, l1: 0.861, l2: 0.00728, Time: 19.51
It: 123000, Loss: 3.344e-05, l1: 0.860, l2: 0.00720, Time: 19.47
It: 124000, Loss: 3.200e-05, l1: 0.860, l2: 0.00722, Time: 19.59
It: 125000, Loss: 3.748e-05, l1: 0.860, l2: 0.00718, Time: 19.57
It: 126000, Loss: 1.015e-04, l1: 0.860, l2: 0.00718, Time: 19.48
It: 127000, Loss: 2.839e-05, l1: 0.860, l2: 0.00715, Time: 19.50
It: 128000, Loss: 3.481e-05, l1: 0.859, l2: 0.00714, Time: 19.51
It: 129000, Loss: 3.880e-05, l1: 0.859, l2: 0.00709, Time: 19.48
It: 130000, Loss: 4.404e-05, l1: 0.859, l2: 0.00707, Time: 19.58
Model saved to models/Re100/Re100_130000.npz
It: 131000, Loss: 3.396e-05, l1: 0.859, l2: 0.00702, Time: 19.67
It: 132000, Loss: 8.217e-05, l1: 0.859, l2: 0.00709, Time: 19.53
It: 133000, Loss: 2.814e-05, l1: 0.858, l2: 0.00702, Time: 19.69
It: 134000, Loss: 3.817e-05, l1: 0.858, l2: 0.00698, Time: 19.56
It: 135000, Loss: 2.778e-05, l1: 0.858, l2: 0.00697, Time: 19.61
It: 136000, Loss: 2.981e-05, l1: 0.858, l2: 0.00693, Time: 19.56
It: 137000, Loss: 7.323e-05, l1: 0.858, l2: 0.00692, Time: 19.58
It: 138000, Loss: 1.067e-04, l1: 0.857, l2: 0.00694, Time: 19.53
It: 139000, Loss: 3.934e-05, l1: 0.857, l2: 0.00687, Time: 19.54
It: 140000, Loss: 5.740e-05, l1: 0.857, l2: 0.00688, Time: 19.50
Model saved to models/Re100/Re100_140000.npz
It: 141000, Loss: 2.713e-05, l1: 0.857, l2: 0.00683, Time: 19.44
It: 142000, Loss: 3.058e-05, l1: 0.857, l2: 0.00681, Time: 19.58
It: 143000, Loss: 4.136e-05, l1: 0.856, l2: 0.00677, Time: 19.63
It: 144000, Loss: 3.279e-05, l1: 0.856, l2: 0.00676, Time: 19.59
It: 145000, Loss: 3.118e-05, l1: 0.856, l2: 0.00675, Time: 19.57
It: 146000, Loss: 2.758e-05, l1: 0.856, l2: 0.00672, Time: 19.59
It: 147000, Loss: 3.025e-05, l1: 0.856, l2: 0.00671, Time: 19.67
It: 148000, Loss: 4.328e-05, l1: 0.856, l2: 0.00660, Time: 19.53
It: 149000, Loss: 5.490e-05, l1: 0.855, l2: 0.00661, Time: 19.62
It: 150000, Loss: 2.612e-05, l1: 0.855, l2: 0.00662, Time: 19.55
Model saved to models/Re100/Re100_150000.npz
It: 151000, Loss: 2.931e-05, l1: 0.855, l2: 0.00658, Time: 19.51
It: 152000, Loss: 3.235e-05, l1: 0.855, l2: 0.00659, Time: 19.54
It: 153000, Loss: 3.519e-05, l1: 0.855, l2: 0.00652, Time: 19.48
It: 154000, Loss: 2.630e-05, l1: 0.854, l2: 0.00653, Time: 19.66
It: 155000, Loss: 3.333e-05, l1: 0.854, l2: 0.00650, Time: 19.51
It: 156000, Loss: 2.619e-05, l1: 0.854, l2: 0.00648, Time: 19.49
It: 157000, Loss: 9.717e-05, l1: 0.854, l2: 0.00653, Time: 19.52
It: 158000, Loss: 4.790e-05, l1: 0.854, l2: 0.00641, Time: 19.54
It: 159000, Loss: 2.737e-05, l1: 0.854, l2: 0.00641, Time: 19.50
It: 160000, Loss: 1.005e-04, l1: 0.854, l2: 0.00644, Time: 19.50
Model saved to models/Re100/Re100_160000.npz
It: 161000, Loss: 3.483e-05, l1: 0.853, l2: 0.00635, Time: 19.68
It: 162000, Loss: 3.881e-05, l1: 0.853, l2: 0.00628, Time: 19.56
It: 163000, Loss: 5.203e-05, l1: 0.853, l2: 0.00631, Time: 19.75
It: 164000, Loss: 5.715e-05, l1: 0.853, l2: 0.00624, Time: 19.63
It: 165000, Loss: 4.597e-05, l1: 0.852, l2: 0.00625, Time: 19.50
It: 166000, Loss: 2.799e-05, l1: 0.852, l2: 0.00627, Time: 19.58
It: 167000, Loss: 6.406e-05, l1: 0.852, l2: 0.00620, Time: 19.59
It: 168000, Loss: 5.745e-05, l1: 0.852, l2: 0.00621, Time: 19.52
It: 169000, Loss: 2.895e-05, l1: 0.852, l2: 0.00621, Time: 19.66
It: 170000, Loss: 2.605e-05, l1: 0.852, l2: 0.00617, Time: 19.58
Model saved to models/Re100/Re100_170000.npz
It: 171000, Loss: 4.417e-05, l1: 0.851, l2: 0.00614, Time: 19.59
It: 172000, Loss: 3.000e-05, l1: 0.851, l2: 0.00615, Time: 19.63
It: 173000, Loss: 2.519e-05, l1: 0.851, l2: 0.00612, Time: 19.56
It: 174000, Loss: 4.279e-05, l1: 0.851, l2: 0.00606, Time: 19.52
It: 175000, Loss: 7.701e-05, l1: 0.850, l2: 0.00606, Time: 19.62
It: 176000, Loss: 3.354e-05, l1: 0.850, l2: 0.00607, Time: 19.52
It: 177000, Loss: 2.606e-05, l1: 0.850, l2: 0.00602, Time: 19.75
It: 178000, Loss: 9.785e-05, l1: 0.850, l2: 0.00595, Time: 19.80
It: 179000, Loss: 1.632e-04, l1: 0.850, l2: 0.00596, Time: 19.55
It: 180000, Loss: 2.734e-05, l1: 0.850, l2: 0.00597, Time: 19.52
Model saved to models/Re100/Re100_180000.npz
It: 181000, Loss: 6.196e-05, l1: 0.850, l2: 0.00593, Time: 19.58
It: 182000, Loss: 3.939e-05, l1: 0.849, l2: 0.00601, Time: 19.68
It: 183000, Loss: 1.526e-04, l1: 0.849, l2: 0.00592, Time: 19.58
It: 184000, Loss: 2.994e-05, l1: 0.849, l2: 0.00586, Time: 19.55
It: 185000, Loss: 6.799e-05, l1: 0.849, l2: 0.00581, Time: 19.54
It: 186000, Loss: 4.481e-05, l1: 0.849, l2: 0.00583, Time: 19.59
It: 187000, Loss: 2.653e-05, l1: 0.849, l2: 0.00585, Time: 19.49
It: 188000, Loss: 2.682e-05, l1: 0.848, l2: 0.00581, Time: 19.56
It: 189000, Loss: 2.715e-05, l1: 0.848, l2: 0.00577, Time: 19.55
It: 190000, Loss: 2.534e-05, l1: 0.848, l2: 0.00577, Time: 19.63
Model saved to models/Re100/Re100_190000.npz
It: 191000, Loss: 2.588e-05, l1: 0.848, l2: 0.00575, Time: 19.51
It: 192000, Loss: 3.368e-05, l1: 0.848, l2: 0.00573, Time: 19.54
It: 193000, Loss: 7.120e-05, l1: 0.847, l2: 0.00579, Time: 19.52
It: 194000, Loss: 2.443e-05, l1: 0.847, l2: 0.00570, Time: 19.48
It: 195000, Loss: 3.020e-05, l1: 0.847, l2: 0.00570, Time: 19.50
It: 196000, Loss: 3.148e-05, l1: 0.847, l2: 0.00567, Time: 19.53
It: 197000, Loss: 1.267e-04, l1: 0.847, l2: 0.00562, Time: 19.54
It: 198000, Loss: 8.101e-05, l1: 0.847, l2: 0.00565, Time: 19.56
It: 199000, Loss: 2.677e-05, l1: 0.846, l2: 0.00560, Time: 19.50
Loss history plot saved to plots/Re100_20000_TL150_200000//Re100_20000_TL150_loss_hist.png
Lambda history plot saved to plots/Re100_20000_TL150_200000//Re100_TLwcp150_lambda_hist.png
Model Training Complete for 200000 iterations
Model saved to models/Re100_TLwcp150_[1, 2]//Re100_20000_TL150_200000.npz
Model Re100_20000.npz processed successfully.
Processing model: models/Re100/Re100_30000.npz
Model loaded from models/Re100/Re100_30000.npz
Frozen Layers: [1, 2]
Training Model...
It: 0, Loss: 5.393e-02, l1: 0.897, l2: 0.00895, Time: 10.33
It: 1000, Loss: 2.570e-04, l1: 1.012, l2: 0.01238, Time: 19.71
It: 2000, Loss: 1.325e-04, l1: 1.022, l2: 0.01247, Time: 19.66
It: 3000, Loss: 1.130e-04, l1: 1.025, l2: 0.01241, Time: 19.58
It: 4000, Loss: 8.937e-05, l1: 1.025, l2: 0.01230, Time: 19.68
It: 5000, Loss: 9.404e-05, l1: 1.024, l2: 0.01218, Time: 19.64
It: 6000, Loss: 7.608e-05, l1: 1.023, l2: 0.01206, Time: 19.69
It: 7000, Loss: 7.275e-05, l1: 1.022, l2: 0.01194, Time: 19.68
It: 8000, Loss: 6.498e-05, l1: 1.022, l2: 0.01190, Time: 19.62
It: 9000, Loss: 2.523e-04, l1: 1.021, l2: 0.01190, Time: 19.77
It: 10000, Loss: 6.063e-05, l1: 1.020, l2: 0.01178, Time: 19.76
Model saved to models/Re100/Re100_10000.npz
It: 11000, Loss: 6.627e-05, l1: 1.020, l2: 0.01170, Time: 19.66
It: 12000, Loss: 1.126e-04, l1: 1.019, l2: 0.01177, Time: 19.82
It: 13000, Loss: 1.669e-04, l1: 1.019, l2: 0.01169, Time: 19.72
It: 14000, Loss: 7.613e-05, l1: 1.018, l2: 0.01163, Time: 19.66
It: 15000, Loss: 5.226e-05, l1: 1.018, l2: 0.01161, Time: 19.68
It: 16000, Loss: 5.077e-05, l1: 1.017, l2: 0.01160, Time: 19.68
It: 17000, Loss: 5.821e-05, l1: 1.017, l2: 0.01157, Time: 19.67
It: 18000, Loss: 6.058e-05, l1: 1.016, l2: 0.01157, Time: 19.69
It: 19000, Loss: 5.018e-05, l1: 1.016, l2: 0.01154, Time: 19.80
It: 20000, Loss: 9.274e-05, l1: 1.015, l2: 0.01151, Time: 19.69
Model saved to models/Re100/Re100_20000.npz
It: 21000, Loss: 5.147e-05, l1: 1.015, l2: 0.01152, Time: 19.76
It: 22000, Loss: 5.521e-05, l1: 1.015, l2: 0.01150, Time: 19.83
It: 23000, Loss: 9.354e-05, l1: 1.014, l2: 0.01149, Time: 19.64
It: 24000, Loss: 9.770e-05, l1: 1.014, l2: 0.01152, Time: 19.61
It: 25000, Loss: 4.872e-05, l1: 1.013, l2: 0.01145, Time: 19.67
It: 26000, Loss: 4.634e-05, l1: 1.013, l2: 0.01144, Time: 19.65
It: 27000, Loss: 5.109e-05, l1: 1.012, l2: 0.01142, Time: 19.64
It: 28000, Loss: 5.022e-05, l1: 1.012, l2: 0.01141, Time: 19.70
It: 29000, Loss: 4.466e-05, l1: 1.011, l2: 0.01141, Time: 19.69
It: 30000, Loss: 7.471e-05, l1: 1.011, l2: 0.01141, Time: 19.84
Model saved to models/Re100/Re100_30000.npz
It: 31000, Loss: 6.444e-05, l1: 1.011, l2: 0.01131, Time: 19.75
It: 32000, Loss: 5.480e-05, l1: 1.010, l2: 0.01135, Time: 19.68
It: 33000, Loss: 4.609e-05, l1: 1.010, l2: 0.01132, Time: 19.71
It: 34000, Loss: 9.813e-05, l1: 1.009, l2: 0.01125, Time: 19.71
It: 35000, Loss: 4.494e-05, l1: 1.009, l2: 0.01130, Time: 19.90
It: 36000, Loss: 1.193e-04, l1: 1.008, l2: 0.01136, Time: 19.77
It: 37000, Loss: 4.618e-05, l1: 1.008, l2: 0.01126, Time: 19.70
It: 38000, Loss: 5.625e-05, l1: 1.007, l2: 0.01122, Time: 19.68
It: 39000, Loss: 1.286e-04, l1: 1.007, l2: 0.01124, Time: 19.76
It: 40000, Loss: 1.162e-04, l1: 1.006, l2: 0.01125, Time: 19.68
Model saved to models/Re100/Re100_40000.npz
It: 41000, Loss: 8.485e-05, l1: 1.006, l2: 0.01121, Time: 19.64
It: 42000, Loss: 4.085e-05, l1: 1.005, l2: 0.01116, Time: 19.62
It: 43000, Loss: 3.980e-05, l1: 1.005, l2: 0.01113, Time: 19.71
It: 44000, Loss: 4.012e-05, l1: 1.004, l2: 0.01111, Time: 19.65
It: 45000, Loss: 4.234e-05, l1: 1.004, l2: 0.01110, Time: 19.64
It: 46000, Loss: 5.802e-05, l1: 1.004, l2: 0.01105, Time: 19.72
It: 47000, Loss: 3.963e-05, l1: 1.003, l2: 0.01105, Time: 19.62
It: 48000, Loss: 5.333e-05, l1: 1.003, l2: 0.01098, Time: 19.63
It: 49000, Loss: 3.771e-05, l1: 1.002, l2: 0.01099, Time: 19.65
It: 50000, Loss: 7.301e-05, l1: 1.002, l2: 0.01095, Time: 19.64
Model saved to models/Re100/Re100_50000.npz
It: 51000, Loss: 3.844e-05, l1: 1.002, l2: 0.01093, Time: 19.67
It: 52000, Loss: 4.715e-05, l1: 1.001, l2: 0.01091, Time: 19.75
It: 53000, Loss: 5.593e-05, l1: 1.001, l2: 0.01088, Time: 19.79
It: 54000, Loss: 4.042e-05, l1: 1.000, l2: 0.01086, Time: 19.73
It: 55000, Loss: 7.824e-05, l1: 1.000, l2: 0.01079, Time: 19.71
It: 56000, Loss: 4.811e-05, l1: 0.999, l2: 0.01076, Time: 19.81
It: 57000, Loss: 4.246e-05, l1: 0.999, l2: 0.01075, Time: 19.68
It: 58000, Loss: 4.271e-05, l1: 0.999, l2: 0.01073, Time: 19.68
It: 59000, Loss: 8.145e-05, l1: 0.998, l2: 0.01063, Time: 19.72
It: 60000, Loss: 4.006e-05, l1: 0.998, l2: 0.01067, Time: 19.74
Model saved to models/Re100/Re100_60000.npz
It: 61000, Loss: 3.594e-05, l1: 0.997, l2: 0.01066, Time: 19.73
It: 62000, Loss: 9.635e-05, l1: 0.997, l2: 0.01058, Time: 19.73
It: 63000, Loss: 4.307e-05, l1: 0.997, l2: 0.01059, Time: 19.67
It: 64000, Loss: 4.291e-05, l1: 0.996, l2: 0.01055, Time: 19.81
It: 65000, Loss: 8.672e-05, l1: 0.996, l2: 0.01049, Time: 19.75
It: 66000, Loss: 4.029e-05, l1: 0.996, l2: 0.01053, Time: 19.82
It: 67000, Loss: 5.291e-05, l1: 0.995, l2: 0.01047, Time: 19.60
It: 68000, Loss: 4.238e-05, l1: 0.995, l2: 0.01042, Time: 19.80
It: 69000, Loss: 4.094e-05, l1: 0.994, l2: 0.01039, Time: 19.69
It: 70000, Loss: 3.724e-05, l1: 0.994, l2: 0.01039, Time: 19.74
Model saved to models/Re100/Re100_70000.npz
It: 71000, Loss: 3.619e-05, l1: 0.994, l2: 0.01036, Time: 19.77
It: 72000, Loss: 3.561e-05, l1: 0.993, l2: 0.01032, Time: 19.67
It: 73000, Loss: 1.663e-04, l1: 0.993, l2: 0.01038, Time: 19.81
It: 74000, Loss: 4.693e-05, l1: 0.993, l2: 0.01027, Time: 19.78
It: 75000, Loss: 5.231e-05, l1: 0.992, l2: 0.01023, Time: 19.64
It: 76000, Loss: 6.862e-05, l1: 0.992, l2: 0.01017, Time: 19.66
It: 77000, Loss: 4.639e-05, l1: 0.991, l2: 0.01018, Time: 19.73
It: 78000, Loss: 3.371e-05, l1: 0.991, l2: 0.01015, Time: 19.64
It: 79000, Loss: 5.289e-05, l1: 0.991, l2: 0.01008, Time: 19.64
It: 80000, Loss: 6.495e-05, l1: 0.990, l2: 0.01009, Time: 19.75
Model saved to models/Re100/Re100_80000.npz
It: 81000, Loss: 5.191e-05, l1: 0.990, l2: 0.01004, Time: 19.67
It: 82000, Loss: 5.531e-05, l1: 0.990, l2: 0.00998, Time: 19.75
It: 83000, Loss: 1.255e-04, l1: 0.989, l2: 0.01008, Time: 19.62
It: 84000, Loss: 5.338e-05, l1: 0.989, l2: 0.00993, Time: 19.65
It: 85000, Loss: 5.801e-05, l1: 0.989, l2: 0.00990, Time: 19.60
It: 86000, Loss: 4.408e-05, l1: 0.988, l2: 0.00989, Time: 19.65
It: 87000, Loss: 3.491e-05, l1: 0.988, l2: 0.00988, Time: 19.60
It: 88000, Loss: 3.263e-05, l1: 0.988, l2: 0.00986, Time: 19.71
It: 89000, Loss: 3.339e-05, l1: 0.987, l2: 0.00983, Time: 19.67
It: 90000, Loss: 8.482e-05, l1: 0.987, l2: 0.00987, Time: 19.75
Model saved to models/Re100/Re100_90000.npz
It: 91000, Loss: 4.586e-05, l1: 0.986, l2: 0.00976, Time: 19.75
It: 92000, Loss: 3.698e-05, l1: 0.986, l2: 0.00977, Time: 19.68
It: 93000, Loss: 3.330e-05, l1: 0.986, l2: 0.00972, Time: 19.76
It: 94000, Loss: 8.610e-05, l1: 0.986, l2: 0.00975, Time: 19.84
It: 95000, Loss: 3.325e-05, l1: 0.986, l2: 0.00969, Time: 19.81
It: 96000, Loss: 3.320e-05, l1: 0.985, l2: 0.00965, Time: 19.71
It: 97000, Loss: 9.729e-05, l1: 0.985, l2: 0.00961, Time: 19.73
It: 98000, Loss: 4.745e-05, l1: 0.984, l2: 0.00963, Time: 19.69
It: 99000, Loss: 3.193e-05, l1: 0.984, l2: 0.00957, Time: 19.66
It: 100000, Loss: 4.793e-05, l1: 0.984, l2: 0.00953, Time: 19.64
Model saved to models/Re100/Re100_100000.npz
It: 101000, Loss: 3.603e-05, l1: 0.984, l2: 0.00952, Time: 19.71
It: 102000, Loss: 3.424e-05, l1: 0.983, l2: 0.00948, Time: 19.68
It: 103000, Loss: 3.108e-05, l1: 0.983, l2: 0.00947, Time: 19.70
It: 104000, Loss: 9.339e-05, l1: 0.983, l2: 0.00949, Time: 19.79
It: 105000, Loss: 1.581e-04, l1: 0.982, l2: 0.00949, Time: 19.67
It: 106000, Loss: 3.863e-05, l1: 0.982, l2: 0.00938, Time: 19.74
It: 107000, Loss: 1.245e-04, l1: 0.982, l2: 0.00929, Time: 19.63
It: 108000, Loss: 5.956e-05, l1: 0.982, l2: 0.00935, Time: 19.78
It: 109000, Loss: 3.289e-05, l1: 0.981, l2: 0.00931, Time: 19.60
It: 110000, Loss: 1.064e-04, l1: 0.981, l2: 0.00926, Time: 19.60
Model saved to models/Re100/Re100_110000.npz
It: 111000, Loss: 3.176e-05, l1: 0.981, l2: 0.00927, Time: 19.60
It: 112000, Loss: 4.630e-05, l1: 0.980, l2: 0.00930, Time: 19.61
It: 113000, Loss: 4.084e-05, l1: 0.980, l2: 0.00921, Time: 19.65
It: 114000, Loss: 3.134e-05, l1: 0.980, l2: 0.00920, Time: 19.70
It: 115000, Loss: 9.085e-05, l1: 0.980, l2: 0.00912, Time: 19.64
It: 116000, Loss: 3.471e-05, l1: 0.979, l2: 0.00918, Time: 19.62
It: 117000, Loss: 3.263e-05, l1: 0.979, l2: 0.00914, Time: 19.67
It: 118000, Loss: 4.546e-05, l1: 0.979, l2: 0.00914, Time: 19.63
It: 119000, Loss: 3.170e-05, l1: 0.978, l2: 0.00909, Time: 19.65
It: 120000, Loss: 3.129e-05, l1: 0.978, l2: 0.00908, Time: 19.73
Model saved to models/Re100/Re100_120000.npz
It: 121000, Loss: 3.047e-05, l1: 0.978, l2: 0.00905, Time: 19.75
It: 122000, Loss: 3.589e-05, l1: 0.977, l2: 0.00905, Time: 19.84
It: 123000, Loss: 4.401e-05, l1: 0.977, l2: 0.00901, Time: 19.70
It: 124000, Loss: 4.176e-05, l1: 0.977, l2: 0.00904, Time: 19.72
It: 125000, Loss: 6.353e-05, l1: 0.977, l2: 0.00898, Time: 19.73
It: 126000, Loss: 3.451e-05, l1: 0.977, l2: 0.00897, Time: 19.72
It: 127000, Loss: 8.560e-05, l1: 0.977, l2: 0.00902, Time: 19.69
It: 128000, Loss: 3.038e-05, l1: 0.976, l2: 0.00894, Time: 19.65
It: 129000, Loss: 3.671e-05, l1: 0.976, l2: 0.00891, Time: 19.74
It: 130000, Loss: 3.320e-05, l1: 0.976, l2: 0.00888, Time: 19.69
Model saved to models/Re100/Re100_130000.npz
It: 131000, Loss: 5.948e-05, l1: 0.976, l2: 0.00885, Time: 19.80
It: 132000, Loss: 4.114e-05, l1: 0.975, l2: 0.00888, Time: 19.68
It: 133000, Loss: 3.033e-05, l1: 0.975, l2: 0.00886, Time: 19.68
It: 134000, Loss: 6.636e-05, l1: 0.975, l2: 0.00882, Time: 19.65
It: 135000, Loss: 6.536e-05, l1: 0.975, l2: 0.00877, Time: 19.61
It: 136000, Loss: 3.170e-05, l1: 0.974, l2: 0.00879, Time: 19.85
It: 137000, Loss: 3.019e-05, l1: 0.974, l2: 0.00879, Time: 19.69
It: 138000, Loss: 8.129e-05, l1: 0.974, l2: 0.00874, Time: 19.72
It: 139000, Loss: 2.882e-05, l1: 0.974, l2: 0.00876, Time: 19.65
It: 140000, Loss: 4.868e-05, l1: 0.974, l2: 0.00873, Time: 19.71
Model saved to models/Re100/Re100_140000.npz
It: 141000, Loss: 4.754e-05, l1: 0.973, l2: 0.00867, Time: 19.68
It: 142000, Loss: 3.360e-05, l1: 0.973, l2: 0.00871, Time: 19.77
It: 143000, Loss: 8.827e-05, l1: 0.973, l2: 0.00871, Time: 19.73
It: 144000, Loss: 3.067e-05, l1: 0.973, l2: 0.00866, Time: 19.61
It: 145000, Loss: 2.782e-05, l1: 0.972, l2: 0.00866, Time: 19.59
It: 146000, Loss: 7.743e-05, l1: 0.972, l2: 0.00858, Time: 19.57
It: 147000, Loss: 2.834e-05, l1: 0.972, l2: 0.00864, Time: 19.72
It: 148000, Loss: 2.996e-05, l1: 0.972, l2: 0.00862, Time: 19.67
It: 149000, Loss: 5.454e-05, l1: 0.972, l2: 0.00860, Time: 19.70
It: 150000, Loss: 2.971e-05, l1: 0.971, l2: 0.00859, Time: 19.63
Model saved to models/Re100/Re100_150000.npz
It: 151000, Loss: 7.703e-05, l1: 0.971, l2: 0.00857, Time: 19.74
It: 152000, Loss: 3.967e-05, l1: 0.971, l2: 0.00857, Time: 19.68
It: 153000, Loss: 1.263e-04, l1: 0.971, l2: 0.00852, Time: 19.66
It: 154000, Loss: 3.840e-05, l1: 0.971, l2: 0.00854, Time: 19.72
It: 155000, Loss: 4.334e-05, l1: 0.970, l2: 0.00851, Time: 19.68
It: 156000, Loss: 3.380e-05, l1: 0.970, l2: 0.00854, Time: 19.69
It: 157000, Loss: 3.098e-05, l1: 0.970, l2: 0.00853, Time: 19.72
It: 158000, Loss: 4.086e-05, l1: 0.970, l2: 0.00850, Time: 19.73
It: 159000, Loss: 3.446e-05, l1: 0.970, l2: 0.00847, Time: 19.84
It: 160000, Loss: 2.894e-05, l1: 0.970, l2: 0.00849, Time: 19.76
Model saved to models/Re100/Re100_160000.npz
It: 161000, Loss: 1.054e-04, l1: 0.970, l2: 0.00841, Time: 19.75
It: 162000, Loss: 2.890e-05, l1: 0.969, l2: 0.00847, Time: 19.65
It: 163000, Loss: 3.001e-05, l1: 0.969, l2: 0.00846, Time: 19.67
It: 164000, Loss: 8.377e-05, l1: 0.969, l2: 0.00841, Time: 19.62
It: 165000, Loss: 5.602e-05, l1: 0.969, l2: 0.00841, Time: 19.67
It: 166000, Loss: 2.966e-05, l1: 0.969, l2: 0.00841, Time: 19.69
It: 167000, Loss: 1.028e-04, l1: 0.969, l2: 0.00837, Time: 19.67
It: 168000, Loss: 2.807e-05, l1: 0.968, l2: 0.00840, Time: 19.64
It: 169000, Loss: 2.941e-05, l1: 0.968, l2: 0.00837, Time: 19.68
It: 170000, Loss: 3.928e-05, l1: 0.968, l2: 0.00835, Time: 19.61
Model saved to models/Re100/Re100_170000.npz
It: 171000, Loss: 2.645e-05, l1: 0.968, l2: 0.00838, Time: 19.66
It: 172000, Loss: 3.916e-05, l1: 0.968, l2: 0.00842, Time: 19.76
It: 173000, Loss: 2.605e-05, l1: 0.968, l2: 0.00835, Time: 19.62
It: 174000, Loss: 4.979e-05, l1: 0.967, l2: 0.00834, Time: 19.73
It: 175000, Loss: 3.239e-05, l1: 0.967, l2: 0.00835, Time: 19.70
It: 176000, Loss: 3.824e-05, l1: 0.967, l2: 0.00831, Time: 19.66
It: 177000, Loss: 3.441e-05, l1: 0.967, l2: 0.00834, Time: 19.67
It: 178000, Loss: 4.214e-05, l1: 0.967, l2: 0.00829, Time: 19.66
It: 179000, Loss: 2.799e-05, l1: 0.967, l2: 0.00832, Time: 19.61
It: 180000, Loss: 4.106e-05, l1: 0.967, l2: 0.00827, Time: 19.63
Model saved to models/Re100/Re100_180000.npz
It: 181000, Loss: 3.510e-05, l1: 0.967, l2: 0.00826, Time: 19.68
It: 182000, Loss: 6.879e-05, l1: 0.966, l2: 0.00828, Time: 19.92
It: 183000, Loss: 3.457e-05, l1: 0.966, l2: 0.00825, Time: 19.72
It: 184000, Loss: 2.965e-05, l1: 0.966, l2: 0.00826, Time: 19.72
It: 185000, Loss: 8.741e-05, l1: 0.966, l2: 0.00831, Time: 19.70
It: 186000, Loss: 2.710e-05, l1: 0.966, l2: 0.00825, Time: 19.70
It: 187000, Loss: 2.627e-05, l1: 0.966, l2: 0.00823, Time: 19.69
It: 188000, Loss: 5.678e-05, l1: 0.966, l2: 0.00827, Time: 19.66
It: 189000, Loss: 2.831e-05, l1: 0.966, l2: 0.00821, Time: 19.63
It: 190000, Loss: 2.545e-05, l1: 0.966, l2: 0.00822, Time: 19.70
Model saved to models/Re100/Re100_190000.npz
It: 191000, Loss: 3.066e-05, l1: 0.965, l2: 0.00823, Time: 19.67
It: 192000, Loss: 3.241e-05, l1: 0.965, l2: 0.00821, Time: 19.71
It: 193000, Loss: 3.004e-05, l1: 0.965, l2: 0.00820, Time: 19.63
It: 194000, Loss: 2.611e-05, l1: 0.965, l2: 0.00817, Time: 19.66
It: 195000, Loss: 3.436e-05, l1: 0.965, l2: 0.00817, Time: 19.52
It: 196000, Loss: 2.486e-05, l1: 0.965, l2: 0.00818, Time: 19.67
It: 197000, Loss: 4.084e-05, l1: 0.965, l2: 0.00822, Time: 19.61
It: 198000, Loss: 2.973e-05, l1: 0.965, l2: 0.00819, Time: 19.62
It: 199000, Loss: 2.874e-05, l1: 0.965, l2: 0.00813, Time: 19.67
Loss history plot saved to plots/Re100_30000_TL150_200000//Re100_30000_TL150_loss_hist.png
Lambda history plot saved to plots/Re100_30000_TL150_200000//Re100_TLwcp150_lambda_hist.png
Model Training Complete for 200000 iterations
Model saved to models/Re100_TLwcp150_[1, 2]//Re100_30000_TL150_200000.npz
Model Re100_30000.npz processed successfully.
Processing model: models/Re100/Re100_40000.npz
Model loaded from models/Re100/Re100_40000.npz
Frozen Layers: [1, 2]
Training Model...
It: 0, Loss: 3.020e-02, l1: 1.007, l2: 0.01225, Time: 9.84
It: 1000, Loss: 1.995e-04, l1: 1.047, l2: 0.00417, Time: 19.55
It: 2000, Loss: 1.232e-04, l1: 1.053, l2: 0.00373, Time: 19.55
It: 3000, Loss: 1.656e-04, l1: 1.058, l2: 0.00357, Time: 19.65
It: 4000, Loss: 8.686e-05, l1: 1.060, l2: 0.00342, Time: 19.64
It: 5000, Loss: 1.026e-04, l1: 1.062, l2: 0.00340, Time: 19.59
It: 6000, Loss: 7.644e-05, l1: 1.062, l2: 0.00325, Time: 19.51
It: 7000, Loss: 7.265e-05, l1: 1.063, l2: 0.00317, Time: 19.52
It: 8000, Loss: 1.314e-04, l1: 1.062, l2: 0.00311, Time: 19.69
It: 9000, Loss: 6.409e-05, l1: 1.062, l2: 0.00303, Time: 19.69
It: 10000, Loss: 6.517e-05, l1: 1.060, l2: 0.00300, Time: 19.61
Model saved to models/Re100/Re100_10000.npz
It: 11000, Loss: 1.285e-04, l1: 1.059, l2: 0.00303, Time: 19.57
It: 12000, Loss: 5.445e-05, l1: 1.058, l2: 0.00293, Time: 19.67
It: 13000, Loss: 6.099e-05, l1: 1.057, l2: 0.00289, Time: 19.61
It: 14000, Loss: 1.258e-04, l1: 1.056, l2: 0.00283, Time: 19.60
It: 15000, Loss: 1.213e-04, l1: 1.055, l2: 0.00288, Time: 19.70
It: 16000, Loss: 1.139e-04, l1: 1.053, l2: 0.00284, Time: 19.60
It: 17000, Loss: 5.876e-05, l1: 1.052, l2: 0.00283, Time: 19.79
It: 18000, Loss: 1.170e-04, l1: 1.051, l2: 0.00277, Time: 19.66
It: 19000, Loss: 5.802e-05, l1: 1.050, l2: 0.00283, Time: 19.66
It: 20000, Loss: 4.713e-05, l1: 1.049, l2: 0.00281, Time: 19.64
Model saved to models/Re100/Re100_20000.npz
It: 21000, Loss: 6.762e-05, l1: 1.048, l2: 0.00281, Time: 19.63
It: 22000, Loss: 4.634e-05, l1: 1.047, l2: 0.00280, Time: 19.61
It: 23000, Loss: 4.668e-05, l1: 1.045, l2: 0.00288, Time: 19.73
It: 24000, Loss: 1.389e-04, l1: 1.044, l2: 0.00290, Time: 19.53
It: 25000, Loss: 6.207e-05, l1: 1.043, l2: 0.00282, Time: 19.58
It: 26000, Loss: 9.061e-05, l1: 1.042, l2: 0.00290, Time: 19.51
It: 27000, Loss: 4.615e-05, l1: 1.041, l2: 0.00286, Time: 19.59
It: 28000, Loss: 4.880e-05, l1: 1.041, l2: 0.00284, Time: 19.64
It: 29000, Loss: 8.239e-05, l1: 1.039, l2: 0.00285, Time: 19.76
It: 30000, Loss: 5.911e-05, l1: 1.038, l2: 0.00292, Time: 19.45
Model saved to models/Re100/Re100_30000.npz
It: 31000, Loss: 9.032e-05, l1: 1.038, l2: 0.00300, Time: 19.50
It: 32000, Loss: 7.962e-05, l1: 1.036, l2: 0.00297, Time: 19.50
It: 33000, Loss: 4.269e-05, l1: 1.036, l2: 0.00295, Time: 19.42
It: 34000, Loss: 3.992e-05, l1: 1.035, l2: 0.00298, Time: 19.50
It: 35000, Loss: 4.324e-05, l1: 1.034, l2: 0.00301, Time: 19.59
It: 36000, Loss: 3.955e-05, l1: 1.034, l2: 0.00301, Time: 19.55
It: 37000, Loss: 4.620e-05, l1: 1.032, l2: 0.00304, Time: 19.60
It: 38000, Loss: 1.257e-04, l1: 1.032, l2: 0.00303, Time: 19.59
It: 39000, Loss: 3.756e-05, l1: 1.031, l2: 0.00306, Time: 19.58
It: 40000, Loss: 3.977e-05, l1: 1.030, l2: 0.00307, Time: 19.63
Model saved to models/Re100/Re100_40000.npz
It: 41000, Loss: 3.729e-05, l1: 1.029, l2: 0.00311, Time: 19.62
It: 42000, Loss: 4.435e-05, l1: 1.029, l2: 0.00309, Time: 19.70
It: 43000, Loss: 7.632e-05, l1: 1.028, l2: 0.00308, Time: 19.69
It: 44000, Loss: 4.420e-05, l1: 1.028, l2: 0.00318, Time: 19.61
It: 45000, Loss: 4.428e-05, l1: 1.027, l2: 0.00317, Time: 19.70
It: 46000, Loss: 6.251e-05, l1: 1.026, l2: 0.00326, Time: 19.63
It: 47000, Loss: 3.598e-05, l1: 1.026, l2: 0.00322, Time: 19.61
It: 48000, Loss: 4.472e-05, l1: 1.025, l2: 0.00324, Time: 19.73
It: 49000, Loss: 6.540e-05, l1: 1.024, l2: 0.00328, Time: 19.65
It: 50000, Loss: 5.943e-05, l1: 1.023, l2: 0.00328, Time: 19.85
Model saved to models/Re100/Re100_50000.npz
It: 51000, Loss: 3.538e-05, l1: 1.023, l2: 0.00332, Time: 19.61
It: 52000, Loss: 3.919e-05, l1: 1.022, l2: 0.00330, Time: 19.53
It: 53000, Loss: 4.284e-05, l1: 1.021, l2: 0.00336, Time: 19.58
It: 54000, Loss: 7.994e-05, l1: 1.021, l2: 0.00332, Time: 19.65
It: 55000, Loss: 4.454e-05, l1: 1.020, l2: 0.00342, Time: 19.58
It: 56000, Loss: 4.038e-05, l1: 1.020, l2: 0.00338, Time: 19.54
It: 57000, Loss: 3.578e-05, l1: 1.019, l2: 0.00344, Time: 19.55
It: 58000, Loss: 8.291e-05, l1: 1.018, l2: 0.00333, Time: 19.51
It: 59000, Loss: 3.364e-05, l1: 1.018, l2: 0.00346, Time: 19.57
It: 60000, Loss: 3.541e-05, l1: 1.017, l2: 0.00349, Time: 19.58
Model saved to models/Re100/Re100_60000.npz
It: 61000, Loss: 4.778e-05, l1: 1.016, l2: 0.00352, Time: 19.56
It: 62000, Loss: 1.518e-04, l1: 1.016, l2: 0.00356, Time: 19.54
It: 63000, Loss: 1.040e-04, l1: 1.016, l2: 0.00356, Time: 19.56
It: 64000, Loss: 6.109e-05, l1: 1.015, l2: 0.00357, Time: 19.57
It: 65000, Loss: 3.284e-05, l1: 1.014, l2: 0.00361, Time: 19.56
It: 66000, Loss: 3.527e-05, l1: 1.014, l2: 0.00357, Time: 19.63
It: 67000, Loss: 3.640e-05, l1: 1.013, l2: 0.00361, Time: 19.58
It: 68000, Loss: 3.319e-05, l1: 1.013, l2: 0.00364, Time: 19.60
It: 69000, Loss: 3.411e-05, l1: 1.012, l2: 0.00364, Time: 19.58
It: 70000, Loss: 4.304e-05, l1: 1.011, l2: 0.00368, Time: 19.78
Model saved to models/Re100/Re100_70000.npz
It: 71000, Loss: 4.049e-05, l1: 1.011, l2: 0.00369, Time: 19.83
It: 72000, Loss: 6.227e-05, l1: 1.010, l2: 0.00376, Time: 19.69
It: 73000, Loss: 3.851e-05, l1: 1.010, l2: 0.00374, Time: 19.91
It: 74000, Loss: 3.169e-05, l1: 1.009, l2: 0.00375, Time: 19.69
It: 75000, Loss: 4.183e-05, l1: 1.009, l2: 0.00378, Time: 19.66
It: 76000, Loss: 7.709e-05, l1: 1.008, l2: 0.00378, Time: 19.66
It: 77000, Loss: 3.434e-05, l1: 1.008, l2: 0.00377, Time: 19.57
It: 78000, Loss: 4.496e-05, l1: 1.007, l2: 0.00377, Time: 19.59
It: 79000, Loss: 4.449e-05, l1: 1.007, l2: 0.00378, Time: 19.55
It: 80000, Loss: 4.287e-05, l1: 1.006, l2: 0.00383, Time: 19.52
Model saved to models/Re100/Re100_80000.npz
It: 81000, Loss: 5.168e-05, l1: 1.006, l2: 0.00385, Time: 19.58
It: 82000, Loss: 6.264e-05, l1: 1.005, l2: 0.00391, Time: 19.53
It: 83000, Loss: 6.042e-05, l1: 1.004, l2: 0.00393, Time: 19.59
It: 84000, Loss: 3.941e-05, l1: 1.004, l2: 0.00390, Time: 19.69
It: 85000, Loss: 4.116e-05, l1: 1.004, l2: 0.00396, Time: 19.58
It: 86000, Loss: 3.698e-05, l1: 1.003, l2: 0.00398, Time: 19.59
It: 87000, Loss: 3.856e-05, l1: 1.003, l2: 0.00400, Time: 19.62
It: 88000, Loss: 3.289e-05, l1: 1.002, l2: 0.00402, Time: 19.53
It: 89000, Loss: 4.526e-05, l1: 1.002, l2: 0.00400, Time: 19.67
It: 90000, Loss: 5.623e-05, l1: 1.001, l2: 0.00398, Time: 19.60
Model saved to models/Re100/Re100_90000.npz
It: 91000, Loss: 3.390e-05, l1: 1.000, l2: 0.00401, Time: 19.59
It: 92000, Loss: 2.924e-05, l1: 1.000, l2: 0.00405, Time: 19.53
It: 93000, Loss: 4.343e-05, l1: 1.000, l2: 0.00405, Time: 19.58
It: 94000, Loss: 2.955e-05, l1: 0.999, l2: 0.00409, Time: 19.71
It: 95000, Loss: 3.236e-05, l1: 0.999, l2: 0.00410, Time: 19.63
It: 96000, Loss: 2.903e-05, l1: 0.998, l2: 0.00412, Time: 19.69
It: 97000, Loss: 7.642e-05, l1: 0.998, l2: 0.00414, Time: 19.65
It: 98000, Loss: 3.325e-05, l1: 0.997, l2: 0.00414, Time: 19.57
It: 99000, Loss: 2.972e-05, l1: 0.997, l2: 0.00417, Time: 19.54
It: 100000, Loss: 3.353e-05, l1: 0.996, l2: 0.00418, Time: 19.79
Model saved to models/Re100/Re100_100000.npz
It: 101000, Loss: 1.133e-04, l1: 0.996, l2: 0.00424, Time: 19.56
It: 102000, Loss: 4.474e-05, l1: 0.996, l2: 0.00423, Time: 19.55
It: 103000, Loss: 6.171e-05, l1: 0.995, l2: 0.00429, Time: 19.90
It: 104000, Loss: 4.705e-05, l1: 0.995, l2: 0.00421, Time: 19.63
It: 105000, Loss: 5.152e-05, l1: 0.994, l2: 0.00421, Time: 19.84
It: 106000, Loss: 4.574e-05, l1: 0.994, l2: 0.00424, Time: 19.65
It: 107000, Loss: 3.183e-05, l1: 0.993, l2: 0.00429, Time: 19.57
It: 108000, Loss: 2.943e-05, l1: 0.993, l2: 0.00431, Time: 19.70
It: 109000, Loss: 3.231e-05, l1: 0.993, l2: 0.00429, Time: 19.63
It: 110000, Loss: 4.674e-05, l1: 0.992, l2: 0.00431, Time: 19.62
Model saved to models/Re100/Re100_110000.npz
It: 111000, Loss: 3.103e-05, l1: 0.992, l2: 0.00435, Time: 19.79
It: 112000, Loss: 2.837e-05, l1: 0.991, l2: 0.00434, Time: 19.62
It: 113000, Loss: 4.797e-05, l1: 0.991, l2: 0.00433, Time: 19.56
It: 114000, Loss: 3.986e-05, l1: 0.991, l2: 0.00438, Time: 19.60
It: 115000, Loss: 2.855e-05, l1: 0.990, l2: 0.00443, Time: 19.54
It: 116000, Loss: 2.815e-05, l1: 0.990, l2: 0.00439, Time: 19.56
It: 117000, Loss: 3.470e-05, l1: 0.989, l2: 0.00441, Time: 19.74
It: 118000, Loss: 3.418e-05, l1: 0.989, l2: 0.00441, Time: 19.57
It: 119000, Loss: 2.746e-05, l1: 0.989, l2: 0.00445, Time: 19.72
It: 120000, Loss: 2.768e-05, l1: 0.988, l2: 0.00449, Time: 19.61
Model saved to models/Re100/Re100_120000.npz
It: 121000, Loss: 2.963e-05, l1: 0.988, l2: 0.00450, Time: 19.67
It: 122000, Loss: 4.145e-05, l1: 0.987, l2: 0.00448, Time: 19.50
It: 123000, Loss: 2.948e-05, l1: 0.987, l2: 0.00451, Time: 19.62
It: 124000, Loss: 2.868e-05, l1: 0.987, l2: 0.00453, Time: 19.60
It: 125000, Loss: 1.058e-04, l1: 0.986, l2: 0.00445, Time: 19.55
It: 126000, Loss: 5.821e-05, l1: 0.986, l2: 0.00460, Time: 19.53
It: 127000, Loss: 2.971e-05, l1: 0.986, l2: 0.00458, Time: 19.61
It: 128000, Loss: 2.865e-05, l1: 0.985, l2: 0.00462, Time: 19.52
It: 129000, Loss: 3.599e-05, l1: 0.985, l2: 0.00458, Time: 19.55
It: 130000, Loss: 4.227e-05, l1: 0.984, l2: 0.00466, Time: 19.58
Model saved to models/Re100/Re100_130000.npz
It: 131000, Loss: 3.088e-05, l1: 0.984, l2: 0.00459, Time: 19.62
It: 132000, Loss: 3.391e-05, l1: 0.984, l2: 0.00459, Time: 19.63
It: 133000, Loss: 5.272e-05, l1: 0.983, l2: 0.00464, Time: 19.62
It: 134000, Loss: 3.827e-05, l1: 0.983, l2: 0.00467, Time: 19.65
It: 135000, Loss: 3.607e-05, l1: 0.983, l2: 0.00466, Time: 19.72
It: 136000, Loss: 7.198e-05, l1: 0.982, l2: 0.00461, Time: 19.72
It: 137000, Loss: 3.527e-05, l1: 0.982, l2: 0.00465, Time: 19.64
It: 138000, Loss: 7.756e-05, l1: 0.982, l2: 0.00482, Time: 19.60
It: 139000, Loss: 8.700e-05, l1: 0.981, l2: 0.00472, Time: 19.64
It: 140000, Loss: 5.865e-05, l1: 0.981, l2: 0.00474, Time: 19.66
Model saved to models/Re100/Re100_140000.npz
It: 141000, Loss: 2.571e-05, l1: 0.981, l2: 0.00475, Time: 19.66
It: 142000, Loss: 2.631e-05, l1: 0.980, l2: 0.00473, Time: 19.84
It: 143000, Loss: 7.618e-05, l1: 0.980, l2: 0.00475, Time: 19.56
It: 144000, Loss: 4.168e-05, l1: 0.980, l2: 0.00471, Time: 19.57
It: 145000, Loss: 3.578e-05, l1: 0.979, l2: 0.00474, Time: 19.61
It: 146000, Loss: 2.546e-05, l1: 0.979, l2: 0.00481, Time: 19.58
It: 147000, Loss: 5.050e-05, l1: 0.979, l2: 0.00475, Time: 19.57
It: 148000, Loss: 3.270e-05, l1: 0.978, l2: 0.00481, Time: 19.52
It: 149000, Loss: 2.984e-05, l1: 0.978, l2: 0.00482, Time: 19.58
It: 150000, Loss: 2.576e-05, l1: 0.978, l2: 0.00487, Time: 19.54
Model saved to models/Re100/Re100_150000.npz
It: 151000, Loss: 2.710e-05, l1: 0.977, l2: 0.00486, Time: 19.55
It: 152000, Loss: 3.769e-05, l1: 0.977, l2: 0.00496, Time: 19.51
It: 153000, Loss: 3.150e-05, l1: 0.977, l2: 0.00492, Time: 19.51
It: 154000, Loss: 2.449e-05, l1: 0.976, l2: 0.00488, Time: 19.52
It: 155000, Loss: 3.302e-05, l1: 0.976, l2: 0.00493, Time: 19.52
It: 156000, Loss: 9.197e-05, l1: 0.976, l2: 0.00492, Time: 19.50
It: 157000, Loss: 4.287e-05, l1: 0.975, l2: 0.00493, Time: 19.52
It: 158000, Loss: 5.475e-05, l1: 0.975, l2: 0.00491, Time: 19.63
It: 159000, Loss: 2.957e-05, l1: 0.974, l2: 0.00501, Time: 19.58
It: 160000, Loss: 2.675e-05, l1: 0.974, l2: 0.00498, Time: 19.67
Model saved to models/Re100/Re100_160000.npz
It: 161000, Loss: 2.522e-05, l1: 0.974, l2: 0.00495, Time: 19.88
It: 162000, Loss: 2.614e-05, l1: 0.974, l2: 0.00500, Time: 19.56
It: 163000, Loss: 2.824e-05, l1: 0.974, l2: 0.00496, Time: 19.57
It: 164000, Loss: 2.812e-05, l1: 0.973, l2: 0.00500, Time: 19.55
It: 165000, Loss: 3.048e-05, l1: 0.973, l2: 0.00505, Time: 19.78
It: 166000, Loss: 8.494e-05, l1: 0.973, l2: 0.00505, Time: 19.54
It: 167000, Loss: 2.873e-05, l1: 0.972, l2: 0.00506, Time: 19.58
It: 168000, Loss: 2.596e-05, l1: 0.972, l2: 0.00506, Time: 19.58
It: 169000, Loss: 2.622e-05, l1: 0.972, l2: 0.00507, Time: 19.64
It: 170000, Loss: 2.441e-05, l1: 0.971, l2: 0.00507, Time: 19.56
Model saved to models/Re100/Re100_170000.npz
It: 171000, Loss: 3.197e-05, l1: 0.971, l2: 0.00508, Time: 19.58
It: 172000, Loss: 2.556e-05, l1: 0.971, l2: 0.00507, Time: 19.62
It: 173000, Loss: 5.291e-05, l1: 0.971, l2: 0.00507, Time: 19.72
It: 174000, Loss: 4.078e-05, l1: 0.970, l2: 0.00509, Time: 19.56
It: 175000, Loss: 9.606e-05, l1: 0.970, l2: 0.00508, Time: 19.60
It: 176000, Loss: 2.400e-05, l1: 0.970, l2: 0.00510, Time: 19.60
It: 177000, Loss: 2.545e-05, l1: 0.969, l2: 0.00507, Time: 19.52
It: 178000, Loss: 2.450e-05, l1: 0.969, l2: 0.00513, Time: 19.59
It: 179000, Loss: 3.365e-05, l1: 0.969, l2: 0.00508, Time: 19.53
It: 180000, Loss: 2.932e-05, l1: 0.968, l2: 0.00510, Time: 19.58
Model saved to models/Re100/Re100_180000.npz
It: 181000, Loss: 6.160e-05, l1: 0.968, l2: 0.00517, Time: 19.51
It: 182000, Loss: 2.726e-05, l1: 0.968, l2: 0.00514, Time: 19.71
It: 183000, Loss: 2.358e-05, l1: 0.968, l2: 0.00516, Time: 19.69
It: 184000, Loss: 2.394e-05, l1: 0.967, l2: 0.00515, Time: 19.53
It: 185000, Loss: 3.223e-05, l1: 0.967, l2: 0.00516, Time: 19.59
It: 186000, Loss: 4.638e-05, l1: 0.967, l2: 0.00511, Time: 19.57
It: 187000, Loss: 2.704e-05, l1: 0.966, l2: 0.00516, Time: 19.60
It: 188000, Loss: 3.320e-05, l1: 0.966, l2: 0.00520, Time: 19.72
It: 189000, Loss: 2.246e-05, l1: 0.966, l2: 0.00519, Time: 19.51
It: 190000, Loss: 2.225e-05, l1: 0.966, l2: 0.00520, Time: 19.51
Model saved to models/Re100/Re100_190000.npz
It: 191000, Loss: 3.075e-05, l1: 0.966, l2: 0.00522, Time: 19.65
It: 192000, Loss: 3.860e-05, l1: 0.965, l2: 0.00528, Time: 19.53
It: 193000, Loss: 1.028e-04, l1: 0.965, l2: 0.00521, Time: 19.52
It: 194000, Loss: 2.194e-05, l1: 0.965, l2: 0.00523, Time: 19.56
It: 195000, Loss: 2.219e-05, l1: 0.964, l2: 0.00523, Time: 19.58
It: 196000, Loss: 2.909e-05, l1: 0.964, l2: 0.00527, Time: 19.65
It: 197000, Loss: 4.160e-05, l1: 0.964, l2: 0.00523, Time: 19.63
It: 198000, Loss: 3.955e-05, l1: 0.964, l2: 0.00516, Time: 19.66
It: 199000, Loss: 2.620e-05, l1: 0.963, l2: 0.00524, Time: 19.62
Loss history plot saved to plots/Re100_40000_TL150_200000//Re100_40000_TL150_loss_hist.png
Lambda history plot saved to plots/Re100_40000_TL150_200000//Re100_TLwcp150_lambda_hist.png
Model Training Complete for 200000 iterations
Model saved to models/Re100_TLwcp150_[1, 2]//Re100_40000_TL150_200000.npz
Model Re100_40000.npz processed successfully.
Processing model: models/Re100/Re100_50000.npz
Model loaded from models/Re100/Re100_50000.npz
Frozen Layers: [1, 2]
Training Model...
It: 0, Loss: 3.321e-02, l1: 1.022, l2: 0.00428, Time: 10.35
It: 1000, Loss: 2.656e-04, l1: 1.014, l2: 0.01038, Time: 19.62
It: 2000, Loss: 1.325e-04, l1: 1.005, l2: 0.01148, Time: 19.63
It: 3000, Loss: 1.031e-04, l1: 1.003, l2: 0.01204, Time: 19.63
It: 4000, Loss: 1.088e-04, l1: 1.002, l2: 0.01242, Time: 19.54
It: 5000, Loss: 7.720e-05, l1: 1.002, l2: 0.01273, Time: 19.48
It: 6000, Loss: 8.348e-05, l1: 1.002, l2: 0.01290, Time: 19.60
It: 7000, Loss: 7.422e-05, l1: 1.002, l2: 0.01306, Time: 19.53
It: 8000, Loss: 7.303e-05, l1: 1.003, l2: 0.01328, Time: 19.51
It: 9000, Loss: 1.463e-04, l1: 1.003, l2: 0.01326, Time: 19.67
It: 10000, Loss: 1.714e-04, l1: 1.003, l2: 0.01338, Time: 19.88
Model saved to models/Re100/Re100_10000.npz
It: 11000, Loss: 5.557e-05, l1: 1.003, l2: 0.01351, Time: 19.59
It: 12000, Loss: 5.745e-05, l1: 1.003, l2: 0.01357, Time: 19.67
It: 13000, Loss: 4.975e-05, l1: 1.003, l2: 0.01365, Time: 19.59
It: 14000, Loss: 6.168e-05, l1: 1.003, l2: 0.01375, Time: 19.63
It: 15000, Loss: 8.117e-05, l1: 1.003, l2: 0.01373, Time: 19.61
It: 16000, Loss: 5.657e-05, l1: 1.003, l2: 0.01380, Time: 19.56
It: 17000, Loss: 6.379e-05, l1: 1.003, l2: 0.01383, Time: 19.60
It: 18000, Loss: 4.441e-05, l1: 1.003, l2: 0.01390, Time: 19.75
It: 19000, Loss: 5.970e-05, l1: 1.002, l2: 0.01398, Time: 19.58
It: 20000, Loss: 4.976e-05, l1: 1.002, l2: 0.01399, Time: 19.52
Model saved to models/Re100/Re100_20000.npz
It: 21000, Loss: 9.584e-05, l1: 1.002, l2: 0.01397, Time: 19.57
It: 22000, Loss: 6.132e-05, l1: 1.002, l2: 0.01401, Time: 19.66
It: 23000, Loss: 4.854e-05, l1: 1.002, l2: 0.01406, Time: 19.58
It: 24000, Loss: 5.668e-05, l1: 1.001, l2: 0.01409, Time: 19.52
It: 25000, Loss: 7.791e-05, l1: 1.001, l2: 0.01408, Time: 19.61
It: 26000, Loss: 3.966e-05, l1: 1.001, l2: 0.01415, Time: 19.60
It: 27000, Loss: 5.619e-05, l1: 1.000, l2: 0.01417, Time: 19.62
It: 28000, Loss: 4.869e-05, l1: 1.001, l2: 0.01420, Time: 19.57
It: 29000, Loss: 4.017e-05, l1: 1.000, l2: 0.01422, Time: 19.46
It: 30000, Loss: 5.940e-05, l1: 1.000, l2: 0.01426, Time: 19.47
Model saved to models/Re100/Re100_30000.npz
It: 31000, Loss: 6.401e-05, l1: 1.000, l2: 0.01432, Time: 19.48
It: 32000, Loss: 3.825e-05, l1: 1.000, l2: 0.01432, Time: 19.56
It: 33000, Loss: 6.947e-05, l1: 0.999, l2: 0.01424, Time: 19.76
It: 34000, Loss: 5.142e-05, l1: 0.999, l2: 0.01433, Time: 19.64
It: 35000, Loss: 4.404e-05, l1: 0.999, l2: 0.01436, Time: 19.57
It: 36000, Loss: 1.102e-04, l1: 0.999, l2: 0.01443, Time: 19.56
It: 37000, Loss: 4.354e-05, l1: 0.999, l2: 0.01440, Time: 19.63
It: 38000, Loss: 9.843e-05, l1: 0.998, l2: 0.01442, Time: 19.46
It: 39000, Loss: 3.684e-05, l1: 0.998, l2: 0.01442, Time: 19.47
It: 40000, Loss: 8.349e-05, l1: 0.998, l2: 0.01445, Time: 19.54
Model saved to models/Re100/Re100_40000.npz
It: 41000, Loss: 1.043e-04, l1: 0.998, l2: 0.01453, Time: 19.47
It: 42000, Loss: 7.344e-05, l1: 0.998, l2: 0.01442, Time: 19.58
It: 43000, Loss: 3.637e-05, l1: 0.997, l2: 0.01446, Time: 19.67
It: 44000, Loss: 5.152e-05, l1: 0.997, l2: 0.01453, Time: 19.47
It: 45000, Loss: 4.277e-05, l1: 0.997, l2: 0.01449, Time: 19.68
It: 46000, Loss: 3.579e-05, l1: 0.997, l2: 0.01453, Time: 19.51
It: 47000, Loss: 4.494e-05, l1: 0.997, l2: 0.01451, Time: 19.54
It: 48000, Loss: 3.596e-05, l1: 0.997, l2: 0.01456, Time: 19.55
It: 49000, Loss: 4.460e-05, l1: 0.997, l2: 0.01456, Time: 19.50
It: 50000, Loss: 7.430e-05, l1: 0.997, l2: 0.01456, Time: 19.50
Model saved to models/Re100/Re100_50000.npz
It: 51000, Loss: 5.732e-05, l1: 0.996, l2: 0.01460, Time: 19.59
It: 52000, Loss: 3.521e-05, l1: 0.996, l2: 0.01460, Time: 19.49
It: 53000, Loss: 3.754e-05, l1: 0.996, l2: 0.01461, Time: 19.45
It: 54000, Loss: 3.415e-05, l1: 0.996, l2: 0.01461, Time: 19.53
It: 55000, Loss: 3.194e-05, l1: 0.996, l2: 0.01464, Time: 19.52
It: 56000, Loss: 3.149e-05, l1: 0.995, l2: 0.01464, Time: 19.72
It: 57000, Loss: 3.245e-05, l1: 0.995, l2: 0.01465, Time: 19.49
It: 58000, Loss: 3.602e-05, l1: 0.995, l2: 0.01468, Time: 19.52
It: 59000, Loss: 3.361e-05, l1: 0.995, l2: 0.01465, Time: 19.45
It: 60000, Loss: 3.339e-05, l1: 0.995, l2: 0.01467, Time: 19.51
Model saved to models/Re100/Re100_60000.npz
It: 61000, Loss: 6.993e-05, l1: 0.995, l2: 0.01476, Time: 19.51
It: 62000, Loss: 3.773e-05, l1: 0.994, l2: 0.01467, Time: 19.51
It: 63000, Loss: 9.117e-05, l1: 0.994, l2: 0.01468, Time: 19.48
It: 64000, Loss: 5.692e-05, l1: 0.994, l2: 0.01468, Time: 19.67
It: 65000, Loss: 3.297e-05, l1: 0.994, l2: 0.01470, Time: 19.64
It: 66000, Loss: 4.220e-05, l1: 0.994, l2: 0.01471, Time: 19.54
It: 67000, Loss: 3.056e-05, l1: 0.994, l2: 0.01474, Time: 19.57
It: 68000, Loss: 3.478e-05, l1: 0.993, l2: 0.01471, Time: 19.59
It: 69000, Loss: 3.012e-05, l1: 0.993, l2: 0.01473, Time: 19.44
It: 70000, Loss: 8.827e-05, l1: 0.993, l2: 0.01483, Time: 19.51
Model saved to models/Re100/Re100_70000.npz
It: 71000, Loss: 4.666e-05, l1: 0.993, l2: 0.01474, Time: 19.47
It: 72000, Loss: 7.018e-05, l1: 0.993, l2: 0.01476, Time: 19.47
It: 73000, Loss: 3.155e-05, l1: 0.993, l2: 0.01476, Time: 19.48
It: 74000, Loss: 5.874e-05, l1: 0.992, l2: 0.01482, Time: 19.48
It: 75000, Loss: 6.528e-05, l1: 0.992, l2: 0.01479, Time: 19.48
It: 76000, Loss: 4.055e-05, l1: 0.992, l2: 0.01479, Time: 19.65
It: 77000, Loss: 3.638e-05, l1: 0.992, l2: 0.01478, Time: 19.66
It: 78000, Loss: 2.853e-05, l1: 0.992, l2: 0.01478, Time: 19.47
It: 79000, Loss: 4.061e-05, l1: 0.991, l2: 0.01476, Time: 19.65
It: 80000, Loss: 4.086e-05, l1: 0.991, l2: 0.01477, Time: 19.52
Model saved to models/Re100/Re100_80000.npz
It: 81000, Loss: 4.468e-05, l1: 0.991, l2: 0.01483, Time: 19.53
It: 82000, Loss: 6.759e-05, l1: 0.991, l2: 0.01484, Time: 19.55
It: 83000, Loss: 1.502e-04, l1: 0.991, l2: 0.01475, Time: 19.61
It: 84000, Loss: 7.523e-05, l1: 0.991, l2: 0.01488, Time: 19.48
It: 85000, Loss: 4.559e-05, l1: 0.990, l2: 0.01477, Time: 19.55
It: 86000, Loss: 3.147e-05, l1: 0.990, l2: 0.01480, Time: 19.50
It: 87000, Loss: 5.998e-05, l1: 0.990, l2: 0.01482, Time: 19.58
It: 88000, Loss: 2.791e-05, l1: 0.990, l2: 0.01480, Time: 19.67
It: 89000, Loss: 3.248e-05, l1: 0.990, l2: 0.01479, Time: 19.57
It: 90000, Loss: 3.475e-05, l1: 0.989, l2: 0.01483, Time: 19.62
Model saved to models/Re100/Re100_90000.npz
It: 91000, Loss: 8.630e-05, l1: 0.989, l2: 0.01483, Time: 19.55
It: 92000, Loss: 6.180e-05, l1: 0.989, l2: 0.01479, Time: 19.59
It: 93000, Loss: 1.279e-04, l1: 0.989, l2: 0.01483, Time: 19.43
It: 94000, Loss: 3.463e-05, l1: 0.989, l2: 0.01483, Time: 19.45
It: 95000, Loss: 3.851e-05, l1: 0.989, l2: 0.01478, Time: 19.52
It: 96000, Loss: 3.756e-05, l1: 0.988, l2: 0.01478, Time: 19.53
It: 97000, Loss: 2.763e-05, l1: 0.988, l2: 0.01479, Time: 19.54
It: 98000, Loss: 3.751e-05, l1: 0.988, l2: 0.01486, Time: 19.52
It: 99000, Loss: 3.259e-05, l1: 0.988, l2: 0.01484, Time: 19.44
It: 100000, Loss: 4.314e-05, l1: 0.988, l2: 0.01478, Time: 19.52
Model saved to models/Re100/Re100_100000.npz
It: 101000, Loss: 7.489e-05, l1: 0.988, l2: 0.01478, Time: 19.59
It: 102000, Loss: 5.733e-05, l1: 0.987, l2: 0.01472, Time: 19.64
It: 103000, Loss: 3.410e-05, l1: 0.987, l2: 0.01476, Time: 19.45
It: 104000, Loss: 3.330e-05, l1: 0.987, l2: 0.01477, Time: 19.60
It: 105000, Loss: 2.596e-05, l1: 0.987, l2: 0.01479, Time: 19.50
It: 106000, Loss: 4.185e-05, l1: 0.987, l2: 0.01477, Time: 19.50
It: 107000, Loss: 3.988e-05, l1: 0.986, l2: 0.01473, Time: 19.48
It: 108000, Loss: 2.695e-05, l1: 0.986, l2: 0.01477, Time: 19.42
It: 109000, Loss: 2.975e-05, l1: 0.986, l2: 0.01479, Time: 19.47
It: 110000, Loss: 3.086e-05, l1: 0.986, l2: 0.01478, Time: 19.45
Model saved to models/Re100/Re100_110000.npz
It: 111000, Loss: 2.703e-05, l1: 0.986, l2: 0.01475, Time: 19.62
It: 112000, Loss: 2.625e-05, l1: 0.986, l2: 0.01474, Time: 19.43
It: 113000, Loss: 3.399e-05, l1: 0.985, l2: 0.01478, Time: 19.48
It: 114000, Loss: 4.450e-05, l1: 0.985, l2: 0.01478, Time: 19.62
It: 115000, Loss: 2.621e-05, l1: 0.985, l2: 0.01475, Time: 19.60
It: 116000, Loss: 2.891e-05, l1: 0.985, l2: 0.01473, Time: 19.52
It: 117000, Loss: 3.279e-05, l1: 0.985, l2: 0.01475, Time: 19.52
It: 118000, Loss: 3.145e-05, l1: 0.984, l2: 0.01475, Time: 19.53
It: 119000, Loss: 9.178e-05, l1: 0.984, l2: 0.01478, Time: 19.53
It: 120000, Loss: 2.464e-05, l1: 0.984, l2: 0.01472, Time: 19.51
Model saved to models/Re100/Re100_120000.npz
It: 121000, Loss: 4.181e-05, l1: 0.984, l2: 0.01475, Time: 19.73
It: 122000, Loss: 3.118e-05, l1: 0.983, l2: 0.01468, Time: 19.68
It: 123000, Loss: 2.807e-05, l1: 0.984, l2: 0.01470, Time: 19.59
It: 124000, Loss: 3.190e-05, l1: 0.983, l2: 0.01475, Time: 19.60
It: 125000, Loss: 4.063e-05, l1: 0.983, l2: 0.01464, Time: 19.72
It: 126000, Loss: 3.468e-05, l1: 0.983, l2: 0.01466, Time: 19.55
It: 127000, Loss: 3.355e-05, l1: 0.983, l2: 0.01469, Time: 19.47
It: 128000, Loss: 3.410e-05, l1: 0.983, l2: 0.01468, Time: 19.55
It: 129000, Loss: 2.528e-05, l1: 0.983, l2: 0.01468, Time: 19.64
It: 130000, Loss: 5.074e-05, l1: 0.982, l2: 0.01465, Time: 19.57
Model saved to models/Re100/Re100_130000.npz
It: 131000, Loss: 2.478e-05, l1: 0.982, l2: 0.01467, Time: 19.54
It: 132000, Loss: 2.896e-05, l1: 0.982, l2: 0.01465, Time: 19.63
It: 133000, Loss: 7.263e-05, l1: 0.982, l2: 0.01470, Time: 19.44
It: 134000, Loss: 2.451e-05, l1: 0.982, l2: 0.01467, Time: 19.57
It: 135000, Loss: 2.426e-05, l1: 0.981, l2: 0.01465, Time: 19.52
It: 136000, Loss: 2.825e-05, l1: 0.981, l2: 0.01466, Time: 19.46
It: 137000, Loss: 2.438e-05, l1: 0.981, l2: 0.01463, Time: 19.46
It: 138000, Loss: 4.356e-05, l1: 0.981, l2: 0.01464, Time: 19.45
It: 139000, Loss: 3.017e-05, l1: 0.981, l2: 0.01460, Time: 19.52
It: 140000, Loss: 2.892e-05, l1: 0.981, l2: 0.01457, Time: 19.52
Model saved to models/Re100/Re100_140000.npz
It: 141000, Loss: 3.378e-05, l1: 0.980, l2: 0.01459, Time: 19.58
It: 142000, Loss: 2.438e-05, l1: 0.980, l2: 0.01460, Time: 19.58
It: 143000, Loss: 5.657e-05, l1: 0.980, l2: 0.01454, Time: 19.51
It: 144000, Loss: 4.699e-05, l1: 0.980, l2: 0.01455, Time: 19.50
It: 145000, Loss: 8.215e-05, l1: 0.980, l2: 0.01458, Time: 19.47
It: 146000, Loss: 2.404e-05, l1: 0.980, l2: 0.01456, Time: 19.48
It: 147000, Loss: 4.256e-05, l1: 0.979, l2: 0.01453, Time: 19.59
It: 148000, Loss: 3.878e-05, l1: 0.979, l2: 0.01456, Time: 19.65
It: 149000, Loss: 2.367e-05, l1: 0.979, l2: 0.01454, Time: 19.63
It: 150000, Loss: 3.614e-05, l1: 0.979, l2: 0.01454, Time: 19.56
Model saved to models/Re100/Re100_150000.npz
It: 151000, Loss: 2.378e-05, l1: 0.979, l2: 0.01454, Time: 19.55
It: 152000, Loss: 3.672e-05, l1: 0.978, l2: 0.01451, Time: 19.54
It: 153000, Loss: 1.612e-04, l1: 0.978, l2: 0.01458, Time: 19.53
It: 154000, Loss: 2.321e-05, l1: 0.978, l2: 0.01450, Time: 19.74
It: 155000, Loss: 2.364e-05, l1: 0.978, l2: 0.01449, Time: 19.63
It: 156000, Loss: 2.712e-05, l1: 0.978, l2: 0.01450, Time: 19.51
It: 157000, Loss: 2.954e-05, l1: 0.978, l2: 0.01448, Time: 19.53
It: 158000, Loss: 2.321e-05, l1: 0.977, l2: 0.01450, Time: 19.49
It: 159000, Loss: 7.019e-05, l1: 0.977, l2: 0.01448, Time: 19.51
It: 160000, Loss: 2.534e-05, l1: 0.977, l2: 0.01445, Time: 19.50
Model saved to models/Re100/Re100_160000.npz
It: 161000, Loss: 8.662e-05, l1: 0.977, l2: 0.01446, Time: 19.53
It: 162000, Loss: 7.259e-05, l1: 0.977, l2: 0.01445, Time: 19.50
It: 163000, Loss: 2.387e-05, l1: 0.977, l2: 0.01445, Time: 19.68
It: 164000, Loss: 5.487e-05, l1: 0.977, l2: 0.01436, Time: 19.48
It: 165000, Loss: 6.982e-05, l1: 0.976, l2: 0.01436, Time: 19.54
It: 166000, Loss: 5.121e-05, l1: 0.976, l2: 0.01451, Time: 19.48
It: 167000, Loss: 3.255e-05, l1: 0.976, l2: 0.01439, Time: 19.47
It: 168000, Loss: 2.668e-05, l1: 0.976, l2: 0.01439, Time: 19.48
It: 169000, Loss: 2.413e-05, l1: 0.976, l2: 0.01440, Time: 19.47
It: 170000, Loss: 3.170e-05, l1: 0.976, l2: 0.01437, Time: 19.47
Model saved to models/Re100/Re100_170000.npz
It: 171000, Loss: 2.222e-05, l1: 0.975, l2: 0.01438, Time: 19.46
It: 172000, Loss: 3.057e-05, l1: 0.975, l2: 0.01439, Time: 19.54
It: 173000, Loss: 2.226e-05, l1: 0.975, l2: 0.01434, Time: 19.43
It: 174000, Loss: 2.395e-05, l1: 0.975, l2: 0.01436, Time: 19.51
It: 175000, Loss: 4.679e-05, l1: 0.975, l2: 0.01429, Time: 19.51
It: 176000, Loss: 3.739e-05, l1: 0.975, l2: 0.01435, Time: 19.50
It: 177000, Loss: 3.473e-05, l1: 0.974, l2: 0.01431, Time: 19.51
It: 178000, Loss: 2.588e-05, l1: 0.975, l2: 0.01434, Time: 19.49
It: 179000, Loss: 2.740e-05, l1: 0.974, l2: 0.01429, Time: 19.46
It: 180000, Loss: 4.760e-05, l1: 0.974, l2: 0.01433, Time: 19.55
Model saved to models/Re100/Re100_180000.npz
It: 181000, Loss: 2.227e-05, l1: 0.974, l2: 0.01430, Time: 19.63
It: 182000, Loss: 2.305e-05, l1: 0.974, l2: 0.01427, Time: 19.59
It: 183000, Loss: 5.876e-05, l1: 0.974, l2: 0.01427, Time: 19.71
It: 184000, Loss: 2.216e-05, l1: 0.974, l2: 0.01426, Time: 19.64
It: 185000, Loss: 2.247e-05, l1: 0.974, l2: 0.01425, Time: 19.57
It: 186000, Loss: 2.544e-05, l1: 0.973, l2: 0.01425, Time: 19.59
It: 187000, Loss: 3.831e-05, l1: 0.973, l2: 0.01418, Time: 19.56
It: 188000, Loss: 2.200e-05, l1: 0.973, l2: 0.01423, Time: 19.50
It: 189000, Loss: 2.346e-05, l1: 0.973, l2: 0.01422, Time: 19.49
It: 190000, Loss: 2.237e-05, l1: 0.973, l2: 0.01421, Time: 19.48
Model saved to models/Re100/Re100_190000.npz
It: 191000, Loss: 3.517e-05, l1: 0.973, l2: 0.01422, Time: 19.52
It: 192000, Loss: 6.732e-05, l1: 0.973, l2: 0.01420, Time: 19.49
It: 193000, Loss: 6.428e-05, l1: 0.972, l2: 0.01410, Time: 19.56
It: 194000, Loss: 2.582e-05, l1: 0.972, l2: 0.01419, Time: 19.55
It: 195000, Loss: 4.040e-05, l1: 0.972, l2: 0.01414, Time: 19.59
It: 196000, Loss: 2.231e-05, l1: 0.972, l2: 0.01417, Time: 19.59
It: 197000, Loss: 3.883e-05, l1: 0.972, l2: 0.01413, Time: 19.52
It: 198000, Loss: 4.854e-05, l1: 0.971, l2: 0.01415, Time: 19.47
It: 199000, Loss: 3.720e-05, l1: 0.972, l2: 0.01416, Time: 19.48
Loss history plot saved to plots/Re100_50000_TL150_200000//Re100_50000_TL150_loss_hist.png
Lambda history plot saved to plots/Re100_50000_TL150_200000//Re100_TLwcp150_lambda_hist.png
Model Training Complete for 200000 iterations
Model saved to models/Re100_TLwcp150_[1, 2]//Re100_50000_TL150_200000.npz
Model Re100_50000.npz processed successfully.
Processing model: models/Re100/Re100_60000.npz
Model loaded from models/Re100/Re100_60000.npz
Frozen Layers: [1, 2]
Training Model...
It: 0, Loss: 5.491e-02, l1: 0.996, l2: 0.01567, Time: 10.12
It: 1000, Loss: 1.757e-04, l1: 1.003, l2: 0.01908, Time: 19.72
It: 2000, Loss: 1.084e-04, l1: 0.996, l2: 0.01651, Time: 19.56
It: 3000, Loss: 8.274e-05, l1: 0.991, l2: 0.01521, Time: 19.64
It: 4000, Loss: 6.845e-05, l1: 0.987, l2: 0.01452, Time: 19.52
It: 5000, Loss: 6.103e-05, l1: 0.984, l2: 0.01415, Time: 19.62
It: 6000, Loss: 5.799e-05, l1: 0.981, l2: 0.01393, Time: 19.53
It: 7000, Loss: 1.566e-04, l1: 0.978, l2: 0.01383, Time: 19.60
It: 8000, Loss: 9.850e-05, l1: 0.976, l2: 0.01369, Time: 19.53
It: 9000, Loss: 4.728e-05, l1: 0.973, l2: 0.01369, Time: 19.61
It: 10000, Loss: 9.592e-05, l1: 0.971, l2: 0.01373, Time: 19.51
Model saved to models/Re100/Re100_10000.npz
It: 11000, Loss: 5.720e-05, l1: 0.970, l2: 0.01363, Time: 19.56
It: 12000, Loss: 4.585e-05, l1: 0.968, l2: 0.01368, Time: 19.55
It: 13000, Loss: 6.070e-05, l1: 0.966, l2: 0.01367, Time: 19.52
It: 14000, Loss: 4.734e-05, l1: 0.965, l2: 0.01364, Time: 19.52
It: 15000, Loss: 4.033e-05, l1: 0.963, l2: 0.01370, Time: 19.59
It: 16000, Loss: 3.882e-05, l1: 0.962, l2: 0.01371, Time: 19.59
It: 17000, Loss: 4.075e-05, l1: 0.961, l2: 0.01369, Time: 19.64
It: 18000, Loss: 4.039e-05, l1: 0.960, l2: 0.01374, Time: 19.52
It: 19000, Loss: 4.202e-05, l1: 0.959, l2: 0.01372, Time: 19.65
It: 20000, Loss: 1.077e-04, l1: 0.958, l2: 0.01375, Time: 19.56
Model saved to models/Re100/Re100_20000.npz
It: 21000, Loss: 5.316e-05, l1: 0.957, l2: 0.01370, Time: 19.67
It: 22000, Loss: 5.963e-05, l1: 0.956, l2: 0.01383, Time: 19.49
It: 23000, Loss: 7.205e-05, l1: 0.955, l2: 0.01378, Time: 19.60
It: 24000, Loss: 5.611e-05, l1: 0.954, l2: 0.01379, Time: 19.57
It: 25000, Loss: 7.407e-05, l1: 0.953, l2: 0.01377, Time: 19.57
It: 26000, Loss: 4.993e-05, l1: 0.952, l2: 0.01378, Time: 19.61
It: 27000, Loss: 5.685e-05, l1: 0.951, l2: 0.01380, Time: 19.62
It: 28000, Loss: 3.490e-05, l1: 0.951, l2: 0.01382, Time: 19.62
It: 29000, Loss: 3.863e-05, l1: 0.950, l2: 0.01385, Time: 19.50
It: 30000, Loss: 6.168e-05, l1: 0.949, l2: 0.01382, Time: 19.52
Model saved to models/Re100/Re100_30000.npz
It: 31000, Loss: 3.270e-05, l1: 0.948, l2: 0.01387, Time: 19.55
It: 32000, Loss: 3.965e-05, l1: 0.948, l2: 0.01384, Time: 19.50
It: 33000, Loss: 4.936e-05, l1: 0.947, l2: 0.01387, Time: 19.65
It: 34000, Loss: 3.209e-05, l1: 0.946, l2: 0.01390, Time: 19.50
It: 35000, Loss: 4.154e-05, l1: 0.945, l2: 0.01387, Time: 19.56
It: 36000, Loss: 3.274e-05, l1: 0.945, l2: 0.01390, Time: 19.52
It: 37000, Loss: 6.571e-05, l1: 0.944, l2: 0.01390, Time: 19.62
It: 38000, Loss: 8.822e-05, l1: 0.943, l2: 0.01392, Time: 19.53
It: 39000, Loss: 3.099e-05, l1: 0.943, l2: 0.01389, Time: 19.64
It: 40000, Loss: 3.895e-05, l1: 0.942, l2: 0.01393, Time: 19.75
Model saved to models/Re100/Re100_40000.npz
It: 41000, Loss: 3.105e-05, l1: 0.942, l2: 0.01390, Time: 19.56
It: 42000, Loss: 4.973e-05, l1: 0.941, l2: 0.01394, Time: 19.60
It: 43000, Loss: 3.234e-05, l1: 0.940, l2: 0.01391, Time: 19.48
It: 44000, Loss: 3.111e-05, l1: 0.940, l2: 0.01394, Time: 19.56
It: 45000, Loss: 2.955e-05, l1: 0.939, l2: 0.01392, Time: 19.56
It: 46000, Loss: 5.776e-05, l1: 0.939, l2: 0.01392, Time: 19.53
It: 47000, Loss: 3.202e-05, l1: 0.938, l2: 0.01394, Time: 19.54
It: 48000, Loss: 3.960e-05, l1: 0.937, l2: 0.01392, Time: 19.60
It: 49000, Loss: 7.816e-05, l1: 0.937, l2: 0.01393, Time: 19.54
It: 50000, Loss: 2.794e-05, l1: 0.936, l2: 0.01395, Time: 19.55
Model saved to models/Re100/Re100_50000.npz
It: 51000, Loss: 1.062e-04, l1: 0.936, l2: 0.01396, Time: 19.59
It: 52000, Loss: 4.071e-05, l1: 0.935, l2: 0.01394, Time: 19.56
It: 53000, Loss: 1.173e-04, l1: 0.935, l2: 0.01397, Time: 19.56
It: 54000, Loss: 3.464e-05, l1: 0.934, l2: 0.01396, Time: 19.67
It: 55000, Loss: 3.597e-05, l1: 0.934, l2: 0.01395, Time: 19.52
It: 56000, Loss: 2.845e-05, l1: 0.933, l2: 0.01394, Time: 19.84
It: 57000, Loss: 2.851e-05, l1: 0.933, l2: 0.01395, Time: 19.58
It: 58000, Loss: 8.241e-05, l1: 0.932, l2: 0.01389, Time: 19.57
It: 59000, Loss: 2.862e-05, l1: 0.932, l2: 0.01394, Time: 19.60
It: 60000, Loss: 3.126e-05, l1: 0.931, l2: 0.01396, Time: 19.67
Model saved to models/Re100/Re100_60000.npz
It: 61000, Loss: 2.979e-05, l1: 0.931, l2: 0.01392, Time: 19.52
It: 62000, Loss: 4.915e-05, l1: 0.930, l2: 0.01393, Time: 19.71
It: 63000, Loss: 3.127e-05, l1: 0.930, l2: 0.01393, Time: 19.83
It: 64000, Loss: 3.841e-05, l1: 0.929, l2: 0.01391, Time: 19.55
It: 65000, Loss: 2.768e-05, l1: 0.929, l2: 0.01393, Time: 19.61
It: 66000, Loss: 5.226e-05, l1: 0.928, l2: 0.01387, Time: 19.63
It: 67000, Loss: 3.321e-05, l1: 0.928, l2: 0.01395, Time: 19.75
It: 68000, Loss: 3.397e-05, l1: 0.928, l2: 0.01388, Time: 19.74
It: 69000, Loss: 2.696e-05, l1: 0.927, l2: 0.01392, Time: 19.65
It: 70000, Loss: 4.284e-05, l1: 0.927, l2: 0.01389, Time: 19.53
Model saved to models/Re100/Re100_70000.npz
It: 71000, Loss: 2.700e-05, l1: 0.926, l2: 0.01391, Time: 19.70
It: 72000, Loss: 2.883e-05, l1: 0.926, l2: 0.01393, Time: 19.64
It: 73000, Loss: 3.314e-05, l1: 0.925, l2: 0.01390, Time: 19.62
It: 74000, Loss: 9.054e-05, l1: 0.925, l2: 0.01388, Time: 19.67
It: 75000, Loss: 4.196e-05, l1: 0.925, l2: 0.01389, Time: 19.66
It: 76000, Loss: 3.882e-05, l1: 0.924, l2: 0.01392, Time: 19.58
It: 77000, Loss: 2.943e-05, l1: 0.924, l2: 0.01391, Time: 19.51
It: 78000, Loss: 3.839e-05, l1: 0.923, l2: 0.01390, Time: 19.56
It: 79000, Loss: 5.692e-05, l1: 0.923, l2: 0.01393, Time: 19.66
It: 80000, Loss: 2.729e-05, l1: 0.922, l2: 0.01389, Time: 19.57
Model saved to models/Re100/Re100_80000.npz
It: 81000, Loss: 8.176e-05, l1: 0.922, l2: 0.01382, Time: 19.56
It: 82000, Loss: 3.661e-05, l1: 0.922, l2: 0.01386, Time: 19.58
It: 83000, Loss: 3.661e-05, l1: 0.921, l2: 0.01385, Time: 19.56
It: 84000, Loss: 2.784e-05, l1: 0.921, l2: 0.01388, Time: 19.50
It: 85000, Loss: 3.197e-05, l1: 0.921, l2: 0.01388, Time: 19.54
It: 86000, Loss: 5.288e-05, l1: 0.920, l2: 0.01390, Time: 19.58
It: 87000, Loss: 8.959e-05, l1: 0.920, l2: 0.01381, Time: 19.50
It: 88000, Loss: 2.875e-05, l1: 0.919, l2: 0.01381, Time: 19.63
It: 89000, Loss: 2.630e-05, l1: 0.919, l2: 0.01385, Time: 19.51
It: 90000, Loss: 2.992e-05, l1: 0.919, l2: 0.01382, Time: 19.62
Model saved to models/Re100/Re100_90000.npz
It: 91000, Loss: 2.453e-05, l1: 0.918, l2: 0.01382, Time: 19.65
It: 92000, Loss: 2.647e-05, l1: 0.918, l2: 0.01381, Time: 19.62
It: 93000, Loss: 4.622e-05, l1: 0.917, l2: 0.01377, Time: 19.76
It: 94000, Loss: 2.413e-05, l1: 0.917, l2: 0.01382, Time: 19.92
It: 95000, Loss: 5.360e-05, l1: 0.917, l2: 0.01378, Time: 19.66
It: 96000, Loss: 2.572e-05, l1: 0.916, l2: 0.01381, Time: 19.48
It: 97000, Loss: 3.900e-05, l1: 0.916, l2: 0.01383, Time: 19.56
It: 98000, Loss: 6.583e-05, l1: 0.916, l2: 0.01383, Time: 19.57
It: 99000, Loss: 3.566e-05, l1: 0.915, l2: 0.01377, Time: 19.59
It: 100000, Loss: 6.288e-05, l1: 0.915, l2: 0.01381, Time: 19.52
Model saved to models/Re100/Re100_100000.npz
It: 101000, Loss: 2.510e-05, l1: 0.915, l2: 0.01376, Time: 19.55
It: 102000, Loss: 3.401e-05, l1: 0.914, l2: 0.01376, Time: 19.56
It: 103000, Loss: 2.454e-05, l1: 0.914, l2: 0.01375, Time: 19.57
It: 104000, Loss: 5.594e-05, l1: 0.913, l2: 0.01379, Time: 19.61
It: 105000, Loss: 2.994e-05, l1: 0.913, l2: 0.01379, Time: 19.75
It: 106000, Loss: 3.382e-05, l1: 0.912, l2: 0.01374, Time: 19.65
It: 107000, Loss: 3.634e-05, l1: 0.912, l2: 0.01374, Time: 19.67
It: 108000, Loss: 2.608e-05, l1: 0.912, l2: 0.01374, Time: 19.63
It: 109000, Loss: 2.391e-05, l1: 0.912, l2: 0.01371, Time: 19.68
It: 110000, Loss: 2.865e-05, l1: 0.911, l2: 0.01372, Time: 19.57
Model saved to models/Re100/Re100_110000.npz
It: 111000, Loss: 2.379e-05, l1: 0.911, l2: 0.01370, Time: 19.55
It: 112000, Loss: 2.819e-05, l1: 0.911, l2: 0.01368, Time: 19.65
It: 113000, Loss: 2.422e-05, l1: 0.910, l2: 0.01369, Time: 19.59
It: 114000, Loss: 3.514e-05, l1: 0.910, l2: 0.01368, Time: 19.73
It: 115000, Loss: 3.000e-05, l1: 0.910, l2: 0.01370, Time: 19.66
It: 116000, Loss: 4.577e-05, l1: 0.909, l2: 0.01362, Time: 19.58
It: 117000, Loss: 2.927e-05, l1: 0.909, l2: 0.01366, Time: 19.61
It: 118000, Loss: 8.143e-05, l1: 0.909, l2: 0.01365, Time: 19.70
It: 119000, Loss: 3.169e-05, l1: 0.908, l2: 0.01362, Time: 19.62
It: 120000, Loss: 2.736e-05, l1: 0.908, l2: 0.01366, Time: 19.53
Model saved to models/Re100/Re100_120000.npz
It: 121000, Loss: 2.653e-05, l1: 0.908, l2: 0.01363, Time: 19.58
It: 122000, Loss: 2.383e-05, l1: 0.907, l2: 0.01364, Time: 19.52
It: 123000, Loss: 2.202e-05, l1: 0.907, l2: 0.01362, Time: 19.54
It: 124000, Loss: 3.680e-05, l1: 0.907, l2: 0.01360, Time: 19.57
It: 125000, Loss: 2.364e-05, l1: 0.906, l2: 0.01359, Time: 19.55
It: 126000, Loss: 3.810e-05, l1: 0.906, l2: 0.01358, Time: 19.53
It: 127000, Loss: 2.438e-05, l1: 0.906, l2: 0.01360, Time: 19.54
It: 128000, Loss: 3.543e-05, l1: 0.905, l2: 0.01357, Time: 19.55
It: 129000, Loss: 2.802e-05, l1: 0.905, l2: 0.01359, Time: 19.64
It: 130000, Loss: 5.701e-05, l1: 0.905, l2: 0.01354, Time: 19.77
Model saved to models/Re100/Re100_130000.npz
It: 131000, Loss: 7.334e-05, l1: 0.905, l2: 0.01358, Time: 19.56
It: 132000, Loss: 6.876e-05, l1: 0.904, l2: 0.01359, Time: 19.68
It: 133000, Loss: 3.382e-05, l1: 0.904, l2: 0.01358, Time: 19.62
It: 134000, Loss: 7.479e-05, l1: 0.904, l2: 0.01359, Time: 19.58
It: 135000, Loss: 2.944e-05, l1: 0.903, l2: 0.01357, Time: 19.55
It: 136000, Loss: 2.382e-05, l1: 0.903, l2: 0.01352, Time: 19.68
It: 137000, Loss: 2.472e-05, l1: 0.902, l2: 0.01352, Time: 19.66
It: 138000, Loss: 2.960e-05, l1: 0.902, l2: 0.01357, Time: 19.62
It: 139000, Loss: 2.993e-05, l1: 0.902, l2: 0.01350, Time: 19.63
It: 140000, Loss: 5.747e-05, l1: 0.902, l2: 0.01349, Time: 19.58
Model saved to models/Re100/Re100_140000.npz
It: 141000, Loss: 4.477e-05, l1: 0.901, l2: 0.01351, Time: 19.60
It: 142000, Loss: 2.886e-05, l1: 0.901, l2: 0.01351, Time: 19.61
It: 143000, Loss: 4.864e-05, l1: 0.901, l2: 0.01357, Time: 19.60
It: 144000, Loss: 5.574e-05, l1: 0.900, l2: 0.01349, Time: 19.59
It: 145000, Loss: 6.687e-05, l1: 0.900, l2: 0.01345, Time: 19.73
It: 146000, Loss: 4.974e-05, l1: 0.900, l2: 0.01342, Time: 19.70
It: 147000, Loss: 2.442e-05, l1: 0.899, l2: 0.01347, Time: 19.65
It: 148000, Loss: 4.075e-05, l1: 0.899, l2: 0.01342, Time: 19.60
It: 149000, Loss: 2.265e-05, l1: 0.899, l2: 0.01346, Time: 19.55
It: 150000, Loss: 3.956e-05, l1: 0.898, l2: 0.01351, Time: 19.41
Model saved to models/Re100/Re100_150000.npz
It: 151000, Loss: 2.058e-05, l1: 0.898, l2: 0.01344, Time: 19.49
It: 152000, Loss: 2.542e-05, l1: 0.898, l2: 0.01347, Time: 19.51
It: 153000, Loss: 4.683e-05, l1: 0.898, l2: 0.01343, Time: 19.48
It: 154000, Loss: 2.484e-05, l1: 0.897, l2: 0.01345, Time: 19.48
It: 155000, Loss: 2.514e-05, l1: 0.897, l2: 0.01343, Time: 19.48
It: 156000, Loss: 2.915e-05, l1: 0.897, l2: 0.01340, Time: 19.37
It: 157000, Loss: 2.216e-05, l1: 0.896, l2: 0.01342, Time: 19.39
It: 158000, Loss: 2.763e-05, l1: 0.896, l2: 0.01342, Time: 19.43
It: 159000, Loss: 2.507e-05, l1: 0.896, l2: 0.01340, Time: 19.40
It: 160000, Loss: 3.405e-05, l1: 0.895, l2: 0.01343, Time: 19.39
Model saved to models/Re100/Re100_160000.npz
It: 161000, Loss: 2.070e-05, l1: 0.895, l2: 0.01340, Time: 19.47
It: 162000, Loss: 2.044e-05, l1: 0.895, l2: 0.01339, Time: 19.59
It: 163000, Loss: 2.227e-05, l1: 0.894, l2: 0.01339, Time: 19.39
It: 164000, Loss: 2.058e-05, l1: 0.894, l2: 0.01338, Time: 19.44
It: 165000, Loss: 2.026e-05, l1: 0.894, l2: 0.01339, Time: 19.44
It: 166000, Loss: 2.310e-05, l1: 0.894, l2: 0.01335, Time: 19.42
It: 167000, Loss: 3.643e-05, l1: 0.893, l2: 0.01335, Time: 19.51
It: 168000, Loss: 2.190e-05, l1: 0.893, l2: 0.01338, Time: 19.54
It: 169000, Loss: 2.179e-05, l1: 0.893, l2: 0.01335, Time: 19.50
It: 170000, Loss: 6.986e-05, l1: 0.892, l2: 0.01331, Time: 19.52
Model saved to models/Re100/Re100_170000.npz
It: 171000, Loss: 4.068e-05, l1: 0.892, l2: 0.01341, Time: 19.56
It: 172000, Loss: 6.694e-05, l1: 0.892, l2: 0.01332, Time: 19.49
It: 173000, Loss: 2.979e-05, l1: 0.892, l2: 0.01331, Time: 19.52
It: 174000, Loss: 4.195e-05, l1: 0.891, l2: 0.01331, Time: 19.71
It: 175000, Loss: 2.403e-05, l1: 0.891, l2: 0.01336, Time: 19.81
It: 176000, Loss: 4.747e-05, l1: 0.891, l2: 0.01336, Time: 19.84
It: 177000, Loss: 5.599e-05, l1: 0.890, l2: 0.01334, Time: 20.22
It: 178000, Loss: 4.228e-05, l1: 0.890, l2: 0.01326, Time: 20.06
It: 179000, Loss: 2.706e-05, l1: 0.890, l2: 0.01331, Time: 19.84
It: 180000, Loss: 4.953e-05, l1: 0.890, l2: 0.01333, Time: 19.87
Model saved to models/Re100/Re100_180000.npz
It: 181000, Loss: 4.183e-05, l1: 0.889, l2: 0.01324, Time: 19.86
It: 182000, Loss: 5.158e-05, l1: 0.889, l2: 0.01327, Time: 19.87
It: 183000, Loss: 2.244e-05, l1: 0.889, l2: 0.01331, Time: 19.77
It: 184000, Loss: 5.184e-05, l1: 0.888, l2: 0.01324, Time: 19.78
It: 185000, Loss: 2.787e-05, l1: 0.888, l2: 0.01334, Time: 19.82
It: 186000, Loss: 4.849e-05, l1: 0.888, l2: 0.01332, Time: 19.86
It: 187000, Loss: 2.016e-05, l1: 0.887, l2: 0.01329, Time: 19.77
It: 188000, Loss: 2.587e-05, l1: 0.887, l2: 0.01329, Time: 19.81
It: 189000, Loss: 5.993e-05, l1: 0.887, l2: 0.01331, Time: 19.79
It: 190000, Loss: 2.594e-05, l1: 0.887, l2: 0.01325, Time: 19.78
Model saved to models/Re100/Re100_190000.npz
It: 191000, Loss: 3.836e-05, l1: 0.886, l2: 0.01330, Time: 19.80
It: 192000, Loss: 2.414e-05, l1: 0.886, l2: 0.01332, Time: 19.81
It: 193000, Loss: 2.649e-05, l1: 0.886, l2: 0.01326, Time: 19.80
It: 194000, Loss: 3.167e-05, l1: 0.886, l2: 0.01325, Time: 19.81
It: 195000, Loss: 2.478e-05, l1: 0.885, l2: 0.01329, Time: 19.79
It: 196000, Loss: 2.266e-05, l1: 0.885, l2: 0.01327, Time: 19.80
It: 197000, Loss: 3.798e-05, l1: 0.885, l2: 0.01329, Time: 19.82
It: 198000, Loss: 2.298e-05, l1: 0.884, l2: 0.01324, Time: 19.84
It: 199000, Loss: 4.298e-05, l1: 0.884, l2: 0.01321, Time: 19.77
Loss history plot saved to plots/Re100_60000_TL150_200000//Re100_60000_TL150_loss_hist.png
Lambda history plot saved to plots/Re100_60000_TL150_200000//Re100_TLwcp150_lambda_hist.png
Model Training Complete for 200000 iterations
Model saved to models/Re100_TLwcp150_[1, 2]//Re100_60000_TL150_200000.npz
Model Re100_60000.npz processed successfully.
Processing model: models/Re100/Re100_70000.npz
Model loaded from models/Re100/Re100_70000.npz
Frozen Layers: [1, 2]
Training Model...
It: 0, Loss: 3.820e-02, l1: 0.928, l2: 0.01289, Time: 10.64
It: 1000, Loss: 1.800e-04, l1: 0.887, l2: 0.00687, Time: 19.85
It: 2000, Loss: 7.762e-05, l1: 0.888, l2: 0.00722, Time: 19.88
It: 3000, Loss: 8.589e-05, l1: 0.892, l2: 0.00735, Time: 19.87
It: 4000, Loss: 5.605e-05, l1: 0.894, l2: 0.00743, Time: 19.84
It: 5000, Loss: 5.295e-05, l1: 0.896, l2: 0.00750, Time: 19.85
It: 6000, Loss: 4.362e-05, l1: 0.898, l2: 0.00751, Time: 19.89
It: 7000, Loss: 5.330e-05, l1: 0.899, l2: 0.00753, Time: 19.83
It: 8000, Loss: 3.855e-05, l1: 0.900, l2: 0.00750, Time: 19.85
It: 9000, Loss: 4.328e-05, l1: 0.899, l2: 0.00746, Time: 19.91
It: 10000, Loss: 4.183e-05, l1: 0.900, l2: 0.00748, Time: 19.87
Model saved to models/Re100/Re100_10000.npz
It: 11000, Loss: 5.023e-05, l1: 0.900, l2: 0.00740, Time: 19.85
It: 12000, Loss: 8.615e-05, l1: 0.900, l2: 0.00741, Time: 19.94
It: 13000, Loss: 3.353e-05, l1: 0.899, l2: 0.00736, Time: 19.87
It: 14000, Loss: 3.431e-05, l1: 0.899, l2: 0.00732, Time: 19.84
It: 15000, Loss: 4.801e-05, l1: 0.898, l2: 0.00731, Time: 19.88
It: 16000, Loss: 3.238e-05, l1: 0.898, l2: 0.00726, Time: 19.89
It: 17000, Loss: 3.514e-05, l1: 0.897, l2: 0.00721, Time: 19.88
It: 18000, Loss: 3.666e-05, l1: 0.897, l2: 0.00720, Time: 19.86
It: 19000, Loss: 3.473e-05, l1: 0.896, l2: 0.00716, Time: 19.84
It: 20000, Loss: 3.298e-05, l1: 0.896, l2: 0.00713, Time: 19.84
Model saved to models/Re100/Re100_20000.npz
It: 21000, Loss: 3.005e-05, l1: 0.895, l2: 0.00711, Time: 20.03
It: 22000, Loss: 3.037e-05, l1: 0.895, l2: 0.00708, Time: 20.15
It: 23000, Loss: 8.971e-05, l1: 0.894, l2: 0.00709, Time: 20.17
It: 24000, Loss: 2.848e-05, l1: 0.894, l2: 0.00704, Time: 20.08
It: 25000, Loss: 3.036e-05, l1: 0.893, l2: 0.00700, Time: 19.98
It: 26000, Loss: 3.830e-05, l1: 0.893, l2: 0.00699, Time: 20.18
It: 27000, Loss: 3.029e-05, l1: 0.893, l2: 0.00697, Time: 20.20
It: 28000, Loss: 3.293e-05, l1: 0.892, l2: 0.00695, Time: 20.13
It: 29000, Loss: 3.871e-05, l1: 0.892, l2: 0.00698, Time: 19.92
It: 30000, Loss: 2.729e-05, l1: 0.891, l2: 0.00691, Time: 19.85
Model saved to models/Re100/Re100_30000.npz
It: 31000, Loss: 2.885e-05, l1: 0.891, l2: 0.00690, Time: 19.92
It: 32000, Loss: 6.588e-05, l1: 0.890, l2: 0.00683, Time: 19.86
It: 33000, Loss: 3.203e-05, l1: 0.890, l2: 0.00686, Time: 19.85
It: 34000, Loss: 1.012e-04, l1: 0.890, l2: 0.00684, Time: 19.86
It: 35000, Loss: 5.987e-05, l1: 0.889, l2: 0.00686, Time: 19.82
It: 36000, Loss: 2.692e-05, l1: 0.889, l2: 0.00684, Time: 19.87
It: 37000, Loss: 2.689e-05, l1: 0.888, l2: 0.00682, Time: 19.85
It: 38000, Loss: 2.951e-05, l1: 0.888, l2: 0.00680, Time: 19.86
It: 39000, Loss: 2.755e-05, l1: 0.888, l2: 0.00682, Time: 19.87
It: 40000, Loss: 2.630e-05, l1: 0.887, l2: 0.00678, Time: 19.79
Model saved to models/Re100/Re100_40000.npz
It: 41000, Loss: 3.089e-05, l1: 0.887, l2: 0.00676, Time: 19.81
It: 42000, Loss: 2.851e-05, l1: 0.886, l2: 0.00676, Time: 19.81
It: 43000, Loss: 2.512e-05, l1: 0.886, l2: 0.00676, Time: 19.81
It: 44000, Loss: 2.794e-05, l1: 0.886, l2: 0.00675, Time: 19.81
It: 45000, Loss: 8.503e-05, l1: 0.885, l2: 0.00678, Time: 19.86
It: 46000, Loss: 2.531e-05, l1: 0.885, l2: 0.00673, Time: 19.77
It: 47000, Loss: 6.022e-05, l1: 0.885, l2: 0.00669, Time: 19.75
It: 48000, Loss: 4.022e-05, l1: 0.884, l2: 0.00670, Time: 19.81
It: 49000, Loss: 6.736e-05, l1: 0.884, l2: 0.00676, Time: 19.78
It: 50000, Loss: 2.689e-05, l1: 0.883, l2: 0.00672, Time: 19.77
Model saved to models/Re100/Re100_50000.npz
It: 51000, Loss: 3.227e-05, l1: 0.883, l2: 0.00669, Time: 19.80
It: 52000, Loss: 3.190e-05, l1: 0.883, l2: 0.00671, Time: 19.81
It: 53000, Loss: 6.545e-05, l1: 0.883, l2: 0.00673, Time: 19.78
It: 54000, Loss: 2.477e-05, l1: 0.882, l2: 0.00667, Time: 19.82
It: 55000, Loss: 2.380e-05, l1: 0.882, l2: 0.00667, Time: 19.86
It: 56000, Loss: 2.697e-05, l1: 0.882, l2: 0.00665, Time: 19.79
It: 57000, Loss: 3.412e-05, l1: 0.881, l2: 0.00666, Time: 19.83
It: 58000, Loss: 2.451e-05, l1: 0.881, l2: 0.00666, Time: 19.81
It: 59000, Loss: 3.077e-05, l1: 0.880, l2: 0.00664, Time: 19.84
It: 60000, Loss: 4.339e-05, l1: 0.880, l2: 0.00666, Time: 19.84
Model saved to models/Re100/Re100_60000.npz
It: 61000, Loss: 2.724e-05, l1: 0.880, l2: 0.00663, Time: 19.86
It: 62000, Loss: 2.356e-05, l1: 0.879, l2: 0.00665, Time: 19.80
It: 63000, Loss: 6.428e-05, l1: 0.879, l2: 0.00668, Time: 19.83
It: 64000, Loss: 4.512e-05, l1: 0.879, l2: 0.00663, Time: 19.82
It: 65000, Loss: 3.319e-05, l1: 0.878, l2: 0.00662, Time: 19.80
It: 66000, Loss: 2.306e-05, l1: 0.878, l2: 0.00661, Time: 19.81
It: 67000, Loss: 2.263e-05, l1: 0.878, l2: 0.00662, Time: 19.81
It: 68000, Loss: 2.623e-05, l1: 0.878, l2: 0.00663, Time: 19.88
It: 69000, Loss: 5.185e-05, l1: 0.877, l2: 0.00665, Time: 19.86
It: 70000, Loss: 3.731e-05, l1: 0.877, l2: 0.00663, Time: 19.85
Model saved to models/Re100/Re100_70000.npz
It: 71000, Loss: 2.986e-05, l1: 0.877, l2: 0.00658, Time: 19.80
It: 72000, Loss: 2.219e-05, l1: 0.876, l2: 0.00661, Time: 19.82
It: 73000, Loss: 2.461e-05, l1: 0.876, l2: 0.00661, Time: 19.81
It: 74000, Loss: 6.830e-05, l1: 0.876, l2: 0.00664, Time: 19.79
It: 75000, Loss: 2.727e-05, l1: 0.875, l2: 0.00659, Time: 19.80
It: 76000, Loss: 3.396e-05, l1: 0.875, l2: 0.00664, Time: 19.83
It: 77000, Loss: 2.206e-05, l1: 0.875, l2: 0.00661, Time: 19.82
It: 78000, Loss: 2.678e-05, l1: 0.874, l2: 0.00661, Time: 19.65
It: 79000, Loss: 8.601e-05, l1: 0.874, l2: 0.00654, Time: 19.69
It: 80000, Loss: 6.893e-05, l1: 0.874, l2: 0.00658, Time: 19.53
Model saved to models/Re100/Re100_80000.npz
It: 81000, Loss: 2.266e-05, l1: 0.874, l2: 0.00660, Time: 19.58
It: 82000, Loss: 2.211e-05, l1: 0.873, l2: 0.00660, Time: 19.78
It: 83000, Loss: 4.075e-05, l1: 0.873, l2: 0.00662, Time: 20.22
It: 84000, Loss: 2.504e-05, l1: 0.873, l2: 0.00658, Time: 20.11
It: 85000, Loss: 6.244e-05, l1: 0.873, l2: 0.00654, Time: 19.87
It: 86000, Loss: 3.450e-05, l1: 0.872, l2: 0.00660, Time: 19.79
It: 87000, Loss: 2.603e-05, l1: 0.872, l2: 0.00658, Time: 19.82
It: 88000, Loss: 3.393e-05, l1: 0.872, l2: 0.00657, Time: 19.82
It: 89000, Loss: 2.359e-05, l1: 0.871, l2: 0.00658, Time: 19.81
It: 90000, Loss: 3.096e-05, l1: 0.871, l2: 0.00661, Time: 19.84
Model saved to models/Re100/Re100_90000.npz
It: 91000, Loss: 2.584e-05, l1: 0.871, l2: 0.00658, Time: 19.87
It: 92000, Loss: 2.205e-05, l1: 0.870, l2: 0.00657, Time: 19.84
It: 93000, Loss: 2.218e-05, l1: 0.870, l2: 0.00657, Time: 19.82
It: 94000, Loss: 2.416e-05, l1: 0.870, l2: 0.00657, Time: 19.82
It: 95000, Loss: 1.516e-04, l1: 0.870, l2: 0.00668, Time: 19.81
It: 96000, Loss: 3.067e-05, l1: 0.870, l2: 0.00654, Time: 19.84
It: 97000, Loss: 3.716e-05, l1: 0.869, l2: 0.00660, Time: 19.86
It: 98000, Loss: 3.126e-05, l1: 0.869, l2: 0.00656, Time: 19.82
It: 99000, Loss: 2.562e-05, l1: 0.868, l2: 0.00658, Time: 19.85
It: 100000, Loss: 3.510e-05, l1: 0.869, l2: 0.00655, Time: 19.81
Model saved to models/Re100/Re100_100000.npz
It: 101000, Loss: 2.203e-05, l1: 0.868, l2: 0.00660, Time: 19.83
It: 102000, Loss: 2.210e-05, l1: 0.868, l2: 0.00658, Time: 19.75
It: 103000, Loss: 2.099e-05, l1: 0.868, l2: 0.00659, Time: 19.80
It: 104000, Loss: 2.892e-05, l1: 0.867, l2: 0.00659, Time: 19.54
It: 105000, Loss: 3.038e-05, l1: 0.867, l2: 0.00654, Time: 19.60
It: 106000, Loss: 2.112e-05, l1: 0.867, l2: 0.00660, Time: 19.67
It: 107000, Loss: 2.275e-05, l1: 0.867, l2: 0.00659, Time: 19.66
It: 108000, Loss: 6.130e-05, l1: 0.866, l2: 0.00663, Time: 19.65
It: 109000, Loss: 3.248e-05, l1: 0.866, l2: 0.00657, Time: 19.65
It: 110000, Loss: 3.090e-05, l1: 0.865, l2: 0.00658, Time: 19.63
Model saved to models/Re100/Re100_110000.npz
It: 111000, Loss: 3.581e-05, l1: 0.865, l2: 0.00658, Time: 19.73
It: 112000, Loss: 2.064e-05, l1: 0.865, l2: 0.00657, Time: 19.82
It: 113000, Loss: 4.651e-05, l1: 0.865, l2: 0.00661, Time: 19.89
It: 114000, Loss: 8.799e-05, l1: 0.865, l2: 0.00649, Time: 19.84
It: 115000, Loss: 6.433e-05, l1: 0.865, l2: 0.00663, Time: 19.59
It: 116000, Loss: 2.118e-05, l1: 0.864, l2: 0.00658, Time: 19.65
It: 117000, Loss: 3.480e-05, l1: 0.864, l2: 0.00662, Time: 19.68
It: 118000, Loss: 3.470e-05, l1: 0.864, l2: 0.00655, Time: 19.67
It: 119000, Loss: 4.170e-05, l1: 0.864, l2: 0.00654, Time: 19.64
It: 120000, Loss: 2.170e-05, l1: 0.863, l2: 0.00660, Time: 19.63
Model saved to models/Re100/Re100_120000.npz
It: 121000, Loss: 2.533e-05, l1: 0.863, l2: 0.00661, Time: 19.78
It: 122000, Loss: 3.313e-05, l1: 0.863, l2: 0.00656, Time: 19.99
It: 123000, Loss: 1.987e-05, l1: 0.863, l2: 0.00659, Time: 20.19
It: 124000, Loss: 2.734e-05, l1: 0.862, l2: 0.00658, Time: 20.14
It: 125000, Loss: 7.102e-05, l1: 0.862, l2: 0.00656, Time: 20.00
It: 126000, Loss: 2.214e-05, l1: 0.862, l2: 0.00658, Time: 20.00
It: 127000, Loss: 2.046e-05, l1: 0.862, l2: 0.00661, Time: 19.88
It: 128000, Loss: 2.072e-05, l1: 0.861, l2: 0.00658, Time: 19.78
It: 129000, Loss: 3.477e-05, l1: 0.861, l2: 0.00658, Time: 19.79
It: 130000, Loss: 5.328e-05, l1: 0.861, l2: 0.00662, Time: 19.82
Model saved to models/Re100/Re100_130000.npz
It: 131000, Loss: 5.098e-05, l1: 0.861, l2: 0.00651, Time: 20.01
It: 132000, Loss: 2.665e-05, l1: 0.860, l2: 0.00662, Time: 20.12
It: 133000, Loss: 2.730e-05, l1: 0.860, l2: 0.00665, Time: 19.95
It: 134000, Loss: 2.339e-05, l1: 0.860, l2: 0.00659, Time: 20.08
It: 135000, Loss: 2.167e-05, l1: 0.860, l2: 0.00660, Time: 20.21
It: 136000, Loss: 2.691e-05, l1: 0.860, l2: 0.00658, Time: 20.21
It: 137000, Loss: 1.907e-05, l1: 0.859, l2: 0.00661, Time: 20.22
It: 138000, Loss: 2.049e-05, l1: 0.859, l2: 0.00660, Time: 20.25
It: 139000, Loss: 7.425e-05, l1: 0.859, l2: 0.00654, Time: 20.19
It: 140000, Loss: 2.949e-05, l1: 0.859, l2: 0.00660, Time: 20.19
Model saved to models/Re100/Re100_140000.npz
It: 141000, Loss: 2.922e-05, l1: 0.858, l2: 0.00662, Time: 20.18
It: 142000, Loss: 2.458e-05, l1: 0.858, l2: 0.00658, Time: 20.17
It: 143000, Loss: 3.134e-05, l1: 0.858, l2: 0.00661, Time: 20.17
It: 144000, Loss: 3.004e-05, l1: 0.858, l2: 0.00660, Time: 20.20
It: 145000, Loss: 2.048e-05, l1: 0.858, l2: 0.00660, Time: 20.15
It: 146000, Loss: 2.022e-05, l1: 0.857, l2: 0.00663, Time: 20.18
It: 147000, Loss: 1.905e-05, l1: 0.857, l2: 0.00661, Time: 20.18
It: 148000, Loss: 2.642e-05, l1: 0.857, l2: 0.00661, Time: 20.15
It: 149000, Loss: 1.846e-05, l1: 0.857, l2: 0.00661, Time: 20.19
It: 150000, Loss: 2.039e-05, l1: 0.856, l2: 0.00662, Time: 20.19
Model saved to models/Re100/Re100_150000.npz
It: 151000, Loss: 1.870e-05, l1: 0.856, l2: 0.00663, Time: 20.19
It: 152000, Loss: 2.418e-05, l1: 0.856, l2: 0.00661, Time: 20.38
It: 153000, Loss: 1.825e-05, l1: 0.856, l2: 0.00661, Time: 20.24
It: 154000, Loss: 1.898e-05, l1: 0.856, l2: 0.00662, Time: 20.19
It: 155000, Loss: 1.837e-05, l1: 0.856, l2: 0.00662, Time: 20.18
It: 156000, Loss: 2.370e-05, l1: 0.855, l2: 0.00666, Time: 20.15
It: 157000, Loss: 2.777e-05, l1: 0.855, l2: 0.00663, Time: 20.12
It: 158000, Loss: 1.920e-05, l1: 0.855, l2: 0.00663, Time: 20.12
It: 159000, Loss: 3.730e-05, l1: 0.855, l2: 0.00664, Time: 20.14
It: 160000, Loss: 2.044e-05, l1: 0.854, l2: 0.00662, Time: 20.15
Model saved to models/Re100/Re100_160000.npz
It: 161000, Loss: 4.497e-05, l1: 0.854, l2: 0.00655, Time: 20.17
It: 162000, Loss: 1.867e-05, l1: 0.854, l2: 0.00663, Time: 20.15
It: 163000, Loss: 5.323e-05, l1: 0.854, l2: 0.00669, Time: 20.15
It: 164000, Loss: 5.317e-05, l1: 0.854, l2: 0.00662, Time: 20.16
It: 165000, Loss: 2.453e-05, l1: 0.853, l2: 0.00659, Time: 20.15
It: 166000, Loss: 6.867e-05, l1: 0.853, l2: 0.00670, Time: 20.14
It: 167000, Loss: 2.878e-05, l1: 0.853, l2: 0.00658, Time: 20.18
It: 168000, Loss: 1.919e-05, l1: 0.853, l2: 0.00664, Time: 20.13
It: 169000, Loss: 2.750e-05, l1: 0.852, l2: 0.00662, Time: 20.13
It: 170000, Loss: 2.900e-05, l1: 0.852, l2: 0.00667, Time: 20.13
Model saved to models/Re100/Re100_170000.npz
It: 171000, Loss: 4.506e-05, l1: 0.852, l2: 0.00667, Time: 20.16
It: 172000, Loss: 2.274e-05, l1: 0.852, l2: 0.00665, Time: 20.15
It: 173000, Loss: 7.307e-05, l1: 0.852, l2: 0.00670, Time: 20.15
It: 174000, Loss: 6.223e-05, l1: 0.852, l2: 0.00665, Time: 20.14
It: 175000, Loss: 2.802e-05, l1: 0.851, l2: 0.00662, Time: 20.11
It: 176000, Loss: 1.742e-05, l1: 0.851, l2: 0.00664, Time: 20.16
It: 177000, Loss: 2.265e-05, l1: 0.851, l2: 0.00665, Time: 20.16
It: 178000, Loss: 4.677e-05, l1: 0.851, l2: 0.00669, Time: 20.16
It: 179000, Loss: 4.928e-05, l1: 0.850, l2: 0.00663, Time: 20.16
It: 180000, Loss: 1.890e-05, l1: 0.850, l2: 0.00664, Time: 20.19
Model saved to models/Re100/Re100_180000.npz
It: 181000, Loss: 1.812e-05, l1: 0.850, l2: 0.00666, Time: 20.15
It: 182000, Loss: 1.809e-05, l1: 0.850, l2: 0.00666, Time: 20.19
It: 183000, Loss: 1.747e-05, l1: 0.850, l2: 0.00666, Time: 20.15
It: 184000, Loss: 1.728e-05, l1: 0.849, l2: 0.00665, Time: 20.19
It: 185000, Loss: 3.169e-05, l1: 0.849, l2: 0.00664, Time: 20.15
It: 186000, Loss: 2.129e-05, l1: 0.849, l2: 0.00666, Time: 20.14
It: 187000, Loss: 2.861e-05, l1: 0.849, l2: 0.00668, Time: 20.15
It: 188000, Loss: 2.055e-05, l1: 0.849, l2: 0.00665, Time: 20.15
It: 189000, Loss: 3.580e-05, l1: 0.848, l2: 0.00667, Time: 20.17
It: 190000, Loss: 2.017e-05, l1: 0.848, l2: 0.00667, Time: 20.15
Model saved to models/Re100/Re100_190000.npz
It: 191000, Loss: 2.074e-05, l1: 0.848, l2: 0.00665, Time: 20.20
It: 192000, Loss: 5.869e-05, l1: 0.848, l2: 0.00668, Time: 20.22
It: 193000, Loss: 1.707e-05, l1: 0.848, l2: 0.00667, Time: 20.16
It: 194000, Loss: 1.990e-05, l1: 0.847, l2: 0.00667, Time: 20.16
It: 195000, Loss: 1.737e-05, l1: 0.847, l2: 0.00666, Time: 20.16
It: 196000, Loss: 1.796e-05, l1: 0.847, l2: 0.00668, Time: 20.21
It: 197000, Loss: 1.754e-05, l1: 0.847, l2: 0.00666, Time: 20.14
It: 198000, Loss: 2.430e-05, l1: 0.847, l2: 0.00669, Time: 20.19
It: 199000, Loss: 1.995e-05, l1: 0.846, l2: 0.00667, Time: 20.18
Loss history plot saved to plots/Re100_70000_TL150_200000//Re100_70000_TL150_loss_hist.png
Lambda history plot saved to plots/Re100_70000_TL150_200000//Re100_TLwcp150_lambda_hist.png
Model Training Complete for 200000 iterations
Model saved to models/Re100_TLwcp150_[1, 2]//Re100_70000_TL150_200000.npz
Model Re100_70000.npz processed successfully.
Processing model: models/Re100/Re100_80000.npz
Model loaded from models/Re100/Re100_80000.npz
Frozen Layers: [1, 2]
Training Model...
It: 0, Loss: 3.593e-02, l1: 0.875, l2: 0.00558, Time: 10.47
It: 1000, Loss: 1.552e-04, l1: 0.932, l2: 0.00524, Time: 20.23
It: 2000, Loss: 1.101e-04, l1: 0.933, l2: 0.00547, Time: 20.21
It: 3000, Loss: 7.151e-05, l1: 0.932, l2: 0.00559, Time: 20.18
It: 4000, Loss: 5.995e-05, l1: 0.930, l2: 0.00564, Time: 20.20
It: 5000, Loss: 5.303e-05, l1: 0.928, l2: 0.00571, Time: 20.19
It: 6000, Loss: 4.842e-05, l1: 0.927, l2: 0.00581, Time: 20.18
It: 7000, Loss: 4.508e-05, l1: 0.925, l2: 0.00589, Time: 20.20
It: 8000, Loss: 1.136e-04, l1: 0.924, l2: 0.00606, Time: 20.20
It: 9000, Loss: 3.658e-05, l1: 0.922, l2: 0.00606, Time: 20.20
It: 10000, Loss: 4.805e-05, l1: 0.921, l2: 0.00611, Time: 20.20
Model saved to models/Re100/Re100_10000.npz
It: 11000, Loss: 3.409e-05, l1: 0.920, l2: 0.00620, Time: 20.23
It: 12000, Loss: 6.310e-05, l1: 0.920, l2: 0.00627, Time: 20.21
It: 13000, Loss: 3.250e-05, l1: 0.919, l2: 0.00630, Time: 20.21
It: 14000, Loss: 8.240e-05, l1: 0.918, l2: 0.00635, Time: 20.19
It: 15000, Loss: 6.475e-05, l1: 0.917, l2: 0.00640, Time: 20.20
It: 16000, Loss: 3.280e-05, l1: 0.916, l2: 0.00641, Time: 20.19
It: 17000, Loss: 4.775e-05, l1: 0.916, l2: 0.00641, Time: 20.19
It: 18000, Loss: 2.834e-05, l1: 0.915, l2: 0.00644, Time: 20.17
It: 19000, Loss: 2.950e-05, l1: 0.914, l2: 0.00646, Time: 20.17
It: 20000, Loss: 3.615e-05, l1: 0.914, l2: 0.00649, Time: 20.19
Model saved to models/Re100/Re100_20000.npz
It: 21000, Loss: 4.442e-05, l1: 0.913, l2: 0.00646, Time: 20.20
It: 22000, Loss: 3.736e-05, l1: 0.913, l2: 0.00648, Time: 20.19
It: 23000, Loss: 2.960e-05, l1: 0.912, l2: 0.00650, Time: 20.18
It: 24000, Loss: 3.593e-05, l1: 0.912, l2: 0.00652, Time: 20.20
It: 25000, Loss: 2.951e-05, l1: 0.912, l2: 0.00650, Time: 20.19
It: 26000, Loss: 3.817e-05, l1: 0.911, l2: 0.00651, Time: 20.22
It: 27000, Loss: 9.083e-05, l1: 0.911, l2: 0.00651, Time: 20.18
It: 28000, Loss: 3.762e-05, l1: 0.910, l2: 0.00658, Time: 20.15
It: 29000, Loss: 5.967e-05, l1: 0.910, l2: 0.00654, Time: 20.17
It: 30000, Loss: 2.512e-05, l1: 0.910, l2: 0.00653, Time: 20.18
Model saved to models/Re100/Re100_30000.npz
It: 31000, Loss: 7.670e-05, l1: 0.909, l2: 0.00649, Time: 20.18
It: 32000, Loss: 3.667e-05, l1: 0.909, l2: 0.00653, Time: 20.18
It: 33000, Loss: 5.411e-05, l1: 0.909, l2: 0.00652, Time: 20.18
It: 34000, Loss: 4.031e-05, l1: 0.908, l2: 0.00659, Time: 20.17
It: 35000, Loss: 2.593e-05, l1: 0.908, l2: 0.00653, Time: 20.16
It: 36000, Loss: 4.404e-05, l1: 0.908, l2: 0.00655, Time: 20.15
It: 37000, Loss: 3.667e-05, l1: 0.907, l2: 0.00647, Time: 20.19
It: 38000, Loss: 2.490e-05, l1: 0.907, l2: 0.00653, Time: 20.18
It: 39000, Loss: 2.793e-05, l1: 0.906, l2: 0.00653, Time: 20.23
It: 40000, Loss: 2.713e-05, l1: 0.906, l2: 0.00649, Time: 20.20
Model saved to models/Re100/Re100_40000.npz
It: 41000, Loss: 3.184e-05, l1: 0.906, l2: 0.00648, Time: 20.19
It: 42000, Loss: 5.606e-05, l1: 0.906, l2: 0.00656, Time: 20.20
It: 43000, Loss: 3.874e-05, l1: 0.905, l2: 0.00657, Time: 20.18
It: 44000, Loss: 2.860e-05, l1: 0.905, l2: 0.00654, Time: 20.17
It: 45000, Loss: 2.916e-05, l1: 0.905, l2: 0.00649, Time: 20.16
It: 46000, Loss: 4.396e-05, l1: 0.905, l2: 0.00652, Time: 20.16
It: 47000, Loss: 2.284e-05, l1: 0.904, l2: 0.00653, Time: 20.16
It: 48000, Loss: 2.239e-05, l1: 0.904, l2: 0.00653, Time: 20.18
It: 49000, Loss: 5.299e-05, l1: 0.904, l2: 0.00654, Time: 20.21
It: 50000, Loss: 2.231e-05, l1: 0.904, l2: 0.00652, Time: 20.20
Model saved to models/Re100/Re100_50000.npz
It: 51000, Loss: 2.301e-05, l1: 0.903, l2: 0.00653, Time: 20.24
It: 52000, Loss: 9.856e-05, l1: 0.903, l2: 0.00660, Time: 20.20
It: 53000, Loss: 2.363e-05, l1: 0.903, l2: 0.00658, Time: 20.18
It: 54000, Loss: 2.382e-05, l1: 0.902, l2: 0.00657, Time: 20.18
It: 55000, Loss: 2.162e-05, l1: 0.902, l2: 0.00657, Time: 20.20
It: 56000, Loss: 2.815e-05, l1: 0.902, l2: 0.00656, Time: 20.18
It: 57000, Loss: 3.685e-05, l1: 0.902, l2: 0.00656, Time: 20.22
It: 58000, Loss: 2.603e-05, l1: 0.901, l2: 0.00659, Time: 20.20
It: 59000, Loss: 5.123e-05, l1: 0.901, l2: 0.00660, Time: 20.19
It: 60000, Loss: 3.314e-05, l1: 0.901, l2: 0.00664, Time: 20.18
Model saved to models/Re100/Re100_60000.npz
It: 61000, Loss: 2.575e-05, l1: 0.901, l2: 0.00660, Time: 20.19
It: 62000, Loss: 2.094e-05, l1: 0.900, l2: 0.00661, Time: 20.17
It: 63000, Loss: 3.317e-05, l1: 0.900, l2: 0.00661, Time: 20.16
It: 64000, Loss: 2.270e-05, l1: 0.900, l2: 0.00663, Time: 20.15
It: 65000, Loss: 2.047e-05, l1: 0.900, l2: 0.00664, Time: 20.14
It: 66000, Loss: 6.049e-05, l1: 0.899, l2: 0.00661, Time: 20.16
It: 67000, Loss: 2.264e-05, l1: 0.899, l2: 0.00665, Time: 20.15
It: 68000, Loss: 2.480e-05, l1: 0.899, l2: 0.00668, Time: 20.18
It: 69000, Loss: 2.294e-05, l1: 0.899, l2: 0.00667, Time: 20.20
It: 70000, Loss: 2.214e-05, l1: 0.898, l2: 0.00668, Time: 20.19
Model saved to models/Re100/Re100_70000.npz
It: 71000, Loss: 2.640e-05, l1: 0.898, l2: 0.00670, Time: 20.22
It: 72000, Loss: 4.292e-05, l1: 0.898, l2: 0.00670, Time: 20.18
It: 73000, Loss: 7.328e-05, l1: 0.898, l2: 0.00676, Time: 20.18
It: 74000, Loss: 2.841e-05, l1: 0.897, l2: 0.00671, Time: 20.18
It: 75000, Loss: 6.040e-05, l1: 0.897, l2: 0.00675, Time: 20.17
It: 76000, Loss: 2.421e-05, l1: 0.897, l2: 0.00674, Time: 20.18
It: 77000, Loss: 5.400e-05, l1: 0.897, l2: 0.00674, Time: 20.17
It: 78000, Loss: 2.061e-05, l1: 0.896, l2: 0.00676, Time: 20.17
It: 79000, Loss: 1.630e-04, l1: 0.896, l2: 0.00684, Time: 20.19
It: 80000, Loss: 2.287e-05, l1: 0.896, l2: 0.00678, Time: 20.18
Model saved to models/Re100/Re100_80000.npz
It: 81000, Loss: 1.965e-05, l1: 0.896, l2: 0.00679, Time: 20.22
It: 82000, Loss: 2.178e-05, l1: 0.895, l2: 0.00681, Time: 20.19
It: 83000, Loss: 1.959e-05, l1: 0.895, l2: 0.00681, Time: 20.18
It: 84000, Loss: 2.741e-05, l1: 0.895, l2: 0.00684, Time: 20.20
It: 85000, Loss: 4.162e-05, l1: 0.895, l2: 0.00682, Time: 20.20
It: 86000, Loss: 1.992e-05, l1: 0.895, l2: 0.00684, Time: 20.18
It: 87000, Loss: 3.597e-05, l1: 0.894, l2: 0.00688, Time: 20.29
It: 88000, Loss: 8.069e-05, l1: 0.894, l2: 0.00694, Time: 20.16
It: 89000, Loss: 2.006e-05, l1: 0.894, l2: 0.00689, Time: 20.16
It: 90000, Loss: 4.654e-05, l1: 0.894, l2: 0.00694, Time: 20.17
Model saved to models/Re100/Re100_90000.npz
It: 91000, Loss: 2.733e-05, l1: 0.893, l2: 0.00688, Time: 20.18
It: 92000, Loss: 2.071e-05, l1: 0.893, l2: 0.00692, Time: 20.17
It: 93000, Loss: 2.257e-05, l1: 0.893, l2: 0.00690, Time: 20.18
It: 94000, Loss: 8.510e-05, l1: 0.893, l2: 0.00689, Time: 20.17
It: 95000, Loss: 1.877e-05, l1: 0.893, l2: 0.00694, Time: 20.15
It: 96000, Loss: 2.248e-05, l1: 0.892, l2: 0.00695, Time: 20.15
It: 97000, Loss: 8.299e-05, l1: 0.892, l2: 0.00693, Time: 20.16
It: 98000, Loss: 2.977e-05, l1: 0.892, l2: 0.00694, Time: 20.16
It: 99000, Loss: 2.090e-05, l1: 0.892, l2: 0.00695, Time: 20.16
It: 100000, Loss: 3.600e-05, l1: 0.891, l2: 0.00695, Time: 20.18
Model saved to models/Re100/Re100_100000.npz
It: 101000, Loss: 1.933e-05, l1: 0.891, l2: 0.00698, Time: 20.19
It: 102000, Loss: 7.809e-05, l1: 0.891, l2: 0.00698, Time: 20.16
It: 103000, Loss: 1.958e-05, l1: 0.891, l2: 0.00702, Time: 20.18
It: 104000, Loss: 1.863e-05, l1: 0.891, l2: 0.00701, Time: 20.19
It: 105000, Loss: 2.061e-05, l1: 0.891, l2: 0.00703, Time: 20.16
It: 106000, Loss: 3.234e-05, l1: 0.890, l2: 0.00704, Time: 20.17
It: 107000, Loss: 2.531e-05, l1: 0.890, l2: 0.00702, Time: 20.16
It: 108000, Loss: 2.384e-05, l1: 0.890, l2: 0.00706, Time: 20.16
It: 109000, Loss: 5.056e-05, l1: 0.890, l2: 0.00707, Time: 20.17
It: 110000, Loss: 1.942e-05, l1: 0.889, l2: 0.00706, Time: 20.14
Model saved to models/Re100/Re100_110000.npz
It: 111000, Loss: 5.411e-05, l1: 0.889, l2: 0.00705, Time: 20.18
It: 112000, Loss: 2.923e-05, l1: 0.889, l2: 0.00709, Time: 20.18
It: 113000, Loss: 1.912e-05, l1: 0.889, l2: 0.00711, Time: 20.19
It: 114000, Loss: 1.901e-05, l1: 0.889, l2: 0.00712, Time: 20.18
It: 115000, Loss: 2.555e-05, l1: 0.889, l2: 0.00711, Time: 20.17
It: 116000, Loss: 1.861e-05, l1: 0.888, l2: 0.00712, Time: 20.18
It: 117000, Loss: 2.238e-05, l1: 0.888, l2: 0.00714, Time: 20.17
It: 118000, Loss: 4.359e-05, l1: 0.888, l2: 0.00713, Time: 20.16
It: 119000, Loss: 1.938e-05, l1: 0.888, l2: 0.00713, Time: 20.17
It: 120000, Loss: 1.798e-05, l1: 0.888, l2: 0.00714, Time: 20.15
Model saved to models/Re100/Re100_120000.npz
It: 121000, Loss: 2.792e-05, l1: 0.888, l2: 0.00713, Time: 20.18
It: 122000, Loss: 5.697e-05, l1: 0.887, l2: 0.00719, Time: 20.17
It: 123000, Loss: 2.194e-05, l1: 0.887, l2: 0.00716, Time: 20.14
It: 124000, Loss: 3.338e-05, l1: 0.887, l2: 0.00709, Time: 20.17
It: 125000, Loss: 1.969e-05, l1: 0.887, l2: 0.00718, Time: 20.16
It: 126000, Loss: 1.485e-04, l1: 0.887, l2: 0.00713, Time: 20.13
It: 127000, Loss: 7.100e-05, l1: 0.886, l2: 0.00718, Time: 20.17
It: 128000, Loss: 2.062e-05, l1: 0.886, l2: 0.00719, Time: 20.17
It: 129000, Loss: 1.972e-05, l1: 0.886, l2: 0.00721, Time: 20.17
It: 130000, Loss: 2.066e-05, l1: 0.886, l2: 0.00719, Time: 20.16
Model saved to models/Re100/Re100_130000.npz
It: 131000, Loss: 3.983e-05, l1: 0.886, l2: 0.00723, Time: 20.15
It: 132000, Loss: 1.788e-05, l1: 0.886, l2: 0.00723, Time: 20.15
It: 133000, Loss: 3.130e-05, l1: 0.885, l2: 0.00718, Time: 20.18
It: 134000, Loss: 6.773e-05, l1: 0.885, l2: 0.00722, Time: 20.18
It: 135000, Loss: 2.670e-05, l1: 0.885, l2: 0.00720, Time: 20.17
It: 136000, Loss: 1.862e-05, l1: 0.885, l2: 0.00726, Time: 20.17
It: 137000, Loss: 2.689e-05, l1: 0.884, l2: 0.00726, Time: 20.19
It: 138000, Loss: 3.277e-05, l1: 0.885, l2: 0.00722, Time: 20.19
It: 139000, Loss: 2.960e-05, l1: 0.884, l2: 0.00732, Time: 20.18
It: 140000, Loss: 1.818e-05, l1: 0.884, l2: 0.00727, Time: 20.17
Model saved to models/Re100/Re100_140000.npz
It: 141000, Loss: 1.838e-05, l1: 0.884, l2: 0.00728, Time: 20.19
It: 142000, Loss: 2.813e-05, l1: 0.884, l2: 0.00730, Time: 20.17
It: 143000, Loss: 1.851e-05, l1: 0.884, l2: 0.00730, Time: 20.21
It: 144000, Loss: 4.349e-05, l1: 0.883, l2: 0.00731, Time: 20.14
It: 145000, Loss: 2.055e-05, l1: 0.883, l2: 0.00727, Time: 20.18
It: 146000, Loss: 2.234e-05, l1: 0.883, l2: 0.00730, Time: 20.16
It: 147000, Loss: 2.712e-05, l1: 0.883, l2: 0.00731, Time: 20.17
It: 148000, Loss: 3.175e-05, l1: 0.883, l2: 0.00730, Time: 20.19
It: 149000, Loss: 2.172e-05, l1: 0.883, l2: 0.00734, Time: 20.20
It: 150000, Loss: 2.897e-05, l1: 0.883, l2: 0.00740, Time: 20.16
Model saved to models/Re100/Re100_150000.npz
It: 151000, Loss: 2.124e-05, l1: 0.882, l2: 0.00730, Time: 20.15
It: 152000, Loss: 2.003e-05, l1: 0.882, l2: 0.00733, Time: 20.19
It: 153000, Loss: 2.561e-05, l1: 0.882, l2: 0.00736, Time: 20.17
It: 154000, Loss: 1.902e-05, l1: 0.882, l2: 0.00733, Time: 20.20
It: 155000, Loss: 1.730e-05, l1: 0.882, l2: 0.00733, Time: 20.17
It: 156000, Loss: 2.014e-05, l1: 0.882, l2: 0.00732, Time: 20.16
It: 157000, Loss: 2.145e-05, l1: 0.881, l2: 0.00736, Time: 20.17
It: 158000, Loss: 1.909e-05, l1: 0.881, l2: 0.00735, Time: 20.18
It: 159000, Loss: 2.680e-05, l1: 0.881, l2: 0.00733, Time: 20.17
It: 160000, Loss: 1.826e-05, l1: 0.881, l2: 0.00735, Time: 20.16
Model saved to models/Re100/Re100_160000.npz
It: 161000, Loss: 1.995e-05, l1: 0.881, l2: 0.00741, Time: 20.17
It: 162000, Loss: 2.288e-05, l1: 0.880, l2: 0.00738, Time: 20.14
It: 163000, Loss: 2.572e-05, l1: 0.881, l2: 0.00739, Time: 20.19
It: 164000, Loss: 2.279e-05, l1: 0.880, l2: 0.00739, Time: 20.20
It: 165000, Loss: 2.191e-05, l1: 0.880, l2: 0.00734, Time: 20.18
It: 166000, Loss: 1.642e-05, l1: 0.880, l2: 0.00737, Time: 20.18
It: 167000, Loss: 3.784e-05, l1: 0.880, l2: 0.00745, Time: 20.19
It: 168000, Loss: 1.997e-05, l1: 0.880, l2: 0.00736, Time: 20.15
It: 169000, Loss: 2.386e-05, l1: 0.879, l2: 0.00736, Time: 20.15
It: 170000, Loss: 8.406e-05, l1: 0.879, l2: 0.00739, Time: 20.17
Model saved to models/Re100/Re100_170000.npz
It: 171000, Loss: 1.881e-05, l1: 0.879, l2: 0.00740, Time: 20.23
It: 172000, Loss: 2.289e-05, l1: 0.879, l2: 0.00738, Time: 20.17
It: 173000, Loss: 1.597e-05, l1: 0.879, l2: 0.00742, Time: 20.19
It: 174000, Loss: 1.900e-05, l1: 0.879, l2: 0.00742, Time: 20.19
It: 175000, Loss: 2.625e-05, l1: 0.878, l2: 0.00739, Time: 20.19
It: 176000, Loss: 1.865e-05, l1: 0.878, l2: 0.00741, Time: 20.20
It: 177000, Loss: 1.581e-05, l1: 0.878, l2: 0.00741, Time: 20.19
It: 178000, Loss: 3.163e-05, l1: 0.878, l2: 0.00743, Time: 20.16
It: 179000, Loss: 2.303e-05, l1: 0.878, l2: 0.00737, Time: 20.16
It: 180000, Loss: 4.548e-05, l1: 0.878, l2: 0.00735, Time: 20.16
Model saved to models/Re100/Re100_180000.npz
It: 181000, Loss: 2.340e-05, l1: 0.877, l2: 0.00741, Time: 20.13
It: 182000, Loss: 3.234e-05, l1: 0.877, l2: 0.00737, Time: 20.15
It: 183000, Loss: 3.897e-05, l1: 0.877, l2: 0.00738, Time: 20.14
It: 184000, Loss: 3.853e-05, l1: 0.877, l2: 0.00740, Time: 20.14
It: 185000, Loss: 2.779e-05, l1: 0.877, l2: 0.00744, Time: 20.16
It: 186000, Loss: 2.171e-05, l1: 0.877, l2: 0.00746, Time: 20.15
It: 187000, Loss: 3.165e-05, l1: 0.877, l2: 0.00743, Time: 20.16
It: 188000, Loss: 1.577e-05, l1: 0.876, l2: 0.00744, Time: 20.17
It: 189000, Loss: 1.666e-05, l1: 0.876, l2: 0.00743, Time: 20.17
It: 190000, Loss: 7.359e-05, l1: 0.876, l2: 0.00750, Time: 20.15
Model saved to models/Re100/Re100_190000.npz
It: 191000, Loss: 2.637e-05, l1: 0.876, l2: 0.00743, Time: 20.16
It: 192000, Loss: 2.734e-05, l1: 0.876, l2: 0.00741, Time: 20.18
It: 193000, Loss: 3.552e-05, l1: 0.876, l2: 0.00740, Time: 20.19
It: 194000, Loss: 1.657e-05, l1: 0.876, l2: 0.00744, Time: 20.20
It: 195000, Loss: 3.191e-05, l1: 0.875, l2: 0.00743, Time: 20.19
It: 196000, Loss: 1.538e-05, l1: 0.875, l2: 0.00745, Time: 20.19
It: 197000, Loss: 1.809e-05, l1: 0.875, l2: 0.00745, Time: 20.18
It: 198000, Loss: 1.745e-05, l1: 0.875, l2: 0.00747, Time: 20.18
It: 199000, Loss: 2.499e-05, l1: 0.875, l2: 0.00748, Time: 20.18
Loss history plot saved to plots/Re100_80000_TL150_200000//Re100_80000_TL150_loss_hist.png
Lambda history plot saved to plots/Re100_80000_TL150_200000//Re100_TLwcp150_lambda_hist.png
Model Training Complete for 200000 iterations
Model saved to models/Re100_TLwcp150_[1, 2]//Re100_80000_TL150_200000.npz
Model Re100_80000.npz processed successfully.
Processing model: models/Re100/Re100_90000.npz
Model loaded from models/Re100/Re100_90000.npz
Frozen Layers: [1, 2]
Training Model...
It: 0, Loss: 3.940e-02, l1: 0.895, l2: 0.00594, Time: 10.06
It: 1000, Loss: 1.210e-04, l1: 0.973, l2: 0.01156, Time: 20.15
It: 2000, Loss: 6.784e-05, l1: 0.964, l2: 0.01157, Time: 20.12
It: 3000, Loss: 7.686e-05, l1: 0.958, l2: 0.01174, Time: 20.13
It: 4000, Loss: 4.504e-05, l1: 0.953, l2: 0.01179, Time: 20.13
It: 5000, Loss: 4.151e-05, l1: 0.950, l2: 0.01184, Time: 20.15
It: 6000, Loss: 4.680e-05, l1: 0.948, l2: 0.01190, Time: 20.14
It: 7000, Loss: 3.763e-05, l1: 0.946, l2: 0.01192, Time: 20.15
It: 8000, Loss: 4.304e-05, l1: 0.944, l2: 0.01198, Time: 20.14
It: 9000, Loss: 3.683e-05, l1: 0.942, l2: 0.01197, Time: 20.12
It: 10000, Loss: 3.478e-05, l1: 0.941, l2: 0.01202, Time: 20.15
Model saved to models/Re100/Re100_10000.npz
It: 11000, Loss: 5.022e-05, l1: 0.940, l2: 0.01209, Time: 20.17
It: 12000, Loss: 3.500e-05, l1: 0.938, l2: 0.01204, Time: 20.14
It: 13000, Loss: 2.946e-05, l1: 0.937, l2: 0.01209, Time: 20.15
It: 14000, Loss: 3.348e-05, l1: 0.936, l2: 0.01210, Time: 20.16
It: 15000, Loss: 3.039e-05, l1: 0.935, l2: 0.01212, Time: 20.17
It: 16000, Loss: 3.260e-05, l1: 0.934, l2: 0.01216, Time: 20.18
It: 17000, Loss: 4.499e-05, l1: 0.934, l2: 0.01212, Time: 20.16
It: 18000, Loss: 8.870e-05, l1: 0.933, l2: 0.01214, Time: 20.12
It: 19000, Loss: 3.267e-05, l1: 0.932, l2: 0.01216, Time: 20.14
It: 20000, Loss: 2.790e-05, l1: 0.931, l2: 0.01215, Time: 20.18
Model saved to models/Re100/Re100_20000.npz
It: 21000, Loss: 3.004e-05, l1: 0.931, l2: 0.01216, Time: 20.17
It: 22000, Loss: 9.660e-05, l1: 0.930, l2: 0.01213, Time: 20.16
It: 23000, Loss: 2.952e-05, l1: 0.929, l2: 0.01213, Time: 20.16
It: 24000, Loss: 2.514e-05, l1: 0.929, l2: 0.01217, Time: 20.13
It: 25000, Loss: 2.780e-05, l1: 0.928, l2: 0.01217, Time: 20.14
It: 26000, Loss: 5.801e-05, l1: 0.927, l2: 0.01212, Time: 20.15
It: 27000, Loss: 2.420e-05, l1: 0.927, l2: 0.01216, Time: 20.15
It: 28000, Loss: 2.564e-05, l1: 0.926, l2: 0.01217, Time: 20.09
It: 29000, Loss: 5.360e-05, l1: 0.926, l2: 0.01215, Time: 20.15
It: 30000, Loss: 2.468e-05, l1: 0.925, l2: 0.01216, Time: 20.15
Model saved to models/Re100/Re100_30000.npz
It: 31000, Loss: 2.332e-05, l1: 0.925, l2: 0.01215, Time: 20.17
It: 32000, Loss: 2.382e-05, l1: 0.924, l2: 0.01214, Time: 20.15
It: 33000, Loss: 2.892e-05, l1: 0.924, l2: 0.01213, Time: 20.17
It: 34000, Loss: 2.695e-05, l1: 0.923, l2: 0.01217, Time: 20.15
It: 35000, Loss: 4.649e-05, l1: 0.923, l2: 0.01212, Time: 20.15
It: 36000, Loss: 6.076e-05, l1: 0.922, l2: 0.01204, Time: 20.08
It: 37000, Loss: 5.802e-05, l1: 0.922, l2: 0.01220, Time: 20.13
It: 38000, Loss: 2.272e-05, l1: 0.921, l2: 0.01211, Time: 20.13
It: 39000, Loss: 3.252e-05, l1: 0.921, l2: 0.01212, Time: 20.13
It: 40000, Loss: 2.915e-05, l1: 0.921, l2: 0.01211, Time: 20.08
Model saved to models/Re100/Re100_40000.npz
It: 41000, Loss: 5.523e-05, l1: 0.920, l2: 0.01208, Time: 20.13
It: 42000, Loss: 2.803e-05, l1: 0.920, l2: 0.01207, Time: 20.11
It: 43000, Loss: 3.734e-05, l1: 0.920, l2: 0.01210, Time: 20.11
It: 44000, Loss: 3.587e-05, l1: 0.919, l2: 0.01207, Time: 20.14
It: 45000, Loss: 2.329e-05, l1: 0.919, l2: 0.01207, Time: 20.15
It: 46000, Loss: 2.497e-05, l1: 0.919, l2: 0.01207, Time: 20.17
It: 47000, Loss: 3.158e-05, l1: 0.918, l2: 0.01209, Time: 20.15
It: 48000, Loss: 2.127e-05, l1: 0.918, l2: 0.01206, Time: 20.17
It: 49000, Loss: 2.421e-05, l1: 0.918, l2: 0.01205, Time: 20.12
It: 50000, Loss: 3.789e-05, l1: 0.917, l2: 0.01210, Time: 20.11
Model saved to models/Re100/Re100_50000.npz
It: 51000, Loss: 3.767e-05, l1: 0.917, l2: 0.01202, Time: 20.15
It: 52000, Loss: 2.228e-05, l1: 0.917, l2: 0.01205, Time: 20.10
It: 53000, Loss: 2.161e-05, l1: 0.916, l2: 0.01203, Time: 20.08
It: 54000, Loss: 3.280e-05, l1: 0.916, l2: 0.01211, Time: 20.09
It: 55000, Loss: 2.036e-05, l1: 0.916, l2: 0.01204, Time: 20.09
It: 56000, Loss: 4.485e-05, l1: 0.916, l2: 0.01196, Time: 20.14
It: 57000, Loss: 2.159e-05, l1: 0.915, l2: 0.01201, Time: 20.17
It: 58000, Loss: 2.115e-05, l1: 0.915, l2: 0.01201, Time: 20.14
It: 59000, Loss: 2.118e-05, l1: 0.915, l2: 0.01202, Time: 20.14
It: 60000, Loss: 2.962e-05, l1: 0.915, l2: 0.01206, Time: 20.13
Model saved to models/Re100/Re100_60000.npz
It: 61000, Loss: 4.101e-05, l1: 0.914, l2: 0.01195, Time: 20.09
It: 62000, Loss: 2.313e-05, l1: 0.914, l2: 0.01203, Time: 20.11
It: 63000, Loss: 1.989e-05, l1: 0.914, l2: 0.01201, Time: 20.11
It: 64000, Loss: 2.029e-05, l1: 0.914, l2: 0.01197, Time: 20.10
It: 65000, Loss: 2.748e-05, l1: 0.913, l2: 0.01196, Time: 20.10
It: 66000, Loss: 7.874e-05, l1: 0.913, l2: 0.01201, Time: 20.11
It: 67000, Loss: 2.064e-05, l1: 0.913, l2: 0.01195, Time: 20.12
It: 68000, Loss: 3.365e-05, l1: 0.912, l2: 0.01197, Time: 20.11
It: 69000, Loss: 1.892e-05, l1: 0.912, l2: 0.01197, Time: 20.15
It: 70000, Loss: 6.697e-05, l1: 0.912, l2: 0.01200, Time: 20.10
Model saved to models/Re100/Re100_70000.npz
It: 71000, Loss: 2.143e-05, l1: 0.912, l2: 0.01196, Time: 20.18
It: 72000, Loss: 2.219e-05, l1: 0.912, l2: 0.01194, Time: 20.12
It: 73000, Loss: 2.060e-05, l1: 0.911, l2: 0.01195, Time: 20.14
It: 74000, Loss: 5.465e-05, l1: 0.911, l2: 0.01192, Time: 20.17
It: 75000, Loss: 2.506e-05, l1: 0.911, l2: 0.01197, Time: 20.15
It: 76000, Loss: 4.559e-05, l1: 0.911, l2: 0.01196, Time: 20.16
It: 77000, Loss: 1.940e-05, l1: 0.910, l2: 0.01194, Time: 20.16
It: 78000, Loss: 1.929e-05, l1: 0.910, l2: 0.01194, Time: 20.20
It: 79000, Loss: 2.701e-05, l1: 0.910, l2: 0.01193, Time: 20.16
It: 80000, Loss: 1.966e-05, l1: 0.910, l2: 0.01192, Time: 20.14
Model saved to models/Re100/Re100_80000.npz
It: 81000, Loss: 3.956e-05, l1: 0.910, l2: 0.01191, Time: 20.18
It: 82000, Loss: 9.001e-05, l1: 0.910, l2: 0.01198, Time: 20.17
It: 83000, Loss: 2.130e-05, l1: 0.909, l2: 0.01190, Time: 20.18
It: 84000, Loss: 1.885e-05, l1: 0.909, l2: 0.01190, Time: 20.18
It: 85000, Loss: 2.759e-05, l1: 0.909, l2: 0.01190, Time: 20.17
It: 86000, Loss: 2.963e-05, l1: 0.909, l2: 0.01189, Time: 20.15
It: 87000, Loss: 1.870e-05, l1: 0.908, l2: 0.01190, Time: 20.14
It: 88000, Loss: 3.179e-05, l1: 0.908, l2: 0.01195, Time: 20.11
It: 89000, Loss: 3.490e-05, l1: 0.908, l2: 0.01187, Time: 20.13
It: 90000, Loss: 2.501e-05, l1: 0.908, l2: 0.01189, Time: 20.12
Model saved to models/Re100/Re100_90000.npz
It: 91000, Loss: 3.387e-05, l1: 0.908, l2: 0.01188, Time: 20.13
It: 92000, Loss: 4.269e-05, l1: 0.908, l2: 0.01194, Time: 20.13
It: 93000, Loss: 5.415e-05, l1: 0.907, l2: 0.01188, Time: 20.14
It: 94000, Loss: 2.682e-05, l1: 0.907, l2: 0.01189, Time: 20.13
It: 95000, Loss: 3.153e-05, l1: 0.907, l2: 0.01192, Time: 20.10
It: 96000, Loss: 1.816e-05, l1: 0.907, l2: 0.01186, Time: 20.14
It: 97000, Loss: 1.829e-05, l1: 0.907, l2: 0.01189, Time: 20.12
It: 98000, Loss: 1.936e-05, l1: 0.907, l2: 0.01184, Time: 20.13
It: 99000, Loss: 1.774e-05, l1: 0.907, l2: 0.01186, Time: 20.14
It: 100000, Loss: 5.502e-05, l1: 0.906, l2: 0.01182, Time: 20.14
Model saved to models/Re100/Re100_100000.npz
It: 101000, Loss: 2.202e-05, l1: 0.906, l2: 0.01184, Time: 20.13
It: 102000, Loss: 3.941e-05, l1: 0.906, l2: 0.01187, Time: 20.11
It: 103000, Loss: 7.244e-05, l1: 0.906, l2: 0.01189, Time: 20.12
It: 104000, Loss: 1.837e-05, l1: 0.906, l2: 0.01181, Time: 20.12
It: 105000, Loss: 1.793e-05, l1: 0.906, l2: 0.01184, Time: 20.15
It: 106000, Loss: 4.706e-05, l1: 0.906, l2: 0.01184, Time: 20.16
It: 107000, Loss: 1.855e-05, l1: 0.905, l2: 0.01180, Time: 20.14
It: 108000, Loss: 3.225e-05, l1: 0.905, l2: 0.01186, Time: 20.18
It: 109000, Loss: 4.697e-05, l1: 0.905, l2: 0.01178, Time: 20.15
It: 110000, Loss: 2.162e-05, l1: 0.905, l2: 0.01180, Time: 20.17
Model saved to models/Re100/Re100_110000.npz
It: 111000, Loss: 2.591e-05, l1: 0.905, l2: 0.01181, Time: 20.18
It: 112000, Loss: 2.298e-05, l1: 0.905, l2: 0.01181, Time: 20.13
It: 113000, Loss: 1.938e-05, l1: 0.905, l2: 0.01182, Time: 20.12
It: 114000, Loss: 2.608e-05, l1: 0.904, l2: 0.01177, Time: 20.13
It: 115000, Loss: 1.878e-05, l1: 0.904, l2: 0.01182, Time: 20.17
It: 116000, Loss: 1.763e-05, l1: 0.904, l2: 0.01179, Time: 20.17
It: 117000, Loss: 3.084e-05, l1: 0.904, l2: 0.01179, Time: 20.17
It: 118000, Loss: 7.340e-05, l1: 0.904, l2: 0.01180, Time: 20.16
It: 119000, Loss: 3.210e-05, l1: 0.904, l2: 0.01181, Time: 20.14
It: 120000, Loss: 1.904e-05, l1: 0.904, l2: 0.01175, Time: 20.16
Model saved to models/Re100/Re100_120000.npz
It: 121000, Loss: 3.821e-05, l1: 0.904, l2: 0.01181, Time: 20.17
It: 122000, Loss: 2.935e-05, l1: 0.903, l2: 0.01174, Time: 20.13
It: 123000, Loss: 3.805e-05, l1: 0.903, l2: 0.01171, Time: 20.14
It: 124000, Loss: 1.681e-05, l1: 0.903, l2: 0.01177, Time: 20.12
It: 125000, Loss: 2.055e-05, l1: 0.903, l2: 0.01178, Time: 20.12
It: 126000, Loss: 1.960e-05, l1: 0.903, l2: 0.01176, Time: 20.13
It: 127000, Loss: 1.736e-05, l1: 0.903, l2: 0.01171, Time: 20.15
It: 128000, Loss: 1.961e-05, l1: 0.903, l2: 0.01173, Time: 20.19
It: 129000, Loss: 1.746e-05, l1: 0.903, l2: 0.01174, Time: 20.17
It: 130000, Loss: 2.910e-05, l1: 0.902, l2: 0.01175, Time: 20.17
Model saved to models/Re100/Re100_130000.npz
It: 131000, Loss: 4.058e-05, l1: 0.902, l2: 0.01173, Time: 20.18
It: 132000, Loss: 9.211e-05, l1: 0.902, l2: 0.01172, Time: 20.18
It: 133000, Loss: 1.948e-05, l1: 0.902, l2: 0.01172, Time: 20.15
It: 134000, Loss: 1.671e-05, l1: 0.902, l2: 0.01172, Time: 20.16
It: 135000, Loss: 2.766e-05, l1: 0.902, l2: 0.01171, Time: 20.16
It: 136000, Loss: 1.726e-05, l1: 0.902, l2: 0.01171, Time: 20.11
It: 137000, Loss: 2.579e-05, l1: 0.902, l2: 0.01174, Time: 20.11
It: 138000, Loss: 6.895e-05, l1: 0.902, l2: 0.01175, Time: 20.17
It: 139000, Loss: 4.303e-05, l1: 0.902, l2: 0.01167, Time: 20.13
It: 140000, Loss: 1.704e-05, l1: 0.901, l2: 0.01170, Time: 20.12
Model saved to models/Re100/Re100_140000.npz
It: 141000, Loss: 4.206e-05, l1: 0.901, l2: 0.01162, Time: 20.14
It: 142000, Loss: 2.005e-05, l1: 0.901, l2: 0.01167, Time: 20.17
It: 143000, Loss: 2.691e-05, l1: 0.901, l2: 0.01169, Time: 20.13
It: 144000, Loss: 1.647e-05, l1: 0.901, l2: 0.01166, Time: 20.13
It: 145000, Loss: 1.643e-05, l1: 0.901, l2: 0.01166, Time: 20.14
It: 146000, Loss: 3.535e-05, l1: 0.901, l2: 0.01170, Time: 20.10
It: 147000, Loss: 2.801e-05, l1: 0.901, l2: 0.01168, Time: 20.13
It: 148000, Loss: 4.905e-05, l1: 0.901, l2: 0.01172, Time: 20.16
It: 149000, Loss: 2.143e-05, l1: 0.901, l2: 0.01164, Time: 20.12
It: 150000, Loss: 1.404e-04, l1: 0.900, l2: 0.01159, Time: 20.12
Model saved to models/Re100/Re100_150000.npz
It: 151000, Loss: 4.057e-05, l1: 0.900, l2: 0.01169, Time: 20.15
It: 152000, Loss: 2.302e-05, l1: 0.900, l2: 0.01162, Time: 20.11
It: 153000, Loss: 3.400e-05, l1: 0.900, l2: 0.01160, Time: 20.13
It: 154000, Loss: 2.697e-05, l1: 0.900, l2: 0.01162, Time: 20.15
It: 155000, Loss: 3.239e-05, l1: 0.900, l2: 0.01161, Time: 20.11
It: 156000, Loss: 1.612e-05, l1: 0.900, l2: 0.01162, Time: 20.14
It: 157000, Loss: 1.781e-05, l1: 0.900, l2: 0.01163, Time: 20.15
It: 158000, Loss: 1.575e-05, l1: 0.900, l2: 0.01163, Time: 20.16
It: 159000, Loss: 1.620e-05, l1: 0.900, l2: 0.01161, Time: 20.11
It: 160000, Loss: 1.616e-05, l1: 0.900, l2: 0.01162, Time: 20.15
Model saved to models/Re100/Re100_160000.npz
It: 161000, Loss: 2.500e-05, l1: 0.900, l2: 0.01158, Time: 20.14
It: 162000, Loss: 4.542e-05, l1: 0.899, l2: 0.01152, Time: 20.14
It: 163000, Loss: 1.772e-05, l1: 0.900, l2: 0.01160, Time: 20.12
It: 164000, Loss: 2.419e-05, l1: 0.899, l2: 0.01159, Time: 20.14
It: 165000, Loss: 6.799e-05, l1: 0.899, l2: 0.01164, Time: 20.14
It: 166000, Loss: 2.681e-05, l1: 0.899, l2: 0.01159, Time: 20.13
It: 167000, Loss: 4.366e-05, l1: 0.899, l2: 0.01161, Time: 20.14
It: 168000, Loss: 1.564e-05, l1: 0.899, l2: 0.01157, Time: 20.17
It: 169000, Loss: 3.208e-05, l1: 0.899, l2: 0.01156, Time: 20.15
It: 170000, Loss: 2.325e-05, l1: 0.899, l2: 0.01152, Time: 20.15
Model saved to models/Re100/Re100_170000.npz
It: 171000, Loss: 2.942e-05, l1: 0.899, l2: 0.01159, Time: 20.16
It: 172000, Loss: 1.672e-05, l1: 0.899, l2: 0.01157, Time: 20.15
It: 173000, Loss: 2.814e-05, l1: 0.899, l2: 0.01161, Time: 20.14
It: 174000, Loss: 2.415e-05, l1: 0.899, l2: 0.01152, Time: 20.16
It: 175000, Loss: 1.587e-05, l1: 0.899, l2: 0.01154, Time: 20.15
It: 176000, Loss: 1.556e-05, l1: 0.899, l2: 0.01154, Time: 20.13
It: 177000, Loss: 1.750e-05, l1: 0.899, l2: 0.01153, Time: 20.15
It: 178000, Loss: 4.103e-05, l1: 0.898, l2: 0.01145, Time: 20.11
It: 179000, Loss: 3.144e-05, l1: 0.898, l2: 0.01153, Time: 20.14
It: 180000, Loss: 1.534e-05, l1: 0.898, l2: 0.01152, Time: 20.15
Model saved to models/Re100/Re100_180000.npz
It: 181000, Loss: 3.908e-05, l1: 0.898, l2: 0.01149, Time: 20.17
It: 182000, Loss: 1.929e-05, l1: 0.898, l2: 0.01152, Time: 20.14
It: 183000, Loss: 1.828e-05, l1: 0.898, l2: 0.01152, Time: 20.15
It: 184000, Loss: 3.851e-05, l1: 0.898, l2: 0.01147, Time: 20.15
It: 185000, Loss: 1.892e-05, l1: 0.898, l2: 0.01148, Time: 20.16
It: 186000, Loss: 6.601e-05, l1: 0.898, l2: 0.01147, Time: 20.14
It: 187000, Loss: 5.200e-05, l1: 0.898, l2: 0.01146, Time: 20.17
It: 188000, Loss: 3.536e-05, l1: 0.898, l2: 0.01149, Time: 20.12
It: 189000, Loss: 2.699e-05, l1: 0.898, l2: 0.01149, Time: 20.12
It: 190000, Loss: 1.739e-05, l1: 0.898, l2: 0.01148, Time: 20.12
Model saved to models/Re100/Re100_190000.npz
It: 191000, Loss: 1.558e-05, l1: 0.898, l2: 0.01146, Time: 20.12
It: 192000, Loss: 2.085e-05, l1: 0.898, l2: 0.01141, Time: 20.12
It: 193000, Loss: 1.975e-05, l1: 0.897, l2: 0.01144, Time: 20.10
It: 194000, Loss: 1.713e-05, l1: 0.897, l2: 0.01145, Time: 20.12
It: 195000, Loss: 4.478e-05, l1: 0.897, l2: 0.01144, Time: 20.15
It: 196000, Loss: 5.443e-05, l1: 0.897, l2: 0.01150, Time: 20.16
It: 197000, Loss: 1.724e-05, l1: 0.897, l2: 0.01142, Time: 20.18
It: 198000, Loss: 3.513e-05, l1: 0.897, l2: 0.01145, Time: 20.16
It: 199000, Loss: 2.302e-05, l1: 0.897, l2: 0.01148, Time: 20.17
Loss history plot saved to plots/Re100_90000_TL150_200000//Re100_90000_TL150_loss_hist.png
Lambda history plot saved to plots/Re100_90000_TL150_200000//Re100_TLwcp150_lambda_hist.png
Model Training Complete for 200000 iterations
Model saved to models/Re100_TLwcp150_[1, 2]//Re100_90000_TL150_200000.npz
Model Re100_90000.npz processed successfully.
==============================================================================
Running epilogue script on pink53.

Submit time  : 2025-02-13T14:30:05
Start time   : 2025-02-13T14:30:06
End time     : 2025-02-14T00:27:08
Elapsed time : 09:57:02 (Timelimit=1-12:00:00)

Job ID: 7052904
Cluster: i5
User/Group: fe1g22/pe
State: COMPLETED (exit code 0)
Nodes: 1
Cores per node: 8
CPU Utilized: 10:01:35
CPU Efficiency: 12.60% of 3-07:36:16 core-walltime
Job Wall-clock time: 09:57:02
Memory Utilized: 2.77 GB
Memory Efficiency: 0.00% of 16.00 B

