Running SLURM prolog script on pink54.cluster.local
===============================================================================
Job started on Sat Mar 15 12:30:49 GMT 2025
Job ID          : 7185938
Job name        : Re100wcp_TL150nyq2
WorkDir         : /mainfs/lyceum/fe1g22
Command         : /mainfs/lyceum/fe1g22/TL-PINN-training.slurm
Partition       : lyceum
Num hosts       : 1
Num cores       : 8
Num of tasks    : 1
Hosts allocated : pink54
Job Output Follows ...
===============================================================================
Unable to determine the device handle for GPU0000:02:00.0: Unknown Error
2025-03-15 12:31:49.276493: E tensorflow/stream_executor/cuda/cuda_driver.cc:271] failed call to cuInit: CUDA_ERROR_NO_DEVICE: no CUDA-capable device is detected
/mainfs/lyceum/fe1g22/TL-PINNs/pinn/model_wcp.py:189: RuntimeWarning: More than 20 figures have been opened. Figures created through the pyplot interface (`matplotlib.pyplot.figure`) are retained until explicitly closed and may consume too much memory. (To control this warning, see the rcParam `figure.max_open_warning`).
  plt.figure(figsize=(12, 8))
Running on CPU.
Configuration loaded.
Loading cached data from temp/data_re150_25x10x5.npz
Data loaded from temp/data_re150_25x10x5.npz
Animation saved as plots/Re100wcp_TLnyq2150_[1, 2]//Re100wcp_TLnyq2150_training_data.gif
Found 10 models.
Processing model: models/Re100wcp/Re100wcp_10000.npz
Model loaded from models/Re100wcp/Re100wcp_10000.npz
Frozen Layers: [1, 2]
Training Model...
It: 0, Loss: 5.591e-03, l1: 1.061, l2: 0.00751, Time: 11.15
It: 1000, Loss: 1.208e-03, l1: 1.043, l2: 0.00729, Time: 20.00
It: 2000, Loss: 9.716e-04, l1: 1.043, l2: 0.00702, Time: 19.64
It: 3000, Loss: 8.672e-04, l1: 1.043, l2: 0.00682, Time: 19.63
It: 4000, Loss: 8.560e-04, l1: 1.044, l2: 0.00665, Time: 19.63
It: 5000, Loss: 7.567e-04, l1: 1.045, l2: 0.00665, Time: 19.78
It: 6000, Loss: 6.964e-04, l1: 1.046, l2: 0.00655, Time: 19.65
It: 7000, Loss: 6.610e-04, l1: 1.046, l2: 0.00649, Time: 19.72
It: 8000, Loss: 6.287e-04, l1: 1.046, l2: 0.00647, Time: 19.82
It: 9000, Loss: 5.999e-04, l1: 1.046, l2: 0.00644, Time: 19.67
It: 10000, Loss: 5.981e-04, l1: 1.046, l2: 0.00646, Time: 19.61
Model saved to models/Re100wcp/Re100wcp_10000.npz
It: 11000, Loss: 5.609e-04, l1: 1.046, l2: 0.00642, Time: 19.73
It: 12000, Loss: 5.615e-04, l1: 1.046, l2: 0.00647, Time: 19.67
It: 13000, Loss: 5.203e-04, l1: 1.046, l2: 0.00643, Time: 19.68
It: 14000, Loss: 5.494e-04, l1: 1.046, l2: 0.00648, Time: 19.75
It: 15000, Loss: 4.999e-04, l1: 1.045, l2: 0.00643, Time: 19.82
It: 16000, Loss: 5.219e-04, l1: 1.045, l2: 0.00651, Time: 19.75
It: 17000, Loss: 4.688e-04, l1: 1.045, l2: 0.00648, Time: 19.75
It: 18000, Loss: 5.014e-04, l1: 1.045, l2: 0.00637, Time: 19.68
It: 19000, Loss: 4.589e-04, l1: 1.045, l2: 0.00646, Time: 19.67
It: 20000, Loss: 4.390e-04, l1: 1.045, l2: 0.00648, Time: 19.62
Model saved to models/Re100wcp/Re100wcp_20000.npz
It: 21000, Loss: 4.304e-04, l1: 1.045, l2: 0.00647, Time: 19.67
It: 22000, Loss: 4.228e-04, l1: 1.045, l2: 0.00649, Time: 19.68
It: 23000, Loss: 4.420e-04, l1: 1.044, l2: 0.00645, Time: 19.68
It: 24000, Loss: 4.095e-04, l1: 1.044, l2: 0.00647, Time: 19.61
It: 25000, Loss: 4.003e-04, l1: 1.044, l2: 0.00648, Time: 19.61
It: 26000, Loss: 3.933e-04, l1: 1.044, l2: 0.00647, Time: 19.61
It: 27000, Loss: 4.248e-04, l1: 1.044, l2: 0.00645, Time: 19.71
It: 28000, Loss: 3.907e-04, l1: 1.044, l2: 0.00646, Time: 19.72
It: 29000, Loss: 3.771e-04, l1: 1.044, l2: 0.00646, Time: 19.64
It: 30000, Loss: 3.888e-04, l1: 1.044, l2: 0.00645, Time: 19.72
Model saved to models/Re100wcp/Re100wcp_30000.npz
It: 31000, Loss: 3.925e-04, l1: 1.043, l2: 0.00646, Time: 19.81
It: 32000, Loss: 3.791e-04, l1: 1.044, l2: 0.00649, Time: 19.63
It: 33000, Loss: 3.609e-04, l1: 1.044, l2: 0.00642, Time: 19.70
It: 34000, Loss: 3.530e-04, l1: 1.044, l2: 0.00644, Time: 19.69
It: 35000, Loss: 3.499e-04, l1: 1.043, l2: 0.00645, Time: 19.68
It: 36000, Loss: 3.443e-04, l1: 1.043, l2: 0.00642, Time: 19.68
It: 37000, Loss: 3.613e-04, l1: 1.043, l2: 0.00641, Time: 19.68
It: 38000, Loss: 3.372e-04, l1: 1.043, l2: 0.00642, Time: 19.64
It: 39000, Loss: 4.071e-04, l1: 1.043, l2: 0.00640, Time: 19.68
It: 40000, Loss: 4.303e-04, l1: 1.043, l2: 0.00642, Time: 19.62
Model saved to models/Re100wcp/Re100wcp_40000.npz
It: 41000, Loss: 3.296e-04, l1: 1.043, l2: 0.00640, Time: 19.73
It: 42000, Loss: 3.230e-04, l1: 1.043, l2: 0.00642, Time: 19.72
It: 43000, Loss: 3.240e-04, l1: 1.043, l2: 0.00641, Time: 19.70
It: 44000, Loss: 3.215e-04, l1: 1.043, l2: 0.00641, Time: 19.67
It: 45000, Loss: 3.147e-04, l1: 1.043, l2: 0.00640, Time: 19.68
It: 46000, Loss: 3.119e-04, l1: 1.043, l2: 0.00639, Time: 20.28
It: 47000, Loss: 3.087e-04, l1: 1.043, l2: 0.00640, Time: 20.65
It: 48000, Loss: 3.172e-04, l1: 1.043, l2: 0.00640, Time: 20.47
It: 49000, Loss: 3.146e-04, l1: 1.043, l2: 0.00636, Time: 20.17
It: 50000, Loss: 3.011e-04, l1: 1.043, l2: 0.00640, Time: 20.16
Model saved to models/Re100wcp/Re100wcp_50000.npz
It: 51000, Loss: 2.985e-04, l1: 1.043, l2: 0.00639, Time: 20.00
It: 52000, Loss: 2.953e-04, l1: 1.043, l2: 0.00639, Time: 19.97
It: 53000, Loss: 2.948e-04, l1: 1.043, l2: 0.00639, Time: 20.11
It: 54000, Loss: 3.130e-04, l1: 1.042, l2: 0.00632, Time: 20.30
It: 55000, Loss: 2.878e-04, l1: 1.043, l2: 0.00639, Time: 20.21
It: 56000, Loss: 2.857e-04, l1: 1.043, l2: 0.00639, Time: 20.15
It: 57000, Loss: 2.898e-04, l1: 1.043, l2: 0.00638, Time: 20.28
It: 58000, Loss: 2.938e-04, l1: 1.043, l2: 0.00643, Time: 20.35
It: 59000, Loss: 3.201e-04, l1: 1.043, l2: 0.00640, Time: 20.23
It: 60000, Loss: 3.765e-04, l1: 1.043, l2: 0.00641, Time: 20.18
Model saved to models/Re100wcp/Re100wcp_60000.npz
It: 61000, Loss: 2.761e-04, l1: 1.043, l2: 0.00639, Time: 20.13
It: 62000, Loss: 2.738e-04, l1: 1.043, l2: 0.00639, Time: 20.08
It: 63000, Loss: 2.740e-04, l1: 1.043, l2: 0.00639, Time: 20.02
It: 64000, Loss: 2.911e-04, l1: 1.043, l2: 0.00639, Time: 20.01
It: 65000, Loss: 2.811e-04, l1: 1.043, l2: 0.00642, Time: 19.97
It: 66000, Loss: 2.723e-04, l1: 1.043, l2: 0.00639, Time: 19.97
It: 67000, Loss: 2.673e-04, l1: 1.043, l2: 0.00639, Time: 20.17
It: 68000, Loss: 2.634e-04, l1: 1.043, l2: 0.00638, Time: 20.05
It: 69000, Loss: 2.800e-04, l1: 1.043, l2: 0.00631, Time: 20.02
It: 70000, Loss: 2.717e-04, l1: 1.043, l2: 0.00639, Time: 19.99
Model saved to models/Re100wcp/Re100wcp_70000.npz
It: 71000, Loss: 3.918e-04, l1: 1.043, l2: 0.00634, Time: 20.00
It: 72000, Loss: 2.656e-04, l1: 1.043, l2: 0.00639, Time: 19.90
It: 73000, Loss: 2.682e-04, l1: 1.043, l2: 0.00636, Time: 19.91
It: 74000, Loss: 2.614e-04, l1: 1.043, l2: 0.00636, Time: 19.99
It: 75000, Loss: 2.689e-04, l1: 1.043, l2: 0.00639, Time: 19.95
It: 76000, Loss: 2.540e-04, l1: 1.043, l2: 0.00636, Time: 19.94
It: 77000, Loss: 2.505e-04, l1: 1.043, l2: 0.00636, Time: 19.93
It: 78000, Loss: 2.769e-04, l1: 1.043, l2: 0.00633, Time: 19.93
It: 79000, Loss: 2.610e-04, l1: 1.043, l2: 0.00639, Time: 20.01
It: 80000, Loss: 2.473e-04, l1: 1.043, l2: 0.00635, Time: 19.93
Model saved to models/Re100wcp/Re100wcp_80000.npz
It: 81000, Loss: 3.633e-04, l1: 1.043, l2: 0.00626, Time: 19.98
It: 82000, Loss: 2.855e-04, l1: 1.043, l2: 0.00635, Time: 19.96
It: 83000, Loss: 2.662e-04, l1: 1.043, l2: 0.00637, Time: 19.87
It: 84000, Loss: 2.466e-04, l1: 1.043, l2: 0.00631, Time: 19.82
It: 85000, Loss: 2.568e-04, l1: 1.043, l2: 0.00633, Time: 19.90
It: 86000, Loss: 2.396e-04, l1: 1.043, l2: 0.00633, Time: 19.85
It: 87000, Loss: 2.411e-04, l1: 1.043, l2: 0.00632, Time: 19.97
It: 88000, Loss: 2.411e-04, l1: 1.043, l2: 0.00631, Time: 19.87
It: 89000, Loss: 2.453e-04, l1: 1.043, l2: 0.00631, Time: 19.99
It: 90000, Loss: 2.386e-04, l1: 1.043, l2: 0.00631, Time: 19.90
Model saved to models/Re100wcp/Re100wcp_90000.npz
It: 91000, Loss: 2.437e-04, l1: 1.043, l2: 0.00631, Time: 19.98
It: 92000, Loss: 2.370e-04, l1: 1.043, l2: 0.00630, Time: 19.91
It: 93000, Loss: 2.390e-04, l1: 1.043, l2: 0.00631, Time: 19.94
It: 94000, Loss: 2.376e-04, l1: 1.043, l2: 0.00629, Time: 19.94
It: 95000, Loss: 2.384e-04, l1: 1.043, l2: 0.00627, Time: 19.91
It: 96000, Loss: 2.330e-04, l1: 1.043, l2: 0.00625, Time: 19.99
It: 97000, Loss: 2.327e-04, l1: 1.043, l2: 0.00626, Time: 19.96
It: 98000, Loss: 2.267e-04, l1: 1.043, l2: 0.00626, Time: 20.04
It: 99000, Loss: 2.243e-04, l1: 1.043, l2: 0.00625, Time: 20.01
It: 100000, Loss: 2.256e-04, l1: 1.043, l2: 0.00625, Time: 19.93
Model saved to models/Re100wcp/Re100wcp_100000.npz
It: 101000, Loss: 2.260e-04, l1: 1.043, l2: 0.00624, Time: 19.93
It: 102000, Loss: 2.245e-04, l1: 1.043, l2: 0.00624, Time: 19.97
It: 103000, Loss: 2.880e-04, l1: 1.043, l2: 0.00630, Time: 19.88
It: 104000, Loss: 2.222e-04, l1: 1.043, l2: 0.00622, Time: 19.93
It: 105000, Loss: 2.683e-04, l1: 1.043, l2: 0.00626, Time: 20.00
It: 106000, Loss: 2.178e-04, l1: 1.043, l2: 0.00621, Time: 20.00
It: 107000, Loss: 2.238e-04, l1: 1.043, l2: 0.00619, Time: 19.93
It: 108000, Loss: 2.476e-04, l1: 1.043, l2: 0.00618, Time: 19.96
It: 109000, Loss: 2.760e-04, l1: 1.042, l2: 0.00623, Time: 19.97
It: 110000, Loss: 2.156e-04, l1: 1.043, l2: 0.00619, Time: 19.84
Model saved to models/Re100wcp/Re100wcp_110000.npz
It: 111000, Loss: 2.132e-04, l1: 1.043, l2: 0.00618, Time: 19.96
It: 112000, Loss: 2.236e-04, l1: 1.043, l2: 0.00620, Time: 19.87
It: 113000, Loss: 2.153e-04, l1: 1.043, l2: 0.00617, Time: 19.82
It: 114000, Loss: 2.223e-04, l1: 1.043, l2: 0.00619, Time: 19.92
It: 115000, Loss: 2.368e-04, l1: 1.043, l2: 0.00611, Time: 20.05
It: 116000, Loss: 2.174e-04, l1: 1.043, l2: 0.00616, Time: 19.97
It: 117000, Loss: 2.082e-04, l1: 1.043, l2: 0.00615, Time: 20.01
It: 118000, Loss: 2.159e-04, l1: 1.043, l2: 0.00613, Time: 19.86
It: 119000, Loss: 2.082e-04, l1: 1.043, l2: 0.00614, Time: 19.92
It: 120000, Loss: 2.066e-04, l1: 1.043, l2: 0.00614, Time: 19.97
Model saved to models/Re100wcp/Re100wcp_120000.npz
It: 121000, Loss: 2.206e-04, l1: 1.043, l2: 0.00611, Time: 19.96
It: 122000, Loss: 2.198e-04, l1: 1.043, l2: 0.00611, Time: 19.88
It: 123000, Loss: 3.328e-04, l1: 1.043, l2: 0.00610, Time: 19.92
It: 124000, Loss: 2.021e-04, l1: 1.043, l2: 0.00611, Time: 19.93
It: 125000, Loss: 3.808e-04, l1: 1.043, l2: 0.00615, Time: 19.96
It: 126000, Loss: 2.010e-04, l1: 1.043, l2: 0.00610, Time: 19.95
It: 127000, Loss: 2.055e-04, l1: 1.043, l2: 0.00608, Time: 19.95
It: 128000, Loss: 2.041e-04, l1: 1.043, l2: 0.00608, Time: 19.96
It: 129000, Loss: 2.047e-04, l1: 1.043, l2: 0.00609, Time: 19.90
It: 130000, Loss: 2.245e-04, l1: 1.043, l2: 0.00608, Time: 19.98
Model saved to models/Re100wcp/Re100wcp_130000.npz
It: 131000, Loss: 2.012e-04, l1: 1.043, l2: 0.00606, Time: 19.92
It: 132000, Loss: 2.010e-04, l1: 1.043, l2: 0.00608, Time: 19.91
It: 133000, Loss: 1.985e-04, l1: 1.043, l2: 0.00608, Time: 20.05
It: 134000, Loss: 2.447e-04, l1: 1.043, l2: 0.00608, Time: 20.12
It: 135000, Loss: 1.961e-04, l1: 1.043, l2: 0.00606, Time: 20.04
It: 136000, Loss: 1.938e-04, l1: 1.043, l2: 0.00606, Time: 20.04
It: 137000, Loss: 2.133e-04, l1: 1.043, l2: 0.00602, Time: 20.00
It: 138000, Loss: 2.726e-04, l1: 1.043, l2: 0.00609, Time: 19.99
It: 139000, Loss: 1.924e-04, l1: 1.043, l2: 0.00605, Time: 20.04
It: 140000, Loss: 3.224e-04, l1: 1.043, l2: 0.00611, Time: 19.98
Model saved to models/Re100wcp/Re100wcp_140000.npz
It: 141000, Loss: 2.281e-04, l1: 1.043, l2: 0.00599, Time: 19.96
It: 142000, Loss: 2.044e-04, l1: 1.043, l2: 0.00604, Time: 20.00
It: 143000, Loss: 2.475e-04, l1: 1.043, l2: 0.00601, Time: 19.94
It: 144000, Loss: 1.881e-04, l1: 1.043, l2: 0.00604, Time: 20.03
It: 145000, Loss: 2.163e-04, l1: 1.043, l2: 0.00603, Time: 20.04
It: 146000, Loss: 2.286e-04, l1: 1.043, l2: 0.00603, Time: 20.02
It: 147000, Loss: 1.891e-04, l1: 1.043, l2: 0.00605, Time: 20.01
It: 148000, Loss: 1.882e-04, l1: 1.043, l2: 0.00606, Time: 19.98
It: 149000, Loss: 1.896e-04, l1: 1.043, l2: 0.00604, Time: 20.02
It: 150000, Loss: 1.868e-04, l1: 1.043, l2: 0.00603, Time: 19.93
Model saved to models/Re100wcp/Re100wcp_150000.npz
It: 151000, Loss: 2.017e-04, l1: 1.043, l2: 0.00606, Time: 19.97
It: 152000, Loss: 1.845e-04, l1: 1.043, l2: 0.00604, Time: 19.97
It: 153000, Loss: 2.092e-04, l1: 1.043, l2: 0.00597, Time: 19.94
It: 154000, Loss: 1.932e-04, l1: 1.043, l2: 0.00600, Time: 19.92
It: 155000, Loss: 3.174e-04, l1: 1.043, l2: 0.00611, Time: 19.99
It: 156000, Loss: 1.970e-04, l1: 1.043, l2: 0.00603, Time: 19.96
It: 157000, Loss: 2.023e-04, l1: 1.043, l2: 0.00597, Time: 19.88
It: 158000, Loss: 1.927e-04, l1: 1.043, l2: 0.00603, Time: 19.80
It: 159000, Loss: 1.929e-04, l1: 1.043, l2: 0.00604, Time: 19.87
It: 160000, Loss: 2.141e-04, l1: 1.042, l2: 0.00601, Time: 19.95
Model saved to models/Re100wcp/Re100wcp_160000.npz
It: 161000, Loss: 2.177e-04, l1: 1.043, l2: 0.00603, Time: 19.98
It: 162000, Loss: 2.401e-04, l1: 1.042, l2: 0.00608, Time: 19.97
It: 163000, Loss: 1.882e-04, l1: 1.043, l2: 0.00604, Time: 19.93
It: 164000, Loss: 2.895e-04, l1: 1.043, l2: 0.00606, Time: 19.97
It: 165000, Loss: 1.767e-04, l1: 1.043, l2: 0.00601, Time: 20.03
It: 166000, Loss: 1.778e-04, l1: 1.043, l2: 0.00600, Time: 20.00
It: 167000, Loss: 1.848e-04, l1: 1.043, l2: 0.00602, Time: 19.96
It: 168000, Loss: 2.105e-04, l1: 1.042, l2: 0.00601, Time: 19.92
It: 169000, Loss: 1.750e-04, l1: 1.043, l2: 0.00601, Time: 19.91
It: 170000, Loss: 1.727e-04, l1: 1.043, l2: 0.00602, Time: 19.95
Model saved to models/Re100wcp/Re100wcp_170000.npz
It: 171000, Loss: 2.414e-04, l1: 1.043, l2: 0.00608, Time: 20.04
It: 172000, Loss: 2.306e-04, l1: 1.042, l2: 0.00600, Time: 20.06
It: 173000, Loss: 1.722e-04, l1: 1.043, l2: 0.00601, Time: 19.82
It: 174000, Loss: 1.720e-04, l1: 1.043, l2: 0.00601, Time: 19.99
It: 175000, Loss: 1.778e-04, l1: 1.042, l2: 0.00600, Time: 19.99
It: 176000, Loss: 2.281e-04, l1: 1.042, l2: 0.00594, Time: 19.91
It: 177000, Loss: 1.802e-04, l1: 1.042, l2: 0.00601, Time: 20.01
It: 178000, Loss: 1.691e-04, l1: 1.042, l2: 0.00601, Time: 19.94
It: 179000, Loss: 2.111e-04, l1: 1.042, l2: 0.00602, Time: 19.92
It: 180000, Loss: 1.880e-04, l1: 1.042, l2: 0.00604, Time: 19.93
Model saved to models/Re100wcp/Re100wcp_180000.npz
It: 181000, Loss: 2.039e-04, l1: 1.042, l2: 0.00601, Time: 19.95
It: 182000, Loss: 2.253e-04, l1: 1.042, l2: 0.00601, Time: 19.88
It: 183000, Loss: 1.691e-04, l1: 1.042, l2: 0.00601, Time: 20.00
It: 184000, Loss: 1.876e-04, l1: 1.042, l2: 0.00601, Time: 19.95
It: 185000, Loss: 1.985e-04, l1: 1.042, l2: 0.00602, Time: 19.84
It: 186000, Loss: 1.679e-04, l1: 1.042, l2: 0.00600, Time: 19.94
It: 187000, Loss: 1.671e-04, l1: 1.042, l2: 0.00601, Time: 19.94
It: 188000, Loss: 1.880e-04, l1: 1.042, l2: 0.00601, Time: 19.96
It: 189000, Loss: 1.989e-04, l1: 1.042, l2: 0.00606, Time: 20.08
It: 190000, Loss: 1.681e-04, l1: 1.042, l2: 0.00600, Time: 19.95
Model saved to models/Re100wcp/Re100wcp_190000.npz
It: 191000, Loss: 1.737e-04, l1: 1.042, l2: 0.00599, Time: 19.92
It: 192000, Loss: 1.688e-04, l1: 1.042, l2: 0.00597, Time: 19.92
It: 193000, Loss: 1.621e-04, l1: 1.042, l2: 0.00600, Time: 19.95
It: 194000, Loss: 2.824e-04, l1: 1.042, l2: 0.00607, Time: 19.93
It: 195000, Loss: 1.687e-04, l1: 1.042, l2: 0.00599, Time: 19.97
It: 196000, Loss: 1.632e-04, l1: 1.042, l2: 0.00599, Time: 19.96
It: 197000, Loss: 1.646e-04, l1: 1.042, l2: 0.00601, Time: 19.99
It: 198000, Loss: 1.720e-04, l1: 1.042, l2: 0.00601, Time: 20.22
It: 199000, Loss: 1.801e-04, l1: 1.042, l2: 0.00602, Time: 20.09
Loss history plot saved to plots/Re100wcp_TLnyq2150_[1, 2]//Re100wcp_10000_TL150_loss_hist.png
Lambda history plot saved to plots/Re100wcp_TLnyq2150_[1, 2]//Re100wcp_10000_TL150_lambda_hist.png
Model Training Complete for 200000 iterations
Model saved to models/Re100wcp_TLnyq2150_[1, 2]//Re100wcp_10000_TL150_200000.npz
Model Re100wcp_10000.npz processed successfully.
Processing model: models/Re100wcp/Re100wcp_100000.npz
Model loaded from models/Re100wcp/Re100wcp_100000.npz
Frozen Layers: [1, 2]
Training Model...
It: 0, Loss: 7.153e-03, l1: 1.042, l2: 0.00525, Time: 11.96
It: 1000, Loss: 1.207e-03, l1: 1.056, l2: 0.00837, Time: 19.97
It: 2000, Loss: 9.938e-04, l1: 1.059, l2: 0.00865, Time: 19.89
It: 3000, Loss: 8.845e-04, l1: 1.060, l2: 0.00871, Time: 19.95
It: 4000, Loss: 8.072e-04, l1: 1.060, l2: 0.00868, Time: 19.84
It: 5000, Loss: 8.103e-04, l1: 1.061, l2: 0.00867, Time: 19.88
It: 6000, Loss: 7.097e-04, l1: 1.061, l2: 0.00857, Time: 19.88
It: 7000, Loss: 6.932e-04, l1: 1.062, l2: 0.00846, Time: 19.89
It: 8000, Loss: 6.620e-04, l1: 1.062, l2: 0.00846, Time: 19.91
It: 9000, Loss: 6.736e-04, l1: 1.062, l2: 0.00831, Time: 19.92
It: 10000, Loss: 6.487e-04, l1: 1.062, l2: 0.00824, Time: 19.86
Model saved to models/Re100wcp/Re100wcp_10000.npz
It: 11000, Loss: 6.073e-04, l1: 1.063, l2: 0.00827, Time: 19.96
It: 12000, Loss: 5.806e-04, l1: 1.063, l2: 0.00823, Time: 19.93
It: 13000, Loss: 5.500e-04, l1: 1.063, l2: 0.00815, Time: 20.00
It: 14000, Loss: 5.417e-04, l1: 1.064, l2: 0.00815, Time: 19.88
It: 15000, Loss: 5.323e-04, l1: 1.064, l2: 0.00810, Time: 19.91
It: 16000, Loss: 5.066e-04, l1: 1.064, l2: 0.00806, Time: 19.89
It: 17000, Loss: 5.026e-04, l1: 1.064, l2: 0.00801, Time: 19.95
It: 18000, Loss: 5.843e-04, l1: 1.065, l2: 0.00801, Time: 19.92
It: 19000, Loss: 4.811e-04, l1: 1.065, l2: 0.00794, Time: 20.00
It: 20000, Loss: 4.826e-04, l1: 1.065, l2: 0.00790, Time: 19.91
Model saved to models/Re100wcp/Re100wcp_20000.npz
It: 21000, Loss: 4.592e-04, l1: 1.065, l2: 0.00789, Time: 20.00
It: 22000, Loss: 4.520e-04, l1: 1.066, l2: 0.00784, Time: 19.92
It: 23000, Loss: 5.824e-04, l1: 1.066, l2: 0.00782, Time: 19.96
It: 24000, Loss: 4.330e-04, l1: 1.066, l2: 0.00778, Time: 19.96
It: 25000, Loss: 4.430e-04, l1: 1.066, l2: 0.00774, Time: 19.93
It: 26000, Loss: 4.355e-04, l1: 1.066, l2: 0.00774, Time: 19.94
It: 27000, Loss: 4.223e-04, l1: 1.067, l2: 0.00769, Time: 19.92
It: 28000, Loss: 6.790e-04, l1: 1.067, l2: 0.00755, Time: 19.84
It: 29000, Loss: 4.045e-04, l1: 1.067, l2: 0.00763, Time: 19.98
It: 30000, Loss: 4.005e-04, l1: 1.067, l2: 0.00761, Time: 19.87
Model saved to models/Re100wcp/Re100wcp_30000.npz
It: 31000, Loss: 3.918e-04, l1: 1.068, l2: 0.00760, Time: 19.97
It: 32000, Loss: 4.290e-04, l1: 1.068, l2: 0.00762, Time: 19.99
It: 33000, Loss: 4.070e-04, l1: 1.068, l2: 0.00757, Time: 20.00
It: 34000, Loss: 3.770e-04, l1: 1.068, l2: 0.00752, Time: 19.88
It: 35000, Loss: 3.807e-04, l1: 1.068, l2: 0.00750, Time: 19.87
It: 36000, Loss: 4.633e-04, l1: 1.069, l2: 0.00745, Time: 19.92
It: 37000, Loss: 3.795e-04, l1: 1.069, l2: 0.00742, Time: 20.03
It: 38000, Loss: 4.055e-04, l1: 1.069, l2: 0.00746, Time: 19.94
It: 39000, Loss: 3.926e-04, l1: 1.069, l2: 0.00743, Time: 19.95
It: 40000, Loss: 3.672e-04, l1: 1.069, l2: 0.00741, Time: 19.98
Model saved to models/Re100wcp/Re100wcp_40000.npz
It: 41000, Loss: 3.472e-04, l1: 1.070, l2: 0.00738, Time: 19.98
It: 42000, Loss: 3.529e-04, l1: 1.070, l2: 0.00737, Time: 19.92
It: 43000, Loss: 4.313e-04, l1: 1.069, l2: 0.00742, Time: 19.90
It: 44000, Loss: 3.767e-04, l1: 1.070, l2: 0.00738, Time: 19.96
It: 45000, Loss: 3.398e-04, l1: 1.070, l2: 0.00732, Time: 19.92
It: 46000, Loss: 4.441e-04, l1: 1.071, l2: 0.00739, Time: 19.94
It: 47000, Loss: 3.412e-04, l1: 1.071, l2: 0.00735, Time: 19.96
It: 48000, Loss: 3.653e-04, l1: 1.071, l2: 0.00728, Time: 20.00
It: 49000, Loss: 3.402e-04, l1: 1.071, l2: 0.00729, Time: 19.96
It: 50000, Loss: 4.485e-04, l1: 1.072, l2: 0.00727, Time: 19.93
Model saved to models/Re100wcp/Re100wcp_50000.npz
It: 51000, Loss: 3.141e-04, l1: 1.072, l2: 0.00726, Time: 19.96
It: 52000, Loss: 3.910e-04, l1: 1.072, l2: 0.00724, Time: 19.97
It: 53000, Loss: 3.991e-04, l1: 1.072, l2: 0.00731, Time: 19.94
It: 54000, Loss: 3.061e-04, l1: 1.072, l2: 0.00723, Time: 19.93
It: 55000, Loss: 3.070e-04, l1: 1.073, l2: 0.00723, Time: 19.92
It: 56000, Loss: 3.300e-04, l1: 1.073, l2: 0.00721, Time: 19.93
It: 57000, Loss: 3.000e-04, l1: 1.073, l2: 0.00722, Time: 19.95
It: 58000, Loss: 2.977e-04, l1: 1.073, l2: 0.00721, Time: 19.83
It: 59000, Loss: 2.927e-04, l1: 1.073, l2: 0.00720, Time: 19.87
It: 60000, Loss: 2.923e-04, l1: 1.073, l2: 0.00719, Time: 19.99
Model saved to models/Re100wcp/Re100wcp_60000.npz
It: 61000, Loss: 3.852e-04, l1: 1.074, l2: 0.00716, Time: 19.95
It: 62000, Loss: 3.056e-04, l1: 1.073, l2: 0.00716, Time: 20.03
It: 63000, Loss: 3.049e-04, l1: 1.073, l2: 0.00716, Time: 19.98
It: 64000, Loss: 2.833e-04, l1: 1.074, l2: 0.00718, Time: 20.00
It: 65000, Loss: 3.288e-04, l1: 1.074, l2: 0.00716, Time: 20.01
It: 66000, Loss: 2.888e-04, l1: 1.074, l2: 0.00716, Time: 19.93
It: 67000, Loss: 2.976e-04, l1: 1.074, l2: 0.00715, Time: 19.96
It: 68000, Loss: 2.974e-04, l1: 1.075, l2: 0.00715, Time: 19.92
It: 69000, Loss: 3.015e-04, l1: 1.075, l2: 0.00720, Time: 19.88
It: 70000, Loss: 2.750e-04, l1: 1.075, l2: 0.00714, Time: 19.97
Model saved to models/Re100wcp/Re100wcp_70000.npz
It: 71000, Loss: 2.775e-04, l1: 1.075, l2: 0.00715, Time: 20.02
It: 72000, Loss: 4.087e-04, l1: 1.075, l2: 0.00712, Time: 20.01
It: 73000, Loss: 2.731e-04, l1: 1.075, l2: 0.00713, Time: 19.98
It: 74000, Loss: 2.695e-04, l1: 1.075, l2: 0.00712, Time: 19.93
It: 75000, Loss: 2.609e-04, l1: 1.075, l2: 0.00712, Time: 19.94
It: 76000, Loss: 4.305e-04, l1: 1.075, l2: 0.00699, Time: 19.96
It: 77000, Loss: 2.590e-04, l1: 1.075, l2: 0.00711, Time: 19.95
It: 78000, Loss: 2.573e-04, l1: 1.076, l2: 0.00712, Time: 19.93
It: 79000, Loss: 2.594e-04, l1: 1.076, l2: 0.00708, Time: 19.93
It: 80000, Loss: 3.610e-04, l1: 1.076, l2: 0.00706, Time: 19.94
Model saved to models/Re100wcp/Re100wcp_80000.npz
It: 81000, Loss: 2.583e-04, l1: 1.076, l2: 0.00711, Time: 19.97
It: 82000, Loss: 4.371e-04, l1: 1.076, l2: 0.00700, Time: 19.91
It: 83000, Loss: 2.511e-04, l1: 1.076, l2: 0.00710, Time: 19.99
It: 84000, Loss: 2.487e-04, l1: 1.076, l2: 0.00710, Time: 19.94
It: 85000, Loss: 3.127e-04, l1: 1.076, l2: 0.00708, Time: 19.90
It: 86000, Loss: 2.665e-04, l1: 1.076, l2: 0.00708, Time: 19.96
It: 87000, Loss: 2.452e-04, l1: 1.076, l2: 0.00709, Time: 19.90
It: 88000, Loss: 2.432e-04, l1: 1.076, l2: 0.00709, Time: 19.82
It: 89000, Loss: 2.836e-04, l1: 1.076, l2: 0.00710, Time: 19.85
It: 90000, Loss: 2.482e-04, l1: 1.076, l2: 0.00708, Time: 19.85
Model saved to models/Re100wcp/Re100wcp_90000.npz
It: 91000, Loss: 2.396e-04, l1: 1.076, l2: 0.00708, Time: 19.99
It: 92000, Loss: 2.491e-04, l1: 1.076, l2: 0.00707, Time: 19.98
It: 93000, Loss: 2.539e-04, l1: 1.076, l2: 0.00708, Time: 19.91
It: 94000, Loss: 2.372e-04, l1: 1.076, l2: 0.00709, Time: 19.91
It: 95000, Loss: 2.477e-04, l1: 1.076, l2: 0.00706, Time: 19.88
It: 96000, Loss: 2.360e-04, l1: 1.076, l2: 0.00708, Time: 19.93
It: 97000, Loss: 2.604e-04, l1: 1.076, l2: 0.00707, Time: 19.97
It: 98000, Loss: 2.497e-04, l1: 1.076, l2: 0.00708, Time: 19.98
It: 99000, Loss: 3.034e-04, l1: 1.076, l2: 0.00700, Time: 19.97
It: 100000, Loss: 2.458e-04, l1: 1.076, l2: 0.00706, Time: 20.02
Model saved to models/Re100wcp/Re100wcp_100000.npz
It: 101000, Loss: 2.378e-04, l1: 1.076, l2: 0.00712, Time: 19.99
It: 102000, Loss: 2.701e-04, l1: 1.077, l2: 0.00708, Time: 19.90
It: 103000, Loss: 2.655e-04, l1: 1.076, l2: 0.00710, Time: 19.92
It: 104000, Loss: 2.252e-04, l1: 1.077, l2: 0.00708, Time: 19.90
It: 105000, Loss: 2.273e-04, l1: 1.077, l2: 0.00709, Time: 19.91
It: 106000, Loss: 2.253e-04, l1: 1.077, l2: 0.00710, Time: 19.96
It: 107000, Loss: 2.690e-04, l1: 1.077, l2: 0.00711, Time: 19.95
It: 108000, Loss: 3.875e-04, l1: 1.077, l2: 0.00696, Time: 19.93
It: 109000, Loss: 2.857e-04, l1: 1.077, l2: 0.00709, Time: 19.95
It: 110000, Loss: 2.204e-04, l1: 1.077, l2: 0.00709, Time: 19.90
Model saved to models/Re100wcp/Re100wcp_110000.npz
It: 111000, Loss: 3.026e-04, l1: 1.077, l2: 0.00715, Time: 19.90
It: 112000, Loss: 2.539e-04, l1: 1.077, l2: 0.00707, Time: 19.98
It: 113000, Loss: 2.531e-04, l1: 1.077, l2: 0.00711, Time: 19.98
It: 114000, Loss: 2.280e-04, l1: 1.077, l2: 0.00710, Time: 19.94
It: 115000, Loss: 2.316e-04, l1: 1.077, l2: 0.00707, Time: 20.00
It: 116000, Loss: 2.335e-04, l1: 1.077, l2: 0.00712, Time: 19.99
It: 117000, Loss: 2.294e-04, l1: 1.077, l2: 0.00712, Time: 19.92
It: 118000, Loss: 4.183e-04, l1: 1.077, l2: 0.00715, Time: 19.98
It: 119000, Loss: 2.163e-04, l1: 1.077, l2: 0.00712, Time: 20.04
It: 120000, Loss: 3.267e-04, l1: 1.077, l2: 0.00715, Time: 19.84
Model saved to models/Re100wcp/Re100wcp_120000.npz
It: 121000, Loss: 2.156e-04, l1: 1.077, l2: 0.00713, Time: 19.60
It: 122000, Loss: 2.369e-04, l1: 1.077, l2: 0.00710, Time: 19.51
It: 123000, Loss: 2.113e-04, l1: 1.077, l2: 0.00713, Time: 19.47
It: 124000, Loss: 3.267e-04, l1: 1.077, l2: 0.00710, Time: 19.51
It: 125000, Loss: 2.519e-04, l1: 1.077, l2: 0.00717, Time: 19.50
It: 126000, Loss: 2.776e-04, l1: 1.077, l2: 0.00711, Time: 19.47
It: 127000, Loss: 2.100e-04, l1: 1.077, l2: 0.00715, Time: 19.42
It: 128000, Loss: 2.090e-04, l1: 1.077, l2: 0.00716, Time: 19.51
It: 129000, Loss: 2.987e-04, l1: 1.077, l2: 0.00723, Time: 19.48
It: 130000, Loss: 2.056e-04, l1: 1.077, l2: 0.00717, Time: 19.58
Model saved to models/Re100wcp/Re100wcp_130000.npz
It: 131000, Loss: 2.037e-04, l1: 1.078, l2: 0.00718, Time: 19.46
It: 132000, Loss: 2.102e-04, l1: 1.077, l2: 0.00720, Time: 19.40
It: 133000, Loss: 3.046e-04, l1: 1.077, l2: 0.00719, Time: 19.42
It: 134000, Loss: 2.425e-04, l1: 1.077, l2: 0.00718, Time: 19.44
It: 135000, Loss: 2.640e-04, l1: 1.078, l2: 0.00721, Time: 19.47
It: 136000, Loss: 2.253e-04, l1: 1.078, l2: 0.00723, Time: 19.49
It: 137000, Loss: 2.648e-04, l1: 1.077, l2: 0.00716, Time: 19.40
It: 138000, Loss: 2.543e-04, l1: 1.078, l2: 0.00719, Time: 19.41
It: 139000, Loss: 2.951e-04, l1: 1.078, l2: 0.00723, Time: 19.58
It: 140000, Loss: 2.120e-04, l1: 1.078, l2: 0.00723, Time: 19.51
Model saved to models/Re100wcp/Re100wcp_140000.npz
It: 141000, Loss: 1.970e-04, l1: 1.078, l2: 0.00723, Time: 19.42
It: 142000, Loss: 2.039e-04, l1: 1.078, l2: 0.00723, Time: 19.42
It: 143000, Loss: 2.465e-04, l1: 1.078, l2: 0.00722, Time: 19.40
It: 144000, Loss: 1.983e-04, l1: 1.078, l2: 0.00727, Time: 19.48
It: 145000, Loss: 1.939e-04, l1: 1.078, l2: 0.00725, Time: 19.62
It: 146000, Loss: 2.011e-04, l1: 1.078, l2: 0.00722, Time: 19.45
It: 147000, Loss: 1.991e-04, l1: 1.078, l2: 0.00725, Time: 19.45
It: 148000, Loss: 1.939e-04, l1: 1.078, l2: 0.00727, Time: 19.43
It: 149000, Loss: 2.000e-04, l1: 1.078, l2: 0.00726, Time: 19.53
It: 150000, Loss: 2.073e-04, l1: 1.078, l2: 0.00726, Time: 19.61
Model saved to models/Re100wcp/Re100wcp_150000.npz
It: 151000, Loss: 2.153e-04, l1: 1.078, l2: 0.00728, Time: 19.60
It: 152000, Loss: 1.900e-04, l1: 1.078, l2: 0.00729, Time: 19.55
It: 153000, Loss: 2.008e-04, l1: 1.078, l2: 0.00728, Time: 19.47
It: 154000, Loss: 2.195e-04, l1: 1.078, l2: 0.00732, Time: 19.42
It: 155000, Loss: 2.180e-04, l1: 1.078, l2: 0.00730, Time: 19.41
It: 156000, Loss: 2.407e-04, l1: 1.078, l2: 0.00736, Time: 19.43
It: 157000, Loss: 1.875e-04, l1: 1.078, l2: 0.00732, Time: 19.39
It: 158000, Loss: 1.967e-04, l1: 1.078, l2: 0.00729, Time: 19.43
It: 159000, Loss: 1.979e-04, l1: 1.078, l2: 0.00734, Time: 19.44
It: 160000, Loss: 2.021e-04, l1: 1.078, l2: 0.00733, Time: 19.40
Model saved to models/Re100wcp/Re100wcp_160000.npz
It: 161000, Loss: 2.088e-04, l1: 1.078, l2: 0.00732, Time: 19.42
It: 162000, Loss: 1.907e-04, l1: 1.078, l2: 0.00733, Time: 19.36
It: 163000, Loss: 1.908e-04, l1: 1.078, l2: 0.00735, Time: 19.34
It: 164000, Loss: 2.105e-04, l1: 1.078, l2: 0.00738, Time: 19.40
It: 165000, Loss: 1.954e-04, l1: 1.078, l2: 0.00742, Time: 19.37
It: 166000, Loss: 1.841e-04, l1: 1.079, l2: 0.00739, Time: 19.35
It: 167000, Loss: 1.832e-04, l1: 1.078, l2: 0.00738, Time: 19.41
It: 168000, Loss: 1.953e-04, l1: 1.079, l2: 0.00744, Time: 19.36
It: 169000, Loss: 1.822e-04, l1: 1.079, l2: 0.00740, Time: 19.45
It: 170000, Loss: 1.843e-04, l1: 1.079, l2: 0.00741, Time: 19.44
Model saved to models/Re100wcp/Re100wcp_170000.npz
It: 171000, Loss: 1.931e-04, l1: 1.078, l2: 0.00740, Time: 19.42
It: 172000, Loss: 1.850e-04, l1: 1.079, l2: 0.00742, Time: 19.39
It: 173000, Loss: 3.702e-04, l1: 1.078, l2: 0.00744, Time: 19.43
It: 174000, Loss: 1.838e-04, l1: 1.079, l2: 0.00741, Time: 19.36
It: 175000, Loss: 2.135e-04, l1: 1.079, l2: 0.00745, Time: 19.52
It: 176000, Loss: 1.857e-04, l1: 1.079, l2: 0.00741, Time: 19.45
It: 177000, Loss: 2.182e-04, l1: 1.079, l2: 0.00751, Time: 19.41
It: 178000, Loss: 1.794e-04, l1: 1.079, l2: 0.00746, Time: 19.44
It: 179000, Loss: 2.918e-04, l1: 1.079, l2: 0.00742, Time: 19.56
It: 180000, Loss: 1.797e-04, l1: 1.079, l2: 0.00744, Time: 19.45
Model saved to models/Re100wcp/Re100wcp_180000.npz
It: 181000, Loss: 1.788e-04, l1: 1.079, l2: 0.00747, Time: 19.51
It: 182000, Loss: 1.855e-04, l1: 1.079, l2: 0.00748, Time: 19.46
It: 183000, Loss: 1.951e-04, l1: 1.079, l2: 0.00751, Time: 19.63
It: 184000, Loss: 1.879e-04, l1: 1.079, l2: 0.00750, Time: 19.52
It: 185000, Loss: 1.951e-04, l1: 1.079, l2: 0.00749, Time: 19.51
It: 186000, Loss: 1.792e-04, l1: 1.079, l2: 0.00750, Time: 19.42
It: 187000, Loss: 1.927e-04, l1: 1.079, l2: 0.00751, Time: 19.43
It: 188000, Loss: 1.744e-04, l1: 1.079, l2: 0.00750, Time: 19.37
It: 189000, Loss: 2.114e-04, l1: 1.079, l2: 0.00748, Time: 19.53
It: 190000, Loss: 1.797e-04, l1: 1.079, l2: 0.00751, Time: 19.52
Model saved to models/Re100wcp/Re100wcp_190000.npz
It: 191000, Loss: 1.947e-04, l1: 1.079, l2: 0.00751, Time: 19.71
It: 192000, Loss: 1.797e-04, l1: 1.079, l2: 0.00752, Time: 19.44
It: 193000, Loss: 2.183e-04, l1: 1.079, l2: 0.00754, Time: 19.53
It: 194000, Loss: 1.769e-04, l1: 1.079, l2: 0.00753, Time: 19.39
It: 195000, Loss: 2.968e-04, l1: 1.079, l2: 0.00756, Time: 19.43
It: 196000, Loss: 2.822e-04, l1: 1.079, l2: 0.00755, Time: 19.40
It: 197000, Loss: 1.967e-04, l1: 1.079, l2: 0.00747, Time: 19.40
It: 198000, Loss: 1.709e-04, l1: 1.079, l2: 0.00754, Time: 19.40
It: 199000, Loss: 2.644e-04, l1: 1.079, l2: 0.00754, Time: 19.40
Loss history plot saved to plots/Re100wcp_TLnyq2150_[1, 2]//Re100wcp_100000_TL150_loss_hist.png
Lambda history plot saved to plots/Re100wcp_TLnyq2150_[1, 2]//Re100wcp_100000_TL150_lambda_hist.png
Model Training Complete for 200000 iterations
Model saved to models/Re100wcp_TLnyq2150_[1, 2]//Re100wcp_100000_TL150_200000.npz
Model Re100wcp_100000.npz processed successfully.
Processing model: models/Re100wcp/Re100wcp_20000.npz
Model loaded from models/Re100wcp/Re100wcp_20000.npz
Frozen Layers: [1, 2]
Training Model...
It: 0, Loss: 5.318e-03, l1: 1.064, l2: 0.00690, Time: 11.14
It: 1000, Loss: 1.208e-03, l1: 1.055, l2: 0.00756, Time: 19.49
It: 2000, Loss: 9.919e-04, l1: 1.060, l2: 0.00774, Time: 19.52
It: 3000, Loss: 8.758e-04, l1: 1.063, l2: 0.00779, Time: 19.51
It: 4000, Loss: 8.045e-04, l1: 1.064, l2: 0.00778, Time: 19.42
It: 5000, Loss: 7.646e-04, l1: 1.066, l2: 0.00775, Time: 19.43
It: 6000, Loss: 7.287e-04, l1: 1.067, l2: 0.00775, Time: 19.48
It: 7000, Loss: 6.869e-04, l1: 1.067, l2: 0.00768, Time: 19.56
It: 8000, Loss: 6.553e-04, l1: 1.068, l2: 0.00768, Time: 19.44
It: 9000, Loss: 6.307e-04, l1: 1.068, l2: 0.00763, Time: 19.45
It: 10000, Loss: 6.183e-04, l1: 1.069, l2: 0.00762, Time: 19.39
Model saved to models/Re100wcp/Re100wcp_10000.npz
It: 11000, Loss: 5.964e-04, l1: 1.070, l2: 0.00762, Time: 19.59
It: 12000, Loss: 6.728e-04, l1: 1.070, l2: 0.00750, Time: 19.43
It: 13000, Loss: 5.752e-04, l1: 1.071, l2: 0.00755, Time: 19.48
It: 14000, Loss: 5.950e-04, l1: 1.071, l2: 0.00751, Time: 19.49
It: 15000, Loss: 5.347e-04, l1: 1.072, l2: 0.00748, Time: 19.51
It: 16000, Loss: 5.233e-04, l1: 1.072, l2: 0.00746, Time: 19.53
It: 17000, Loss: 5.446e-04, l1: 1.072, l2: 0.00743, Time: 19.51
It: 18000, Loss: 5.542e-04, l1: 1.072, l2: 0.00739, Time: 19.38
It: 19000, Loss: 4.954e-04, l1: 1.073, l2: 0.00741, Time: 19.43
It: 20000, Loss: 4.891e-04, l1: 1.073, l2: 0.00738, Time: 19.44
Model saved to models/Re100wcp/Re100wcp_20000.npz
It: 21000, Loss: 7.987e-04, l1: 1.074, l2: 0.00731, Time: 19.44
It: 22000, Loss: 4.996e-04, l1: 1.074, l2: 0.00726, Time: 19.47
It: 23000, Loss: 4.606e-04, l1: 1.074, l2: 0.00731, Time: 19.42
It: 24000, Loss: 4.775e-04, l1: 1.074, l2: 0.00729, Time: 19.37
It: 25000, Loss: 4.465e-04, l1: 1.075, l2: 0.00727, Time: 19.44
It: 26000, Loss: 4.728e-04, l1: 1.075, l2: 0.00726, Time: 19.46
It: 27000, Loss: 4.389e-04, l1: 1.075, l2: 0.00725, Time: 19.63
It: 28000, Loss: 4.895e-04, l1: 1.075, l2: 0.00721, Time: 19.42
It: 29000, Loss: 4.347e-04, l1: 1.076, l2: 0.00722, Time: 19.40
It: 30000, Loss: 4.842e-04, l1: 1.076, l2: 0.00719, Time: 19.41
Model saved to models/Re100wcp/Re100wcp_30000.npz
It: 31000, Loss: 4.232e-04, l1: 1.076, l2: 0.00721, Time: 19.45
It: 32000, Loss: 4.060e-04, l1: 1.077, l2: 0.00718, Time: 19.43
It: 33000, Loss: 4.029e-04, l1: 1.077, l2: 0.00716, Time: 19.39
It: 34000, Loss: 3.970e-04, l1: 1.077, l2: 0.00715, Time: 19.40
It: 35000, Loss: 3.913e-04, l1: 1.077, l2: 0.00713, Time: 19.49
It: 36000, Loss: 3.930e-04, l1: 1.077, l2: 0.00711, Time: 19.50
It: 37000, Loss: 3.819e-04, l1: 1.077, l2: 0.00711, Time: 19.42
It: 38000, Loss: 5.684e-04, l1: 1.077, l2: 0.00708, Time: 19.43
It: 39000, Loss: 3.744e-04, l1: 1.078, l2: 0.00710, Time: 19.48
It: 40000, Loss: 3.840e-04, l1: 1.078, l2: 0.00707, Time: 19.51
Model saved to models/Re100wcp/Re100wcp_40000.npz
It: 41000, Loss: 4.106e-04, l1: 1.078, l2: 0.00708, Time: 19.42
It: 42000, Loss: 3.731e-04, l1: 1.078, l2: 0.00705, Time: 19.41
It: 43000, Loss: 3.596e-04, l1: 1.078, l2: 0.00706, Time: 19.44
It: 44000, Loss: 3.575e-04, l1: 1.078, l2: 0.00705, Time: 19.40
It: 45000, Loss: 3.574e-04, l1: 1.078, l2: 0.00702, Time: 19.45
It: 46000, Loss: 3.747e-04, l1: 1.078, l2: 0.00707, Time: 19.40
It: 47000, Loss: 3.465e-04, l1: 1.078, l2: 0.00704, Time: 19.41
It: 48000, Loss: 3.583e-04, l1: 1.078, l2: 0.00706, Time: 19.45
It: 49000, Loss: 3.704e-04, l1: 1.078, l2: 0.00702, Time: 19.40
It: 50000, Loss: 3.492e-04, l1: 1.078, l2: 0.00703, Time: 19.45
Model saved to models/Re100wcp/Re100wcp_50000.npz
It: 51000, Loss: 3.349e-04, l1: 1.078, l2: 0.00702, Time: 19.40
It: 52000, Loss: 3.318e-04, l1: 1.078, l2: 0.00700, Time: 19.42
It: 53000, Loss: 3.349e-04, l1: 1.078, l2: 0.00701, Time: 19.41
It: 54000, Loss: 3.331e-04, l1: 1.078, l2: 0.00697, Time: 19.46
It: 55000, Loss: 4.712e-04, l1: 1.078, l2: 0.00707, Time: 19.51
It: 56000, Loss: 4.257e-04, l1: 1.078, l2: 0.00696, Time: 19.53
It: 57000, Loss: 3.861e-04, l1: 1.078, l2: 0.00703, Time: 19.50
It: 58000, Loss: 3.206e-04, l1: 1.078, l2: 0.00698, Time: 19.46
It: 59000, Loss: 3.121e-04, l1: 1.079, l2: 0.00699, Time: 19.52
It: 60000, Loss: 3.102e-04, l1: 1.079, l2: 0.00698, Time: 19.50
Model saved to models/Re100wcp/Re100wcp_60000.npz
It: 61000, Loss: 3.140e-04, l1: 1.078, l2: 0.00698, Time: 19.54
It: 62000, Loss: 4.596e-04, l1: 1.078, l2: 0.00692, Time: 19.48
It: 63000, Loss: 3.144e-04, l1: 1.079, l2: 0.00697, Time: 19.43
It: 64000, Loss: 3.039e-04, l1: 1.079, l2: 0.00698, Time: 19.35
It: 65000, Loss: 3.007e-04, l1: 1.079, l2: 0.00698, Time: 19.45
It: 66000, Loss: 3.688e-04, l1: 1.079, l2: 0.00691, Time: 19.40
It: 67000, Loss: 3.056e-04, l1: 1.079, l2: 0.00696, Time: 19.46
It: 68000, Loss: 3.161e-04, l1: 1.078, l2: 0.00702, Time: 19.39
It: 69000, Loss: 3.380e-04, l1: 1.078, l2: 0.00696, Time: 19.48
It: 70000, Loss: 3.616e-04, l1: 1.078, l2: 0.00699, Time: 19.49
Model saved to models/Re100wcp/Re100wcp_70000.npz
It: 71000, Loss: 2.888e-04, l1: 1.079, l2: 0.00699, Time: 19.45
It: 72000, Loss: 4.887e-04, l1: 1.079, l2: 0.00692, Time: 19.43
It: 73000, Loss: 3.406e-04, l1: 1.078, l2: 0.00706, Time: 19.48
It: 74000, Loss: 2.869e-04, l1: 1.079, l2: 0.00699, Time: 19.43
It: 75000, Loss: 4.042e-04, l1: 1.078, l2: 0.00694, Time: 19.46
It: 76000, Loss: 2.815e-04, l1: 1.079, l2: 0.00698, Time: 19.43
It: 77000, Loss: 2.852e-04, l1: 1.079, l2: 0.00701, Time: 19.44
It: 78000, Loss: 2.775e-04, l1: 1.079, l2: 0.00699, Time: 19.42
It: 79000, Loss: 2.787e-04, l1: 1.079, l2: 0.00699, Time: 19.39
It: 80000, Loss: 3.409e-04, l1: 1.078, l2: 0.00700, Time: 19.44
Model saved to models/Re100wcp/Re100wcp_80000.npz
It: 81000, Loss: 2.781e-04, l1: 1.079, l2: 0.00700, Time: 19.47
It: 82000, Loss: 2.791e-04, l1: 1.079, l2: 0.00701, Time: 19.46
It: 83000, Loss: 3.538e-04, l1: 1.079, l2: 0.00693, Time: 19.42
It: 84000, Loss: 2.704e-04, l1: 1.079, l2: 0.00700, Time: 19.45
It: 85000, Loss: 4.581e-04, l1: 1.079, l2: 0.00701, Time: 19.46
It: 86000, Loss: 2.698e-04, l1: 1.079, l2: 0.00700, Time: 19.38
It: 87000, Loss: 2.844e-04, l1: 1.079, l2: 0.00698, Time: 19.42
It: 88000, Loss: 2.895e-04, l1: 1.079, l2: 0.00703, Time: 19.33
It: 89000, Loss: 3.011e-04, l1: 1.079, l2: 0.00697, Time: 19.35
It: 90000, Loss: 2.893e-04, l1: 1.079, l2: 0.00696, Time: 19.42
Model saved to models/Re100wcp/Re100wcp_90000.npz
It: 91000, Loss: 2.618e-04, l1: 1.079, l2: 0.00699, Time: 19.44
It: 92000, Loss: 2.699e-04, l1: 1.079, l2: 0.00697, Time: 19.35
It: 93000, Loss: 2.751e-04, l1: 1.079, l2: 0.00698, Time: 19.41
It: 94000, Loss: 2.591e-04, l1: 1.079, l2: 0.00697, Time: 19.33
It: 95000, Loss: 2.700e-04, l1: 1.079, l2: 0.00695, Time: 19.38
It: 96000, Loss: 2.549e-04, l1: 1.079, l2: 0.00698, Time: 19.44
It: 97000, Loss: 5.590e-04, l1: 1.079, l2: 0.00704, Time: 19.41
It: 98000, Loss: 2.756e-04, l1: 1.079, l2: 0.00698, Time: 19.38
It: 99000, Loss: 3.100e-04, l1: 1.079, l2: 0.00693, Time: 19.39
It: 100000, Loss: 2.514e-04, l1: 1.080, l2: 0.00697, Time: 19.35
Model saved to models/Re100wcp/Re100wcp_100000.npz
It: 101000, Loss: 3.784e-04, l1: 1.080, l2: 0.00690, Time: 19.42
It: 102000, Loss: 2.496e-04, l1: 1.080, l2: 0.00696, Time: 19.42
It: 103000, Loss: 2.486e-04, l1: 1.080, l2: 0.00695, Time: 19.37
It: 104000, Loss: 2.655e-04, l1: 1.079, l2: 0.00697, Time: 19.35
It: 105000, Loss: 3.916e-04, l1: 1.080, l2: 0.00688, Time: 19.38
It: 106000, Loss: 2.582e-04, l1: 1.080, l2: 0.00693, Time: 19.43
It: 107000, Loss: 4.287e-04, l1: 1.080, l2: 0.00699, Time: 19.39
It: 108000, Loss: 2.431e-04, l1: 1.080, l2: 0.00694, Time: 19.41
It: 109000, Loss: 2.487e-04, l1: 1.080, l2: 0.00693, Time: 19.35
It: 110000, Loss: 3.374e-04, l1: 1.080, l2: 0.00698, Time: 19.41
Model saved to models/Re100wcp/Re100wcp_110000.npz
It: 111000, Loss: 4.012e-04, l1: 1.080, l2: 0.00694, Time: 19.46
It: 112000, Loss: 2.394e-04, l1: 1.080, l2: 0.00691, Time: 19.38
It: 113000, Loss: 2.390e-04, l1: 1.080, l2: 0.00691, Time: 19.39
It: 114000, Loss: 3.300e-04, l1: 1.080, l2: 0.00687, Time: 19.39
It: 115000, Loss: 2.604e-04, l1: 1.081, l2: 0.00690, Time: 19.40
It: 116000, Loss: 3.039e-04, l1: 1.080, l2: 0.00687, Time: 19.37
It: 117000, Loss: 3.208e-04, l1: 1.081, l2: 0.00695, Time: 19.42
It: 118000, Loss: 2.349e-04, l1: 1.081, l2: 0.00689, Time: 19.60
It: 119000, Loss: 2.409e-04, l1: 1.080, l2: 0.00689, Time: 19.38
It: 120000, Loss: 2.338e-04, l1: 1.081, l2: 0.00688, Time: 19.36
Model saved to models/Re100wcp/Re100wcp_120000.npz
It: 121000, Loss: 2.362e-04, l1: 1.081, l2: 0.00687, Time: 19.37
It: 122000, Loss: 2.328e-04, l1: 1.081, l2: 0.00687, Time: 19.39
It: 123000, Loss: 2.367e-04, l1: 1.081, l2: 0.00686, Time: 19.37
It: 124000, Loss: 2.307e-04, l1: 1.081, l2: 0.00685, Time: 19.39
It: 125000, Loss: 2.368e-04, l1: 1.081, l2: 0.00686, Time: 19.40
It: 126000, Loss: 2.354e-04, l1: 1.081, l2: 0.00684, Time: 19.40
It: 127000, Loss: 2.262e-04, l1: 1.081, l2: 0.00683, Time: 19.42
It: 128000, Loss: 2.344e-04, l1: 1.081, l2: 0.00681, Time: 19.44
It: 129000, Loss: 2.365e-04, l1: 1.082, l2: 0.00680, Time: 19.45
It: 130000, Loss: 2.237e-04, l1: 1.082, l2: 0.00681, Time: 19.45
Model saved to models/Re100wcp/Re100wcp_130000.npz
It: 131000, Loss: 2.268e-04, l1: 1.082, l2: 0.00680, Time: 19.45
It: 132000, Loss: 2.223e-04, l1: 1.082, l2: 0.00680, Time: 19.40
It: 133000, Loss: 2.324e-04, l1: 1.082, l2: 0.00681, Time: 19.42
It: 134000, Loss: 2.219e-04, l1: 1.082, l2: 0.00678, Time: 19.41
It: 135000, Loss: 2.214e-04, l1: 1.082, l2: 0.00679, Time: 19.53
It: 136000, Loss: 2.300e-04, l1: 1.082, l2: 0.00679, Time: 19.41
It: 137000, Loss: 2.366e-04, l1: 1.082, l2: 0.00675, Time: 19.39
It: 138000, Loss: 2.187e-04, l1: 1.082, l2: 0.00677, Time: 19.40
It: 139000, Loss: 2.167e-04, l1: 1.083, l2: 0.00675, Time: 19.46
It: 140000, Loss: 2.220e-04, l1: 1.083, l2: 0.00676, Time: 19.40
Model saved to models/Re100wcp/Re100wcp_140000.npz
It: 141000, Loss: 2.153e-04, l1: 1.083, l2: 0.00674, Time: 19.37
It: 142000, Loss: 2.652e-04, l1: 1.082, l2: 0.00678, Time: 19.36
It: 143000, Loss: 2.142e-04, l1: 1.083, l2: 0.00673, Time: 19.36
It: 144000, Loss: 2.132e-04, l1: 1.083, l2: 0.00672, Time: 19.43
It: 145000, Loss: 2.227e-04, l1: 1.083, l2: 0.00670, Time: 19.41
It: 146000, Loss: 4.350e-04, l1: 1.083, l2: 0.00663, Time: 19.42
It: 147000, Loss: 2.609e-04, l1: 1.083, l2: 0.00671, Time: 19.41
It: 148000, Loss: 3.186e-04, l1: 1.083, l2: 0.00675, Time: 19.38
It: 149000, Loss: 2.380e-04, l1: 1.083, l2: 0.00672, Time: 19.58
It: 150000, Loss: 2.136e-04, l1: 1.083, l2: 0.00670, Time: 19.84
Model saved to models/Re100wcp/Re100wcp_150000.npz
It: 151000, Loss: 2.245e-04, l1: 1.084, l2: 0.00671, Time: 19.79
It: 152000, Loss: 2.085e-04, l1: 1.084, l2: 0.00667, Time: 19.80
It: 153000, Loss: 2.074e-04, l1: 1.084, l2: 0.00666, Time: 19.82
It: 154000, Loss: 2.206e-04, l1: 1.084, l2: 0.00663, Time: 19.82
It: 155000, Loss: 2.410e-04, l1: 1.084, l2: 0.00666, Time: 19.74
It: 156000, Loss: 2.759e-04, l1: 1.084, l2: 0.00661, Time: 19.76
It: 157000, Loss: 2.118e-04, l1: 1.084, l2: 0.00666, Time: 19.68
It: 158000, Loss: 2.066e-04, l1: 1.084, l2: 0.00664, Time: 19.81
It: 159000, Loss: 3.262e-04, l1: 1.084, l2: 0.00667, Time: 19.82
It: 160000, Loss: 2.023e-04, l1: 1.084, l2: 0.00662, Time: 19.75
Model saved to models/Re100wcp/Re100wcp_160000.npz
It: 161000, Loss: 2.042e-04, l1: 1.084, l2: 0.00663, Time: 19.80
It: 162000, Loss: 2.040e-04, l1: 1.084, l2: 0.00661, Time: 19.81
It: 163000, Loss: 2.606e-04, l1: 1.084, l2: 0.00656, Time: 19.76
It: 164000, Loss: 2.008e-04, l1: 1.085, l2: 0.00660, Time: 19.83
It: 165000, Loss: 2.506e-04, l1: 1.085, l2: 0.00663, Time: 19.77
It: 166000, Loss: 1.994e-04, l1: 1.085, l2: 0.00659, Time: 19.73
It: 167000, Loss: 2.405e-04, l1: 1.084, l2: 0.00658, Time: 19.81
It: 168000, Loss: 4.037e-04, l1: 1.085, l2: 0.00656, Time: 19.72
It: 169000, Loss: 2.071e-04, l1: 1.085, l2: 0.00659, Time: 19.68
It: 170000, Loss: 2.488e-04, l1: 1.084, l2: 0.00660, Time: 19.74
Model saved to models/Re100wcp/Re100wcp_170000.npz
It: 171000, Loss: 2.947e-04, l1: 1.084, l2: 0.00652, Time: 19.76
It: 172000, Loss: 2.673e-04, l1: 1.084, l2: 0.00657, Time: 19.69
It: 173000, Loss: 3.021e-04, l1: 1.085, l2: 0.00660, Time: 19.71
It: 174000, Loss: 2.042e-04, l1: 1.085, l2: 0.00656, Time: 19.89
It: 175000, Loss: 2.613e-04, l1: 1.085, l2: 0.00649, Time: 19.80
It: 176000, Loss: 1.946e-04, l1: 1.085, l2: 0.00654, Time: 19.76
It: 177000, Loss: 2.031e-04, l1: 1.085, l2: 0.00655, Time: 19.67
It: 178000, Loss: 3.543e-04, l1: 1.085, l2: 0.00647, Time: 19.72
It: 179000, Loss: 1.968e-04, l1: 1.085, l2: 0.00655, Time: 19.73
It: 180000, Loss: 3.704e-04, l1: 1.085, l2: 0.00650, Time: 19.66
Model saved to models/Re100wcp/Re100wcp_180000.npz
It: 181000, Loss: 1.926e-04, l1: 1.085, l2: 0.00652, Time: 19.76
It: 182000, Loss: 1.937e-04, l1: 1.085, l2: 0.00650, Time: 19.84
It: 183000, Loss: 2.304e-04, l1: 1.085, l2: 0.00656, Time: 19.74
It: 184000, Loss: 1.929e-04, l1: 1.085, l2: 0.00650, Time: 19.68
It: 185000, Loss: 1.905e-04, l1: 1.086, l2: 0.00649, Time: 19.64
It: 186000, Loss: 2.154e-04, l1: 1.085, l2: 0.00652, Time: 19.61
It: 187000, Loss: 1.902e-04, l1: 1.086, l2: 0.00650, Time: 19.69
It: 188000, Loss: 1.905e-04, l1: 1.085, l2: 0.00649, Time: 19.71
It: 189000, Loss: 1.944e-04, l1: 1.086, l2: 0.00647, Time: 19.66
It: 190000, Loss: 1.864e-04, l1: 1.086, l2: 0.00648, Time: 19.77
Model saved to models/Re100wcp/Re100wcp_190000.npz
It: 191000, Loss: 1.908e-04, l1: 1.086, l2: 0.00646, Time: 19.76
It: 192000, Loss: 1.854e-04, l1: 1.086, l2: 0.00647, Time: 19.77
It: 193000, Loss: 2.808e-04, l1: 1.086, l2: 0.00653, Time: 19.71
It: 194000, Loss: 3.167e-04, l1: 1.086, l2: 0.00639, Time: 19.69
It: 195000, Loss: 1.874e-04, l1: 1.086, l2: 0.00645, Time: 19.65
It: 196000, Loss: 2.104e-04, l1: 1.086, l2: 0.00646, Time: 19.68
It: 197000, Loss: 2.071e-04, l1: 1.086, l2: 0.00644, Time: 19.69
It: 198000, Loss: 2.978e-04, l1: 1.086, l2: 0.00640, Time: 19.68
It: 199000, Loss: 1.885e-04, l1: 1.086, l2: 0.00643, Time: 19.71
Loss history plot saved to plots/Re100wcp_TLnyq2150_[1, 2]//Re100wcp_20000_TL150_loss_hist.png
Lambda history plot saved to plots/Re100wcp_TLnyq2150_[1, 2]//Re100wcp_20000_TL150_lambda_hist.png
Model Training Complete for 200000 iterations
Model saved to models/Re100wcp_TLnyq2150_[1, 2]//Re100wcp_20000_TL150_200000.npz
Model Re100wcp_20000.npz processed successfully.
Processing model: models/Re100wcp/Re100wcp_30000.npz
Model loaded from models/Re100wcp/Re100wcp_30000.npz
Frozen Layers: [1, 2]
Training Model...
It: 0, Loss: 4.763e-03, l1: 1.075, l2: 0.00619, Time: 11.38
It: 1000, Loss: 1.507e-03, l1: 1.065, l2: 0.00682, Time: 19.68
It: 2000, Loss: 9.286e-04, l1: 1.066, l2: 0.00733, Time: 19.60
It: 3000, Loss: 8.243e-04, l1: 1.067, l2: 0.00746, Time: 19.66
It: 4000, Loss: 7.477e-04, l1: 1.068, l2: 0.00754, Time: 19.61
It: 5000, Loss: 6.976e-04, l1: 1.068, l2: 0.00756, Time: 19.57
It: 6000, Loss: 6.552e-04, l1: 1.069, l2: 0.00758, Time: 19.57
It: 7000, Loss: 6.215e-04, l1: 1.069, l2: 0.00759, Time: 19.57
It: 8000, Loss: 5.932e-04, l1: 1.070, l2: 0.00758, Time: 19.54
It: 9000, Loss: 6.396e-04, l1: 1.071, l2: 0.00753, Time: 19.60
It: 10000, Loss: 5.510e-04, l1: 1.071, l2: 0.00759, Time: 19.57
Model saved to models/Re100wcp/Re100wcp_10000.npz
It: 11000, Loss: 5.342e-04, l1: 1.072, l2: 0.00759, Time: 19.54
It: 12000, Loss: 5.313e-04, l1: 1.072, l2: 0.00760, Time: 19.54
It: 13000, Loss: 5.058e-04, l1: 1.073, l2: 0.00758, Time: 19.62
It: 14000, Loss: 4.950e-04, l1: 1.073, l2: 0.00758, Time: 19.67
It: 15000, Loss: 4.833e-04, l1: 1.074, l2: 0.00758, Time: 19.63
It: 16000, Loss: 5.241e-04, l1: 1.074, l2: 0.00759, Time: 19.54
It: 17000, Loss: 7.034e-04, l1: 1.074, l2: 0.00762, Time: 19.52
It: 18000, Loss: 4.846e-04, l1: 1.075, l2: 0.00759, Time: 19.65
It: 19000, Loss: 4.673e-04, l1: 1.075, l2: 0.00756, Time: 19.55
It: 20000, Loss: 4.506e-04, l1: 1.075, l2: 0.00756, Time: 19.57
Model saved to models/Re100wcp/Re100wcp_20000.npz
It: 21000, Loss: 4.376e-04, l1: 1.075, l2: 0.00753, Time: 19.62
It: 22000, Loss: 5.799e-04, l1: 1.075, l2: 0.00751, Time: 19.63
It: 23000, Loss: 6.812e-04, l1: 1.076, l2: 0.00751, Time: 19.60
It: 24000, Loss: 4.213e-04, l1: 1.076, l2: 0.00749, Time: 19.55
It: 25000, Loss: 4.209e-04, l1: 1.076, l2: 0.00744, Time: 19.53
It: 26000, Loss: 4.593e-04, l1: 1.076, l2: 0.00748, Time: 19.56
It: 27000, Loss: 4.026e-04, l1: 1.077, l2: 0.00742, Time: 19.55
It: 28000, Loss: 4.032e-04, l1: 1.077, l2: 0.00741, Time: 19.57
It: 29000, Loss: 3.936e-04, l1: 1.077, l2: 0.00738, Time: 19.59
It: 30000, Loss: 3.934e-04, l1: 1.077, l2: 0.00735, Time: 19.54
Model saved to models/Re100wcp/Re100wcp_30000.npz
It: 31000, Loss: 3.865e-04, l1: 1.077, l2: 0.00733, Time: 19.53
It: 32000, Loss: 3.912e-04, l1: 1.077, l2: 0.00729, Time: 19.55
It: 33000, Loss: 3.790e-04, l1: 1.077, l2: 0.00729, Time: 19.57
It: 34000, Loss: 3.801e-04, l1: 1.077, l2: 0.00727, Time: 19.61
It: 35000, Loss: 3.751e-04, l1: 1.077, l2: 0.00724, Time: 19.56
It: 36000, Loss: 5.535e-04, l1: 1.077, l2: 0.00726, Time: 19.60
It: 37000, Loss: 3.629e-04, l1: 1.077, l2: 0.00719, Time: 19.54
It: 38000, Loss: 4.322e-04, l1: 1.077, l2: 0.00719, Time: 19.54
It: 39000, Loss: 3.568e-04, l1: 1.077, l2: 0.00714, Time: 19.54
It: 40000, Loss: 3.599e-04, l1: 1.077, l2: 0.00712, Time: 19.56
Model saved to models/Re100wcp/Re100wcp_40000.npz
It: 41000, Loss: 3.519e-04, l1: 1.077, l2: 0.00710, Time: 19.60
It: 42000, Loss: 3.486e-04, l1: 1.077, l2: 0.00707, Time: 19.58
It: 43000, Loss: 4.324e-04, l1: 1.077, l2: 0.00708, Time: 19.54
It: 44000, Loss: 3.555e-04, l1: 1.077, l2: 0.00702, Time: 19.60
It: 45000, Loss: 3.420e-04, l1: 1.077, l2: 0.00701, Time: 19.54
It: 46000, Loss: 3.387e-04, l1: 1.077, l2: 0.00698, Time: 19.55
It: 47000, Loss: 3.695e-04, l1: 1.077, l2: 0.00697, Time: 19.54
It: 48000, Loss: 3.297e-04, l1: 1.077, l2: 0.00695, Time: 19.50
It: 49000, Loss: 3.317e-04, l1: 1.077, l2: 0.00695, Time: 19.63
It: 50000, Loss: 3.703e-04, l1: 1.076, l2: 0.00686, Time: 19.53
Model saved to models/Re100wcp/Re100wcp_50000.npz
It: 51000, Loss: 3.840e-04, l1: 1.077, l2: 0.00696, Time: 19.54
It: 52000, Loss: 3.461e-04, l1: 1.077, l2: 0.00687, Time: 19.57
It: 53000, Loss: 4.964e-04, l1: 1.077, l2: 0.00680, Time: 19.55
It: 54000, Loss: 3.279e-04, l1: 1.077, l2: 0.00682, Time: 19.56
It: 55000, Loss: 3.128e-04, l1: 1.077, l2: 0.00683, Time: 19.51
It: 56000, Loss: 3.100e-04, l1: 1.077, l2: 0.00681, Time: 19.53
It: 57000, Loss: 3.141e-04, l1: 1.077, l2: 0.00678, Time: 19.53
It: 58000, Loss: 3.053e-04, l1: 1.077, l2: 0.00678, Time: 19.60
It: 59000, Loss: 3.491e-04, l1: 1.076, l2: 0.00676, Time: 19.52
It: 60000, Loss: 3.064e-04, l1: 1.077, l2: 0.00675, Time: 19.51
Model saved to models/Re100wcp/Re100wcp_60000.npz
It: 61000, Loss: 3.223e-04, l1: 1.076, l2: 0.00674, Time: 19.50
It: 62000, Loss: 2.969e-04, l1: 1.077, l2: 0.00673, Time: 19.49
It: 63000, Loss: 3.010e-04, l1: 1.077, l2: 0.00670, Time: 19.51
It: 64000, Loss: 3.058e-04, l1: 1.076, l2: 0.00669, Time: 19.59
It: 65000, Loss: 3.494e-04, l1: 1.076, l2: 0.00667, Time: 19.51
It: 66000, Loss: 6.205e-04, l1: 1.076, l2: 0.00675, Time: 19.47
It: 67000, Loss: 5.493e-04, l1: 1.076, l2: 0.00671, Time: 19.54
It: 68000, Loss: 2.955e-04, l1: 1.076, l2: 0.00667, Time: 19.54
It: 69000, Loss: 2.846e-04, l1: 1.076, l2: 0.00664, Time: 19.48
It: 70000, Loss: 2.809e-04, l1: 1.076, l2: 0.00663, Time: 19.53
Model saved to models/Re100wcp/Re100wcp_70000.npz
It: 71000, Loss: 2.872e-04, l1: 1.076, l2: 0.00664, Time: 19.55
It: 72000, Loss: 5.700e-04, l1: 1.076, l2: 0.00651, Time: 19.56
It: 73000, Loss: 2.759e-04, l1: 1.076, l2: 0.00660, Time: 19.52
It: 74000, Loss: 2.826e-04, l1: 1.076, l2: 0.00660, Time: 19.48
It: 75000, Loss: 3.193e-04, l1: 1.075, l2: 0.00652, Time: 19.49
It: 76000, Loss: 2.815e-04, l1: 1.076, l2: 0.00659, Time: 19.49
It: 77000, Loss: 2.711e-04, l1: 1.076, l2: 0.00658, Time: 19.50
It: 78000, Loss: 2.680e-04, l1: 1.076, l2: 0.00657, Time: 19.56
It: 79000, Loss: 3.409e-04, l1: 1.075, l2: 0.00660, Time: 19.56
It: 80000, Loss: 2.647e-04, l1: 1.075, l2: 0.00656, Time: 19.62
Model saved to models/Re100wcp/Re100wcp_80000.npz
It: 81000, Loss: 2.673e-04, l1: 1.075, l2: 0.00654, Time: 19.59
It: 82000, Loss: 3.164e-04, l1: 1.075, l2: 0.00653, Time: 19.63
It: 83000, Loss: 2.641e-04, l1: 1.075, l2: 0.00652, Time: 19.62
It: 84000, Loss: 5.639e-04, l1: 1.075, l2: 0.00661, Time: 19.53
It: 85000, Loss: 2.573e-04, l1: 1.075, l2: 0.00652, Time: 19.54
It: 86000, Loss: 2.571e-04, l1: 1.075, l2: 0.00651, Time: 19.57
It: 87000, Loss: 3.164e-04, l1: 1.075, l2: 0.00654, Time: 19.56
It: 88000, Loss: 2.609e-04, l1: 1.075, l2: 0.00651, Time: 19.58
It: 89000, Loss: 2.632e-04, l1: 1.075, l2: 0.00652, Time: 19.55
It: 90000, Loss: 5.014e-04, l1: 1.075, l2: 0.00641, Time: 19.52
Model saved to models/Re100wcp/Re100wcp_90000.npz
It: 91000, Loss: 2.591e-04, l1: 1.075, l2: 0.00648, Time: 19.58
It: 92000, Loss: 3.319e-04, l1: 1.075, l2: 0.00646, Time: 19.51
It: 93000, Loss: 2.841e-04, l1: 1.074, l2: 0.00645, Time: 19.63
It: 94000, Loss: 2.460e-04, l1: 1.075, l2: 0.00648, Time: 19.68
It: 95000, Loss: 2.483e-04, l1: 1.075, l2: 0.00648, Time: 19.62
It: 96000, Loss: 2.589e-04, l1: 1.074, l2: 0.00644, Time: 19.60
It: 97000, Loss: 2.950e-04, l1: 1.075, l2: 0.00651, Time: 19.52
It: 98000, Loss: 2.539e-04, l1: 1.075, l2: 0.00645, Time: 19.53
It: 99000, Loss: 2.402e-04, l1: 1.075, l2: 0.00646, Time: 19.48
It: 100000, Loss: 2.442e-04, l1: 1.075, l2: 0.00645, Time: 19.48
Model saved to models/Re100wcp/Re100wcp_100000.npz
It: 101000, Loss: 3.068e-04, l1: 1.074, l2: 0.00651, Time: 19.50
It: 102000, Loss: 2.371e-04, l1: 1.075, l2: 0.00644, Time: 19.46
It: 103000, Loss: 2.368e-04, l1: 1.074, l2: 0.00643, Time: 19.48
It: 104000, Loss: 2.371e-04, l1: 1.074, l2: 0.00644, Time: 19.63
It: 105000, Loss: 2.675e-04, l1: 1.074, l2: 0.00643, Time: 19.65
It: 106000, Loss: 2.729e-04, l1: 1.074, l2: 0.00638, Time: 19.55
It: 107000, Loss: 2.330e-04, l1: 1.074, l2: 0.00642, Time: 19.57
It: 108000, Loss: 2.598e-04, l1: 1.074, l2: 0.00642, Time: 19.53
It: 109000, Loss: 2.317e-04, l1: 1.074, l2: 0.00641, Time: 19.49
It: 110000, Loss: 2.677e-04, l1: 1.074, l2: 0.00643, Time: 19.52
Model saved to models/Re100wcp/Re100wcp_110000.npz
It: 111000, Loss: 3.238e-04, l1: 1.074, l2: 0.00636, Time: 19.59
It: 112000, Loss: 2.451e-04, l1: 1.074, l2: 0.00642, Time: 19.48
It: 113000, Loss: 2.664e-04, l1: 1.074, l2: 0.00635, Time: 19.56
It: 114000, Loss: 2.368e-04, l1: 1.074, l2: 0.00639, Time: 19.62
It: 115000, Loss: 2.257e-04, l1: 1.074, l2: 0.00638, Time: 19.60
It: 116000, Loss: 2.244e-04, l1: 1.074, l2: 0.00638, Time: 19.60
It: 117000, Loss: 3.259e-04, l1: 1.074, l2: 0.00630, Time: 19.61
It: 118000, Loss: 2.532e-04, l1: 1.074, l2: 0.00640, Time: 19.54
It: 119000, Loss: 2.234e-04, l1: 1.074, l2: 0.00635, Time: 19.53
It: 120000, Loss: 2.239e-04, l1: 1.074, l2: 0.00636, Time: 19.55
Model saved to models/Re100wcp/Re100wcp_120000.npz
It: 121000, Loss: 2.717e-04, l1: 1.074, l2: 0.00639, Time: 19.56
It: 122000, Loss: 2.205e-04, l1: 1.074, l2: 0.00633, Time: 20.07
It: 123000, Loss: 2.221e-04, l1: 1.074, l2: 0.00634, Time: 19.94
It: 124000, Loss: 2.258e-04, l1: 1.074, l2: 0.00633, Time: 19.59
It: 125000, Loss: 2.174e-04, l1: 1.074, l2: 0.00632, Time: 19.55
It: 126000, Loss: 2.163e-04, l1: 1.074, l2: 0.00632, Time: 19.59
It: 127000, Loss: 2.668e-04, l1: 1.074, l2: 0.00626, Time: 19.56
It: 128000, Loss: 2.244e-04, l1: 1.074, l2: 0.00633, Time: 19.47
It: 129000, Loss: 2.440e-04, l1: 1.074, l2: 0.00631, Time: 19.43
It: 130000, Loss: 2.156e-04, l1: 1.074, l2: 0.00629, Time: 19.45
Model saved to models/Re100wcp/Re100wcp_130000.npz
It: 131000, Loss: 2.129e-04, l1: 1.074, l2: 0.00629, Time: 19.49
It: 132000, Loss: 2.587e-04, l1: 1.073, l2: 0.00625, Time: 19.48
It: 133000, Loss: 2.555e-04, l1: 1.073, l2: 0.00633, Time: 19.49
It: 134000, Loss: 2.250e-04, l1: 1.074, l2: 0.00631, Time: 19.46
It: 135000, Loss: 3.422e-04, l1: 1.074, l2: 0.00634, Time: 19.46
It: 136000, Loss: 3.203e-04, l1: 1.074, l2: 0.00631, Time: 19.46
It: 137000, Loss: 2.122e-04, l1: 1.073, l2: 0.00627, Time: 19.50
It: 138000, Loss: 2.104e-04, l1: 1.074, l2: 0.00625, Time: 19.52
It: 139000, Loss: 4.085e-04, l1: 1.074, l2: 0.00618, Time: 19.52
It: 140000, Loss: 2.715e-04, l1: 1.073, l2: 0.00625, Time: 19.46
Model saved to models/Re100wcp/Re100wcp_140000.npz
It: 141000, Loss: 2.126e-04, l1: 1.073, l2: 0.00623, Time: 19.70
It: 142000, Loss: 2.235e-04, l1: 1.074, l2: 0.00620, Time: 19.62
It: 143000, Loss: 2.058e-04, l1: 1.074, l2: 0.00621, Time: 19.55
It: 144000, Loss: 5.517e-04, l1: 1.074, l2: 0.00614, Time: 19.53
It: 145000, Loss: 2.281e-04, l1: 1.073, l2: 0.00623, Time: 19.52
It: 146000, Loss: 2.532e-04, l1: 1.074, l2: 0.00618, Time: 19.69
It: 147000, Loss: 2.029e-04, l1: 1.073, l2: 0.00620, Time: 19.59
It: 148000, Loss: 2.113e-04, l1: 1.073, l2: 0.00617, Time: 19.48
It: 149000, Loss: 2.013e-04, l1: 1.074, l2: 0.00619, Time: 19.60
It: 150000, Loss: 4.418e-04, l1: 1.073, l2: 0.00629, Time: 19.59
Model saved to models/Re100wcp/Re100wcp_150000.npz
It: 151000, Loss: 2.041e-04, l1: 1.073, l2: 0.00618, Time: 19.58
It: 152000, Loss: 2.014e-04, l1: 1.074, l2: 0.00616, Time: 19.50
It: 153000, Loss: 1.998e-04, l1: 1.074, l2: 0.00616, Time: 19.51
It: 154000, Loss: 2.246e-04, l1: 1.073, l2: 0.00617, Time: 19.49
It: 155000, Loss: 2.103e-04, l1: 1.073, l2: 0.00612, Time: 19.51
It: 156000, Loss: 2.920e-04, l1: 1.073, l2: 0.00610, Time: 19.53
It: 157000, Loss: 4.346e-04, l1: 1.073, l2: 0.00616, Time: 19.45
It: 158000, Loss: 2.061e-04, l1: 1.073, l2: 0.00614, Time: 19.48
It: 159000, Loss: 2.434e-04, l1: 1.073, l2: 0.00614, Time: 19.59
It: 160000, Loss: 1.968e-04, l1: 1.073, l2: 0.00611, Time: 19.46
Model saved to models/Re100wcp/Re100wcp_160000.npz
It: 161000, Loss: 1.970e-04, l1: 1.073, l2: 0.00612, Time: 19.57
It: 162000, Loss: 1.945e-04, l1: 1.073, l2: 0.00610, Time: 19.53
It: 163000, Loss: 1.951e-04, l1: 1.073, l2: 0.00610, Time: 19.49
It: 164000, Loss: 1.962e-04, l1: 1.073, l2: 0.00608, Time: 19.55
It: 165000, Loss: 1.958e-04, l1: 1.073, l2: 0.00609, Time: 19.46
It: 166000, Loss: 3.088e-04, l1: 1.073, l2: 0.00620, Time: 19.42
It: 167000, Loss: 2.438e-04, l1: 1.073, l2: 0.00603, Time: 19.58
It: 168000, Loss: 2.145e-04, l1: 1.073, l2: 0.00611, Time: 19.64
It: 169000, Loss: 2.045e-04, l1: 1.073, l2: 0.00607, Time: 19.53
It: 170000, Loss: 1.900e-04, l1: 1.073, l2: 0.00605, Time: 19.53
Model saved to models/Re100wcp/Re100wcp_170000.npz
It: 171000, Loss: 1.947e-04, l1: 1.073, l2: 0.00604, Time: 19.55
It: 172000, Loss: 1.888e-04, l1: 1.073, l2: 0.00604, Time: 19.62
It: 173000, Loss: 2.197e-04, l1: 1.073, l2: 0.00604, Time: 19.49
It: 174000, Loss: 2.117e-04, l1: 1.073, l2: 0.00603, Time: 19.43
It: 175000, Loss: 1.885e-04, l1: 1.073, l2: 0.00600, Time: 19.53
It: 176000, Loss: 4.520e-04, l1: 1.073, l2: 0.00605, Time: 19.47
It: 177000, Loss: 5.989e-04, l1: 1.073, l2: 0.00608, Time: 19.40
It: 178000, Loss: 2.009e-04, l1: 1.073, l2: 0.00603, Time: 19.40
It: 179000, Loss: 1.858e-04, l1: 1.073, l2: 0.00599, Time: 19.45
It: 180000, Loss: 2.100e-04, l1: 1.073, l2: 0.00595, Time: 19.38
Model saved to models/Re100wcp/Re100wcp_180000.npz
It: 181000, Loss: 1.849e-04, l1: 1.073, l2: 0.00598, Time: 19.41
It: 182000, Loss: 2.038e-04, l1: 1.073, l2: 0.00595, Time: 19.39
It: 183000, Loss: 1.844e-04, l1: 1.073, l2: 0.00597, Time: 19.40
It: 184000, Loss: 1.852e-04, l1: 1.073, l2: 0.00597, Time: 19.39
It: 185000, Loss: 1.860e-04, l1: 1.073, l2: 0.00596, Time: 19.38
It: 186000, Loss: 2.911e-04, l1: 1.073, l2: 0.00594, Time: 19.45
It: 187000, Loss: 1.865e-04, l1: 1.073, l2: 0.00594, Time: 19.41
It: 188000, Loss: 1.830e-04, l1: 1.073, l2: 0.00593, Time: 19.36
It: 189000, Loss: 1.970e-04, l1: 1.073, l2: 0.00595, Time: 19.48
It: 190000, Loss: 1.892e-04, l1: 1.073, l2: 0.00591, Time: 19.45
Model saved to models/Re100wcp/Re100wcp_190000.npz
It: 191000, Loss: 2.753e-04, l1: 1.073, l2: 0.00591, Time: 19.41
It: 192000, Loss: 3.840e-04, l1: 1.073, l2: 0.00585, Time: 19.39
It: 193000, Loss: 1.853e-04, l1: 1.073, l2: 0.00591, Time: 19.57
It: 194000, Loss: 1.942e-04, l1: 1.073, l2: 0.00590, Time: 19.39
It: 195000, Loss: 2.450e-04, l1: 1.073, l2: 0.00582, Time: 19.43
It: 196000, Loss: 1.871e-04, l1: 1.073, l2: 0.00593, Time: 19.38
It: 197000, Loss: 1.897e-04, l1: 1.073, l2: 0.00588, Time: 19.33
It: 198000, Loss: 2.581e-04, l1: 1.073, l2: 0.00591, Time: 19.38
It: 199000, Loss: 3.304e-04, l1: 1.073, l2: 0.00581, Time: 19.43
Loss history plot saved to plots/Re100wcp_TLnyq2150_[1, 2]//Re100wcp_30000_TL150_loss_hist.png
Lambda history plot saved to plots/Re100wcp_TLnyq2150_[1, 2]//Re100wcp_30000_TL150_lambda_hist.png
Model Training Complete for 200000 iterations
Model saved to models/Re100wcp_TLnyq2150_[1, 2]//Re100wcp_30000_TL150_200000.npz
Model Re100wcp_30000.npz processed successfully.
Processing model: models/Re100wcp/Re100wcp_40000.npz
Model loaded from models/Re100wcp/Re100wcp_40000.npz
Frozen Layers: [1, 2]
Training Model...
It: 0, Loss: 5.054e-03, l1: 1.076, l2: 0.00612, Time: 10.08
It: 1000, Loss: 1.048e-03, l1: 1.060, l2: 0.00530, Time: 19.40
It: 2000, Loss: 8.664e-04, l1: 1.058, l2: 0.00527, Time: 19.46
It: 3000, Loss: 8.028e-04, l1: 1.057, l2: 0.00527, Time: 19.39
It: 4000, Loss: 7.149e-04, l1: 1.057, l2: 0.00524, Time: 19.44
It: 5000, Loss: 6.739e-04, l1: 1.057, l2: 0.00520, Time: 19.43
It: 6000, Loss: 6.306e-04, l1: 1.057, l2: 0.00521, Time: 19.46
It: 7000, Loss: 6.049e-04, l1: 1.058, l2: 0.00519, Time: 19.47
It: 8000, Loss: 5.934e-04, l1: 1.057, l2: 0.00520, Time: 19.44
It: 9000, Loss: 5.606e-04, l1: 1.058, l2: 0.00515, Time: 19.40
It: 10000, Loss: 5.479e-04, l1: 1.058, l2: 0.00512, Time: 19.36
Model saved to models/Re100wcp/Re100wcp_10000.npz
It: 11000, Loss: 5.268e-04, l1: 1.058, l2: 0.00510, Time: 19.38
It: 12000, Loss: 5.082e-04, l1: 1.058, l2: 0.00509, Time: 19.35
It: 13000, Loss: 4.945e-04, l1: 1.058, l2: 0.00508, Time: 19.39
It: 14000, Loss: 4.887e-04, l1: 1.058, l2: 0.00503, Time: 19.35
It: 15000, Loss: 4.693e-04, l1: 1.058, l2: 0.00503, Time: 19.34
It: 16000, Loss: 4.649e-04, l1: 1.058, l2: 0.00503, Time: 19.51
It: 17000, Loss: 4.552e-04, l1: 1.058, l2: 0.00502, Time: 19.43
It: 18000, Loss: 4.472e-04, l1: 1.058, l2: 0.00499, Time: 19.38
It: 19000, Loss: 4.397e-04, l1: 1.058, l2: 0.00498, Time: 19.36
It: 20000, Loss: 4.225e-04, l1: 1.058, l2: 0.00496, Time: 19.36
Model saved to models/Re100wcp/Re100wcp_20000.npz
It: 21000, Loss: 4.137e-04, l1: 1.058, l2: 0.00495, Time: 19.39
It: 22000, Loss: 4.388e-04, l1: 1.057, l2: 0.00497, Time: 19.41
It: 23000, Loss: 4.170e-04, l1: 1.057, l2: 0.00492, Time: 19.37
It: 24000, Loss: 3.993e-04, l1: 1.057, l2: 0.00492, Time: 19.33
It: 25000, Loss: 3.888e-04, l1: 1.057, l2: 0.00490, Time: 19.40
It: 26000, Loss: 3.908e-04, l1: 1.057, l2: 0.00490, Time: 19.37
It: 27000, Loss: 3.754e-04, l1: 1.057, l2: 0.00488, Time: 19.40
It: 28000, Loss: 3.744e-04, l1: 1.057, l2: 0.00486, Time: 19.42
It: 29000, Loss: 3.644e-04, l1: 1.057, l2: 0.00486, Time: 19.46
It: 30000, Loss: 3.665e-04, l1: 1.057, l2: 0.00486, Time: 19.36
Model saved to models/Re100wcp/Re100wcp_30000.npz
It: 31000, Loss: 3.621e-04, l1: 1.057, l2: 0.00480, Time: 19.38
It: 32000, Loss: 3.646e-04, l1: 1.057, l2: 0.00485, Time: 19.36
It: 33000, Loss: 3.457e-04, l1: 1.057, l2: 0.00482, Time: 19.49
It: 34000, Loss: 3.409e-04, l1: 1.057, l2: 0.00481, Time: 19.37
It: 35000, Loss: 3.471e-04, l1: 1.057, l2: 0.00482, Time: 19.53
It: 36000, Loss: 3.585e-04, l1: 1.057, l2: 0.00479, Time: 19.55
It: 37000, Loss: 3.315e-04, l1: 1.057, l2: 0.00476, Time: 19.44
It: 38000, Loss: 3.314e-04, l1: 1.057, l2: 0.00476, Time: 19.50
It: 39000, Loss: 3.249e-04, l1: 1.057, l2: 0.00477, Time: 19.58
It: 40000, Loss: 3.180e-04, l1: 1.057, l2: 0.00475, Time: 19.42
Model saved to models/Re100wcp/Re100wcp_40000.npz
It: 41000, Loss: 3.149e-04, l1: 1.057, l2: 0.00475, Time: 19.36
It: 42000, Loss: 3.273e-04, l1: 1.056, l2: 0.00477, Time: 19.38
It: 43000, Loss: 3.087e-04, l1: 1.057, l2: 0.00473, Time: 19.39
It: 44000, Loss: 3.132e-04, l1: 1.057, l2: 0.00472, Time: 19.34
It: 45000, Loss: 3.018e-04, l1: 1.057, l2: 0.00471, Time: 19.35
It: 46000, Loss: 3.014e-04, l1: 1.056, l2: 0.00472, Time: 19.31
It: 47000, Loss: 2.977e-04, l1: 1.056, l2: 0.00468, Time: 19.37
It: 48000, Loss: 3.809e-04, l1: 1.056, l2: 0.00466, Time: 19.41
It: 49000, Loss: 2.965e-04, l1: 1.056, l2: 0.00468, Time: 19.50
It: 50000, Loss: 3.806e-04, l1: 1.056, l2: 0.00467, Time: 19.43
Model saved to models/Re100wcp/Re100wcp_50000.npz
It: 51000, Loss: 2.849e-04, l1: 1.056, l2: 0.00468, Time: 19.44
It: 52000, Loss: 4.352e-04, l1: 1.056, l2: 0.00473, Time: 19.42
It: 53000, Loss: 2.819e-04, l1: 1.056, l2: 0.00467, Time: 19.39
It: 54000, Loss: 2.807e-04, l1: 1.056, l2: 0.00464, Time: 19.32
It: 55000, Loss: 2.889e-04, l1: 1.056, l2: 0.00464, Time: 19.40
It: 56000, Loss: 2.775e-04, l1: 1.056, l2: 0.00467, Time: 19.35
It: 57000, Loss: 2.781e-04, l1: 1.056, l2: 0.00464, Time: 19.37
It: 58000, Loss: 2.702e-04, l1: 1.056, l2: 0.00465, Time: 19.49
It: 59000, Loss: 3.361e-04, l1: 1.055, l2: 0.00472, Time: 19.39
It: 60000, Loss: 2.659e-04, l1: 1.056, l2: 0.00464, Time: 19.39
Model saved to models/Re100wcp/Re100wcp_60000.npz
It: 61000, Loss: 2.676e-04, l1: 1.056, l2: 0.00464, Time: 19.40
It: 62000, Loss: 2.901e-04, l1: 1.055, l2: 0.00463, Time: 19.46
It: 63000, Loss: 2.609e-04, l1: 1.056, l2: 0.00464, Time: 19.43
It: 64000, Loss: 3.028e-04, l1: 1.056, l2: 0.00463, Time: 19.45
It: 65000, Loss: 2.775e-04, l1: 1.055, l2: 0.00460, Time: 19.38
It: 66000, Loss: 2.547e-04, l1: 1.056, l2: 0.00460, Time: 19.55
It: 67000, Loss: 2.523e-04, l1: 1.055, l2: 0.00459, Time: 19.45
It: 68000, Loss: 2.497e-04, l1: 1.056, l2: 0.00460, Time: 19.44
It: 69000, Loss: 3.852e-04, l1: 1.055, l2: 0.00466, Time: 19.40
It: 70000, Loss: 2.472e-04, l1: 1.055, l2: 0.00459, Time: 19.47
Model saved to models/Re100wcp/Re100wcp_70000.npz
It: 71000, Loss: 2.746e-04, l1: 1.055, l2: 0.00459, Time: 19.40
It: 72000, Loss: 2.594e-04, l1: 1.055, l2: 0.00455, Time: 19.40
It: 73000, Loss: 2.529e-04, l1: 1.055, l2: 0.00459, Time: 19.42
It: 74000, Loss: 2.402e-04, l1: 1.055, l2: 0.00457, Time: 19.36
It: 75000, Loss: 2.536e-04, l1: 1.055, l2: 0.00458, Time: 19.46
It: 76000, Loss: 2.379e-04, l1: 1.055, l2: 0.00459, Time: 19.56
It: 77000, Loss: 3.465e-04, l1: 1.055, l2: 0.00449, Time: 19.41
It: 78000, Loss: 2.341e-04, l1: 1.055, l2: 0.00456, Time: 19.37
It: 79000, Loss: 2.445e-04, l1: 1.055, l2: 0.00452, Time: 19.37
It: 80000, Loss: 2.332e-04, l1: 1.055, l2: 0.00454, Time: 19.42
Model saved to models/Re100wcp/Re100wcp_80000.npz
It: 81000, Loss: 2.337e-04, l1: 1.055, l2: 0.00456, Time: 19.47
It: 82000, Loss: 3.070e-04, l1: 1.055, l2: 0.00459, Time: 19.53
It: 83000, Loss: 2.263e-04, l1: 1.055, l2: 0.00454, Time: 19.46
It: 84000, Loss: 2.250e-04, l1: 1.056, l2: 0.00454, Time: 19.44
It: 85000, Loss: 2.290e-04, l1: 1.055, l2: 0.00454, Time: 19.49
It: 86000, Loss: 2.227e-04, l1: 1.056, l2: 0.00453, Time: 19.48
It: 87000, Loss: 2.921e-04, l1: 1.056, l2: 0.00449, Time: 19.43
It: 88000, Loss: 2.851e-04, l1: 1.055, l2: 0.00450, Time: 19.34
It: 89000, Loss: 2.192e-04, l1: 1.056, l2: 0.00453, Time: 19.32
It: 90000, Loss: 2.173e-04, l1: 1.056, l2: 0.00452, Time: 19.38
Model saved to models/Re100wcp/Re100wcp_90000.npz
It: 91000, Loss: 2.528e-04, l1: 1.055, l2: 0.00454, Time: 19.55
It: 92000, Loss: 2.319e-04, l1: 1.056, l2: 0.00455, Time: 19.42
It: 93000, Loss: 2.197e-04, l1: 1.055, l2: 0.00452, Time: 19.44
It: 94000, Loss: 2.124e-04, l1: 1.056, l2: 0.00451, Time: 19.38
It: 95000, Loss: 2.876e-04, l1: 1.056, l2: 0.00454, Time: 19.40
It: 96000, Loss: 2.167e-04, l1: 1.056, l2: 0.00450, Time: 19.38
It: 97000, Loss: 2.178e-04, l1: 1.056, l2: 0.00452, Time: 19.41
It: 98000, Loss: 2.085e-04, l1: 1.056, l2: 0.00451, Time: 19.41
It: 99000, Loss: 2.078e-04, l1: 1.056, l2: 0.00451, Time: 19.48
It: 100000, Loss: 2.185e-04, l1: 1.056, l2: 0.00448, Time: 19.49
Model saved to models/Re100wcp/Re100wcp_100000.npz
It: 101000, Loss: 3.528e-04, l1: 1.056, l2: 0.00442, Time: 19.39
It: 102000, Loss: 2.039e-04, l1: 1.056, l2: 0.00450, Time: 19.33
It: 103000, Loss: 2.048e-04, l1: 1.056, l2: 0.00450, Time: 19.43
It: 104000, Loss: 2.021e-04, l1: 1.056, l2: 0.00450, Time: 19.52
It: 105000, Loss: 2.044e-04, l1: 1.056, l2: 0.00450, Time: 19.46
It: 106000, Loss: 2.004e-04, l1: 1.056, l2: 0.00449, Time: 19.44
It: 107000, Loss: 1.999e-04, l1: 1.056, l2: 0.00448, Time: 19.45
It: 108000, Loss: 2.489e-04, l1: 1.056, l2: 0.00453, Time: 19.36
It: 109000, Loss: 2.132e-04, l1: 1.056, l2: 0.00449, Time: 19.47
It: 110000, Loss: 2.753e-04, l1: 1.056, l2: 0.00455, Time: 19.52
Model saved to models/Re100wcp/Re100wcp_110000.npz
It: 111000, Loss: 2.000e-04, l1: 1.056, l2: 0.00449, Time: 19.48
It: 112000, Loss: 1.983e-04, l1: 1.056, l2: 0.00448, Time: 19.44
It: 113000, Loss: 1.948e-04, l1: 1.056, l2: 0.00449, Time: 19.48
It: 114000, Loss: 2.008e-04, l1: 1.056, l2: 0.00448, Time: 19.43
It: 115000, Loss: 1.955e-04, l1: 1.056, l2: 0.00447, Time: 19.46
It: 116000, Loss: 2.184e-04, l1: 1.056, l2: 0.00448, Time: 19.36
It: 117000, Loss: 1.966e-04, l1: 1.056, l2: 0.00446, Time: 19.35
It: 118000, Loss: 1.921e-04, l1: 1.056, l2: 0.00447, Time: 19.43
It: 119000, Loss: 2.060e-04, l1: 1.056, l2: 0.00446, Time: 19.41
It: 120000, Loss: 1.882e-04, l1: 1.056, l2: 0.00447, Time: 19.44
Model saved to models/Re100wcp/Re100wcp_120000.npz
It: 121000, Loss: 1.958e-04, l1: 1.056, l2: 0.00447, Time: 19.44
It: 122000, Loss: 2.610e-04, l1: 1.056, l2: 0.00445, Time: 19.41
It: 123000, Loss: 2.322e-04, l1: 1.056, l2: 0.00446, Time: 19.34
It: 124000, Loss: 2.004e-04, l1: 1.056, l2: 0.00446, Time: 19.37
It: 125000, Loss: 2.223e-04, l1: 1.056, l2: 0.00444, Time: 19.42
It: 126000, Loss: 1.853e-04, l1: 1.056, l2: 0.00445, Time: 19.39
It: 127000, Loss: 2.460e-04, l1: 1.056, l2: 0.00442, Time: 19.36
It: 128000, Loss: 1.832e-04, l1: 1.056, l2: 0.00444, Time: 19.39
It: 129000, Loss: 2.235e-04, l1: 1.056, l2: 0.00446, Time: 19.39
It: 130000, Loss: 1.891e-04, l1: 1.056, l2: 0.00445, Time: 19.37
Model saved to models/Re100wcp/Re100wcp_130000.npz
It: 131000, Loss: 2.071e-04, l1: 1.056, l2: 0.00447, Time: 19.38
It: 132000, Loss: 2.152e-04, l1: 1.056, l2: 0.00448, Time: 19.37
It: 133000, Loss: 1.838e-04, l1: 1.056, l2: 0.00445, Time: 19.38
It: 134000, Loss: 2.056e-04, l1: 1.057, l2: 0.00447, Time: 19.39
It: 135000, Loss: 3.093e-04, l1: 1.056, l2: 0.00439, Time: 19.44
It: 136000, Loss: 1.796e-04, l1: 1.057, l2: 0.00443, Time: 19.54
It: 137000, Loss: 2.520e-04, l1: 1.057, l2: 0.00435, Time: 19.48
It: 138000, Loss: 2.127e-04, l1: 1.057, l2: 0.00444, Time: 19.49
It: 139000, Loss: 1.781e-04, l1: 1.056, l2: 0.00441, Time: 19.40
It: 140000, Loss: 3.181e-04, l1: 1.056, l2: 0.00438, Time: 19.37
Model saved to models/Re100wcp/Re100wcp_140000.npz
It: 141000, Loss: 2.346e-04, l1: 1.056, l2: 0.00445, Time: 19.38
It: 142000, Loss: 1.731e-04, l1: 1.057, l2: 0.00442, Time: 19.41
It: 143000, Loss: 1.829e-04, l1: 1.056, l2: 0.00442, Time: 19.53
It: 144000, Loss: 1.749e-04, l1: 1.057, l2: 0.00441, Time: 19.47
It: 145000, Loss: 1.926e-04, l1: 1.057, l2: 0.00442, Time: 19.38
It: 146000, Loss: 1.711e-04, l1: 1.057, l2: 0.00440, Time: 19.37
It: 147000, Loss: 1.944e-04, l1: 1.057, l2: 0.00437, Time: 19.37
It: 148000, Loss: 1.704e-04, l1: 1.057, l2: 0.00440, Time: 19.37
It: 149000, Loss: 2.081e-04, l1: 1.057, l2: 0.00445, Time: 19.42
It: 150000, Loss: 3.039e-04, l1: 1.057, l2: 0.00434, Time: 19.42
Model saved to models/Re100wcp/Re100wcp_150000.npz
It: 151000, Loss: 2.257e-04, l1: 1.057, l2: 0.00443, Time: 19.44
It: 152000, Loss: 1.685e-04, l1: 1.057, l2: 0.00439, Time: 19.42
It: 153000, Loss: 1.670e-04, l1: 1.057, l2: 0.00440, Time: 19.35
It: 154000, Loss: 1.707e-04, l1: 1.057, l2: 0.00440, Time: 19.34
It: 155000, Loss: 1.661e-04, l1: 1.057, l2: 0.00439, Time: 19.38
It: 156000, Loss: 1.657e-04, l1: 1.057, l2: 0.00438, Time: 19.44
It: 157000, Loss: 1.849e-04, l1: 1.057, l2: 0.00436, Time: 19.45
It: 158000, Loss: 1.645e-04, l1: 1.057, l2: 0.00439, Time: 19.32
It: 159000, Loss: 1.780e-04, l1: 1.057, l2: 0.00438, Time: 19.40
It: 160000, Loss: 1.704e-04, l1: 1.057, l2: 0.00438, Time: 19.47
Model saved to models/Re100wcp/Re100wcp_160000.npz
It: 161000, Loss: 1.690e-04, l1: 1.057, l2: 0.00436, Time: 19.44
It: 162000, Loss: 1.639e-04, l1: 1.057, l2: 0.00437, Time: 19.37
It: 163000, Loss: 1.621e-04, l1: 1.057, l2: 0.00438, Time: 19.49
It: 164000, Loss: 1.983e-04, l1: 1.057, l2: 0.00437, Time: 19.39
It: 165000, Loss: 1.971e-04, l1: 1.057, l2: 0.00441, Time: 19.37
It: 166000, Loss: 1.618e-04, l1: 1.057, l2: 0.00437, Time: 19.37
It: 167000, Loss: 1.605e-04, l1: 1.057, l2: 0.00437, Time: 19.59
It: 168000, Loss: 1.601e-04, l1: 1.057, l2: 0.00437, Time: 19.53
It: 169000, Loss: 1.605e-04, l1: 1.057, l2: 0.00437, Time: 19.44
It: 170000, Loss: 1.816e-04, l1: 1.057, l2: 0.00438, Time: 19.39
Model saved to models/Re100wcp/Re100wcp_170000.npz
It: 171000, Loss: 1.812e-04, l1: 1.057, l2: 0.00438, Time: 19.46
It: 172000, Loss: 1.983e-04, l1: 1.057, l2: 0.00434, Time: 19.59
It: 173000, Loss: 1.621e-04, l1: 1.057, l2: 0.00434, Time: 19.42
It: 174000, Loss: 1.591e-04, l1: 1.058, l2: 0.00435, Time: 19.44
It: 175000, Loss: 1.684e-04, l1: 1.057, l2: 0.00436, Time: 19.43
It: 176000, Loss: 1.906e-04, l1: 1.058, l2: 0.00435, Time: 19.42
It: 177000, Loss: 1.562e-04, l1: 1.058, l2: 0.00435, Time: 19.39
It: 178000, Loss: 1.556e-04, l1: 1.058, l2: 0.00435, Time: 19.36
It: 179000, Loss: 1.554e-04, l1: 1.058, l2: 0.00435, Time: 19.30
It: 180000, Loss: 1.563e-04, l1: 1.058, l2: 0.00433, Time: 19.32
Model saved to models/Re100wcp/Re100wcp_180000.npz
It: 181000, Loss: 1.558e-04, l1: 1.058, l2: 0.00434, Time: 19.34
It: 182000, Loss: 1.637e-04, l1: 1.058, l2: 0.00432, Time: 19.33
It: 183000, Loss: 1.654e-04, l1: 1.058, l2: 0.00436, Time: 19.37
It: 184000, Loss: 1.710e-04, l1: 1.058, l2: 0.00437, Time: 19.36
It: 185000, Loss: 1.537e-04, l1: 1.058, l2: 0.00434, Time: 19.37
It: 186000, Loss: 1.699e-04, l1: 1.058, l2: 0.00435, Time: 19.36
It: 187000, Loss: 1.602e-04, l1: 1.058, l2: 0.00432, Time: 19.35
It: 188000, Loss: 3.094e-04, l1: 1.058, l2: 0.00437, Time: 19.48
It: 189000, Loss: 1.534e-04, l1: 1.058, l2: 0.00433, Time: 19.54
It: 190000, Loss: 1.543e-04, l1: 1.058, l2: 0.00434, Time: 19.56
Model saved to models/Re100wcp/Re100wcp_190000.npz
It: 191000, Loss: 2.143e-04, l1: 1.058, l2: 0.00436, Time: 19.57
It: 192000, Loss: 1.532e-04, l1: 1.058, l2: 0.00433, Time: 19.46
It: 193000, Loss: 1.605e-04, l1: 1.058, l2: 0.00434, Time: 19.56
It: 194000, Loss: 2.125e-04, l1: 1.058, l2: 0.00430, Time: 19.52
It: 195000, Loss: 1.788e-04, l1: 1.058, l2: 0.00434, Time: 19.49
It: 196000, Loss: 1.509e-04, l1: 1.058, l2: 0.00432, Time: 19.54
It: 197000, Loss: 1.530e-04, l1: 1.058, l2: 0.00432, Time: 19.50
It: 198000, Loss: 2.885e-04, l1: 1.058, l2: 0.00429, Time: 19.45
It: 199000, Loss: 1.542e-04, l1: 1.058, l2: 0.00431, Time: 19.45
Loss history plot saved to plots/Re100wcp_TLnyq2150_[1, 2]//Re100wcp_40000_TL150_loss_hist.png
Lambda history plot saved to plots/Re100wcp_TLnyq2150_[1, 2]//Re100wcp_40000_TL150_lambda_hist.png
Model Training Complete for 200000 iterations
Model saved to models/Re100wcp_TLnyq2150_[1, 2]//Re100wcp_40000_TL150_200000.npz
Model Re100wcp_40000.npz processed successfully.
Processing model: models/Re100wcp/Re100wcp_50000.npz
Model loaded from models/Re100wcp/Re100wcp_50000.npz
Frozen Layers: [1, 2]
Training Model...
It: 0, Loss: 5.003e-03, l1: 1.055, l2: 0.00367, Time: 10.19
It: 1000, Loss: 1.136e-03, l1: 1.054, l2: 0.00662, Time: 19.39
It: 2000, Loss: 9.007e-04, l1: 1.061, l2: 0.00671, Time: 19.40
It: 3000, Loss: 7.948e-04, l1: 1.065, l2: 0.00663, Time: 19.35
It: 4000, Loss: 7.177e-04, l1: 1.068, l2: 0.00659, Time: 19.43
It: 5000, Loss: 6.540e-04, l1: 1.070, l2: 0.00658, Time: 19.48
It: 6000, Loss: 6.380e-04, l1: 1.070, l2: 0.00656, Time: 19.38
It: 7000, Loss: 6.746e-04, l1: 1.071, l2: 0.00660, Time: 19.35
It: 8000, Loss: 5.518e-04, l1: 1.072, l2: 0.00655, Time: 19.34
It: 9000, Loss: 6.345e-04, l1: 1.072, l2: 0.00659, Time: 19.33
It: 10000, Loss: 5.079e-04, l1: 1.072, l2: 0.00652, Time: 19.38
Model saved to models/Re100wcp/Re100wcp_10000.npz
It: 11000, Loss: 4.900e-04, l1: 1.072, l2: 0.00652, Time: 19.39
It: 12000, Loss: 4.831e-04, l1: 1.072, l2: 0.00649, Time: 19.42
It: 13000, Loss: 5.247e-04, l1: 1.073, l2: 0.00644, Time: 19.53
It: 14000, Loss: 4.543e-04, l1: 1.073, l2: 0.00649, Time: 19.47
It: 15000, Loss: 4.385e-04, l1: 1.073, l2: 0.00647, Time: 19.40
It: 16000, Loss: 4.262e-04, l1: 1.073, l2: 0.00647, Time: 19.40
It: 17000, Loss: 4.371e-04, l1: 1.073, l2: 0.00645, Time: 19.39
It: 18000, Loss: 4.088e-04, l1: 1.073, l2: 0.00646, Time: 19.41
It: 19000, Loss: 3.993e-04, l1: 1.074, l2: 0.00645, Time: 19.42
It: 20000, Loss: 3.914e-04, l1: 1.073, l2: 0.00644, Time: 19.48
Model saved to models/Re100wcp/Re100wcp_20000.npz
It: 21000, Loss: 3.851e-04, l1: 1.074, l2: 0.00645, Time: 19.50
It: 22000, Loss: 3.775e-04, l1: 1.074, l2: 0.00645, Time: 19.40
It: 23000, Loss: 4.012e-04, l1: 1.074, l2: 0.00641, Time: 19.45
It: 24000, Loss: 3.634e-04, l1: 1.074, l2: 0.00643, Time: 19.45
It: 25000, Loss: 4.265e-04, l1: 1.074, l2: 0.00637, Time: 19.38
It: 26000, Loss: 3.959e-04, l1: 1.074, l2: 0.00640, Time: 19.36
It: 27000, Loss: 4.304e-04, l1: 1.074, l2: 0.00638, Time: 19.40
It: 28000, Loss: 4.459e-04, l1: 1.074, l2: 0.00650, Time: 19.40
It: 29000, Loss: 3.477e-04, l1: 1.074, l2: 0.00644, Time: 19.37
It: 30000, Loss: 3.349e-04, l1: 1.075, l2: 0.00642, Time: 19.41
Model saved to models/Re100wcp/Re100wcp_30000.npz
It: 31000, Loss: 3.404e-04, l1: 1.075, l2: 0.00641, Time: 19.45
It: 32000, Loss: 3.300e-04, l1: 1.075, l2: 0.00642, Time: 19.43
It: 33000, Loss: 3.310e-04, l1: 1.075, l2: 0.00642, Time: 19.46
It: 34000, Loss: 3.233e-04, l1: 1.075, l2: 0.00642, Time: 19.46
It: 35000, Loss: 3.172e-04, l1: 1.075, l2: 0.00643, Time: 19.37
It: 36000, Loss: 3.131e-04, l1: 1.075, l2: 0.00642, Time: 19.41
It: 37000, Loss: 3.200e-04, l1: 1.075, l2: 0.00642, Time: 19.36
It: 38000, Loss: 3.115e-04, l1: 1.075, l2: 0.00641, Time: 19.33
It: 39000, Loss: 3.208e-04, l1: 1.075, l2: 0.00644, Time: 19.35
It: 40000, Loss: 3.023e-04, l1: 1.075, l2: 0.00642, Time: 19.39
Model saved to models/Re100wcp/Re100wcp_40000.npz
It: 41000, Loss: 3.028e-04, l1: 1.075, l2: 0.00643, Time: 19.43
It: 42000, Loss: 2.957e-04, l1: 1.075, l2: 0.00642, Time: 19.48
It: 43000, Loss: 2.934e-04, l1: 1.075, l2: 0.00642, Time: 19.37
It: 44000, Loss: 3.016e-04, l1: 1.075, l2: 0.00642, Time: 19.54
It: 45000, Loss: 2.931e-04, l1: 1.075, l2: 0.00642, Time: 19.42
It: 46000, Loss: 5.042e-04, l1: 1.075, l2: 0.00649, Time: 19.39
It: 47000, Loss: 3.071e-04, l1: 1.075, l2: 0.00637, Time: 19.33
It: 48000, Loss: 3.472e-04, l1: 1.075, l2: 0.00643, Time: 19.43
It: 49000, Loss: 2.804e-04, l1: 1.075, l2: 0.00641, Time: 19.40
It: 50000, Loss: 3.655e-04, l1: 1.075, l2: 0.00634, Time: 19.40
Model saved to models/Re100wcp/Re100wcp_50000.npz
It: 51000, Loss: 2.760e-04, l1: 1.075, l2: 0.00641, Time: 19.41
It: 52000, Loss: 2.772e-04, l1: 1.075, l2: 0.00638, Time: 19.44
It: 53000, Loss: 2.960e-04, l1: 1.075, l2: 0.00636, Time: 19.38
It: 54000, Loss: 3.439e-04, l1: 1.074, l2: 0.00645, Time: 19.34
It: 55000, Loss: 2.698e-04, l1: 1.075, l2: 0.00640, Time: 19.42
It: 56000, Loss: 2.744e-04, l1: 1.075, l2: 0.00642, Time: 19.35
It: 57000, Loss: 2.868e-04, l1: 1.074, l2: 0.00642, Time: 19.39
It: 58000, Loss: 2.690e-04, l1: 1.075, l2: 0.00639, Time: 19.42
It: 59000, Loss: 2.622e-04, l1: 1.075, l2: 0.00640, Time: 19.51
It: 60000, Loss: 2.620e-04, l1: 1.075, l2: 0.00640, Time: 19.49
Model saved to models/Re100wcp/Re100wcp_60000.npz
It: 61000, Loss: 2.836e-04, l1: 1.074, l2: 0.00638, Time: 19.50
It: 62000, Loss: 2.718e-04, l1: 1.075, l2: 0.00638, Time: 19.41
It: 63000, Loss: 2.763e-04, l1: 1.074, l2: 0.00638, Time: 19.40
It: 64000, Loss: 2.765e-04, l1: 1.074, l2: 0.00638, Time: 19.41
It: 65000, Loss: 2.912e-04, l1: 1.074, l2: 0.00644, Time: 19.43
It: 66000, Loss: 2.915e-04, l1: 1.074, l2: 0.00640, Time: 19.37
It: 67000, Loss: 2.659e-04, l1: 1.074, l2: 0.00641, Time: 19.34
It: 68000, Loss: 3.165e-04, l1: 1.074, l2: 0.00645, Time: 19.29
It: 69000, Loss: 2.844e-04, l1: 1.074, l2: 0.00638, Time: 19.33
It: 70000, Loss: 2.941e-04, l1: 1.074, l2: 0.00640, Time: 19.48
Model saved to models/Re100wcp/Re100wcp_70000.npz
It: 71000, Loss: 2.444e-04, l1: 1.074, l2: 0.00641, Time: 19.50
It: 72000, Loss: 2.488e-04, l1: 1.074, l2: 0.00642, Time: 19.44
It: 73000, Loss: 2.417e-04, l1: 1.074, l2: 0.00641, Time: 19.45
It: 74000, Loss: 2.741e-04, l1: 1.074, l2: 0.00643, Time: 19.38
It: 75000, Loss: 2.446e-04, l1: 1.073, l2: 0.00642, Time: 19.45
It: 76000, Loss: 2.551e-04, l1: 1.073, l2: 0.00638, Time: 19.37
It: 77000, Loss: 2.448e-04, l1: 1.073, l2: 0.00639, Time: 19.38
It: 78000, Loss: 2.441e-04, l1: 1.073, l2: 0.00642, Time: 19.38
It: 79000, Loss: 3.415e-04, l1: 1.073, l2: 0.00648, Time: 19.45
It: 80000, Loss: 2.577e-04, l1: 1.073, l2: 0.00640, Time: 19.57
Model saved to models/Re100wcp/Re100wcp_80000.npz
It: 81000, Loss: 3.217e-04, l1: 1.073, l2: 0.00634, Time: 19.48
It: 82000, Loss: 2.308e-04, l1: 1.073, l2: 0.00640, Time: 19.44
It: 83000, Loss: 2.466e-04, l1: 1.073, l2: 0.00640, Time: 19.42
It: 84000, Loss: 2.305e-04, l1: 1.073, l2: 0.00641, Time: 19.51
It: 85000, Loss: 2.849e-04, l1: 1.073, l2: 0.00643, Time: 19.49
It: 86000, Loss: 2.310e-04, l1: 1.073, l2: 0.00640, Time: 19.40
It: 87000, Loss: 2.561e-04, l1: 1.073, l2: 0.00638, Time: 19.49
It: 88000, Loss: 3.620e-04, l1: 1.073, l2: 0.00647, Time: 19.35
It: 89000, Loss: 3.028e-04, l1: 1.072, l2: 0.00644, Time: 19.36
It: 90000, Loss: 2.504e-04, l1: 1.073, l2: 0.00637, Time: 19.39
Model saved to models/Re100wcp/Re100wcp_90000.npz
It: 91000, Loss: 2.320e-04, l1: 1.073, l2: 0.00637, Time: 19.50
It: 92000, Loss: 2.325e-04, l1: 1.073, l2: 0.00637, Time: 19.39
It: 93000, Loss: 2.242e-04, l1: 1.072, l2: 0.00637, Time: 19.38
It: 94000, Loss: 2.216e-04, l1: 1.072, l2: 0.00637, Time: 19.43
It: 95000, Loss: 2.645e-04, l1: 1.072, l2: 0.00642, Time: 19.43
It: 96000, Loss: 2.863e-04, l1: 1.072, l2: 0.00638, Time: 19.49
It: 97000, Loss: 2.177e-04, l1: 1.072, l2: 0.00636, Time: 19.45
It: 98000, Loss: 2.155e-04, l1: 1.072, l2: 0.00637, Time: 19.47
It: 99000, Loss: 3.690e-04, l1: 1.072, l2: 0.00634, Time: 19.39
It: 100000, Loss: 2.937e-04, l1: 1.072, l2: 0.00642, Time: 19.40
Model saved to models/Re100wcp/Re100wcp_100000.npz
It: 101000, Loss: 2.127e-04, l1: 1.072, l2: 0.00636, Time: 19.38
It: 102000, Loss: 2.146e-04, l1: 1.072, l2: 0.00636, Time: 19.36
It: 103000, Loss: 2.163e-04, l1: 1.072, l2: 0.00634, Time: 19.49
It: 104000, Loss: 2.262e-04, l1: 1.071, l2: 0.00633, Time: 19.62
It: 105000, Loss: 3.570e-04, l1: 1.071, l2: 0.00644, Time: 19.48
It: 106000, Loss: 2.139e-04, l1: 1.072, l2: 0.00635, Time: 19.55
It: 107000, Loss: 2.441e-04, l1: 1.071, l2: 0.00638, Time: 19.44
It: 108000, Loss: 2.133e-04, l1: 1.071, l2: 0.00633, Time: 19.44
It: 109000, Loss: 2.092e-04, l1: 1.071, l2: 0.00633, Time: 19.41
It: 110000, Loss: 2.059e-04, l1: 1.071, l2: 0.00633, Time: 19.44
Model saved to models/Re100wcp/Re100wcp_110000.npz
It: 111000, Loss: 2.106e-04, l1: 1.071, l2: 0.00632, Time: 19.42
It: 112000, Loss: 2.338e-04, l1: 1.071, l2: 0.00630, Time: 19.41
It: 113000, Loss: 3.163e-04, l1: 1.071, l2: 0.00630, Time: 19.47
It: 114000, Loss: 3.926e-04, l1: 1.071, l2: 0.00626, Time: 19.53
It: 115000, Loss: 2.110e-04, l1: 1.071, l2: 0.00631, Time: 19.40
It: 116000, Loss: 2.075e-04, l1: 1.071, l2: 0.00632, Time: 19.45
It: 117000, Loss: 2.248e-04, l1: 1.071, l2: 0.00634, Time: 19.36
It: 118000, Loss: 2.231e-04, l1: 1.071, l2: 0.00629, Time: 19.41
It: 119000, Loss: 2.003e-04, l1: 1.071, l2: 0.00631, Time: 19.37
It: 120000, Loss: 2.000e-04, l1: 1.071, l2: 0.00631, Time: 19.39
Model saved to models/Re100wcp/Re100wcp_120000.npz
It: 121000, Loss: 1.989e-04, l1: 1.071, l2: 0.00630, Time: 19.33
It: 122000, Loss: 1.976e-04, l1: 1.070, l2: 0.00630, Time: 19.54
It: 123000, Loss: 2.222e-04, l1: 1.070, l2: 0.00629, Time: 19.45
It: 124000, Loss: 2.867e-04, l1: 1.070, l2: 0.00623, Time: 19.31
It: 125000, Loss: 1.979e-04, l1: 1.070, l2: 0.00628, Time: 19.39
It: 126000, Loss: 2.135e-04, l1: 1.070, l2: 0.00630, Time: 19.40
It: 127000, Loss: 1.983e-04, l1: 1.070, l2: 0.00629, Time: 19.36
It: 128000, Loss: 2.046e-04, l1: 1.070, l2: 0.00625, Time: 19.42
It: 129000, Loss: 2.087e-04, l1: 1.070, l2: 0.00630, Time: 19.43
It: 130000, Loss: 2.067e-04, l1: 1.069, l2: 0.00627, Time: 19.42
Model saved to models/Re100wcp/Re100wcp_130000.npz
It: 131000, Loss: 2.350e-04, l1: 1.069, l2: 0.00628, Time: 19.38
It: 132000, Loss: 1.948e-04, l1: 1.070, l2: 0.00627, Time: 19.42
It: 133000, Loss: 2.081e-04, l1: 1.069, l2: 0.00626, Time: 19.32
It: 134000, Loss: 1.969e-04, l1: 1.070, l2: 0.00626, Time: 19.40
It: 135000, Loss: 1.919e-04, l1: 1.070, l2: 0.00628, Time: 19.40
It: 136000, Loss: 2.220e-04, l1: 1.069, l2: 0.00624, Time: 19.41
It: 137000, Loss: 2.026e-04, l1: 1.069, l2: 0.00629, Time: 19.38
It: 138000, Loss: 1.948e-04, l1: 1.069, l2: 0.00627, Time: 19.39
It: 139000, Loss: 2.385e-04, l1: 1.069, l2: 0.00629, Time: 19.37
It: 140000, Loss: 2.501e-04, l1: 1.069, l2: 0.00631, Time: 19.47
Model saved to models/Re100wcp/Re100wcp_140000.npz
It: 141000, Loss: 1.868e-04, l1: 1.069, l2: 0.00626, Time: 19.50
It: 142000, Loss: 1.863e-04, l1: 1.069, l2: 0.00626, Time: 19.55
It: 143000, Loss: 2.487e-04, l1: 1.069, l2: 0.00630, Time: 19.44
It: 144000, Loss: 1.912e-04, l1: 1.069, l2: 0.00625, Time: 19.44
It: 145000, Loss: 2.198e-04, l1: 1.069, l2: 0.00625, Time: 19.33
It: 146000, Loss: 1.897e-04, l1: 1.069, l2: 0.00624, Time: 19.37
It: 147000, Loss: 1.841e-04, l1: 1.069, l2: 0.00626, Time: 19.35
It: 148000, Loss: 1.954e-04, l1: 1.069, l2: 0.00623, Time: 19.43
It: 149000, Loss: 2.117e-04, l1: 1.069, l2: 0.00628, Time: 19.50
It: 150000, Loss: 1.840e-04, l1: 1.069, l2: 0.00624, Time: 19.46
Model saved to models/Re100wcp/Re100wcp_150000.npz
It: 151000, Loss: 1.840e-04, l1: 1.069, l2: 0.00625, Time: 19.43
It: 152000, Loss: 1.848e-04, l1: 1.069, l2: 0.00625, Time: 19.48
It: 153000, Loss: 3.836e-04, l1: 1.068, l2: 0.00628, Time: 19.55
It: 154000, Loss: 1.909e-04, l1: 1.068, l2: 0.00626, Time: 19.52
It: 155000, Loss: 1.897e-04, l1: 1.068, l2: 0.00624, Time: 19.37
It: 156000, Loss: 2.156e-04, l1: 1.068, l2: 0.00622, Time: 19.45
It: 157000, Loss: 2.431e-04, l1: 1.068, l2: 0.00623, Time: 19.47
It: 158000, Loss: 2.350e-04, l1: 1.068, l2: 0.00627, Time: 19.34
It: 159000, Loss: 1.836e-04, l1: 1.068, l2: 0.00625, Time: 19.37
It: 160000, Loss: 1.912e-04, l1: 1.068, l2: 0.00621, Time: 19.39
Model saved to models/Re100wcp/Re100wcp_160000.npz
It: 161000, Loss: 1.803e-04, l1: 1.068, l2: 0.00623, Time: 19.33
It: 162000, Loss: 1.782e-04, l1: 1.068, l2: 0.00623, Time: 19.33
It: 163000, Loss: 1.768e-04, l1: 1.068, l2: 0.00623, Time: 19.36
It: 164000, Loss: 1.793e-04, l1: 1.068, l2: 0.00622, Time: 19.38
It: 165000, Loss: 2.341e-04, l1: 1.068, l2: 0.00629, Time: 19.39
It: 166000, Loss: 1.769e-04, l1: 1.068, l2: 0.00622, Time: 19.36
It: 167000, Loss: 1.912e-04, l1: 1.067, l2: 0.00623, Time: 19.38
It: 168000, Loss: 1.884e-04, l1: 1.068, l2: 0.00624, Time: 19.36
It: 169000, Loss: 1.804e-04, l1: 1.068, l2: 0.00623, Time: 19.38
It: 170000, Loss: 1.777e-04, l1: 1.067, l2: 0.00621, Time: 19.32
Model saved to models/Re100wcp/Re100wcp_170000.npz
It: 171000, Loss: 2.783e-04, l1: 1.067, l2: 0.00611, Time: 19.36
It: 172000, Loss: 1.746e-04, l1: 1.067, l2: 0.00621, Time: 19.49
It: 173000, Loss: 1.750e-04, l1: 1.067, l2: 0.00620, Time: 19.44
It: 174000, Loss: 2.397e-04, l1: 1.067, l2: 0.00625, Time: 19.43
It: 175000, Loss: 1.747e-04, l1: 1.067, l2: 0.00619, Time: 19.38
It: 176000, Loss: 1.989e-04, l1: 1.067, l2: 0.00618, Time: 19.37
It: 177000, Loss: 1.711e-04, l1: 1.067, l2: 0.00621, Time: 19.38
It: 178000, Loss: 1.750e-04, l1: 1.067, l2: 0.00621, Time: 19.40
It: 179000, Loss: 2.888e-04, l1: 1.067, l2: 0.00627, Time: 19.37
It: 180000, Loss: 2.516e-04, l1: 1.067, l2: 0.00616, Time: 19.45
Model saved to models/Re100wcp/Re100wcp_180000.npz
It: 181000, Loss: 1.707e-04, l1: 1.067, l2: 0.00619, Time: 19.37
It: 182000, Loss: 1.692e-04, l1: 1.067, l2: 0.00619, Time: 19.52
It: 183000, Loss: 2.915e-04, l1: 1.067, l2: 0.00629, Time: 19.48
It: 184000, Loss: 1.699e-04, l1: 1.067, l2: 0.00620, Time: 19.51
It: 185000, Loss: 2.876e-04, l1: 1.066, l2: 0.00612, Time: 19.48
It: 186000, Loss: 1.827e-04, l1: 1.066, l2: 0.00618, Time: 19.53
It: 187000, Loss: 2.856e-04, l1: 1.067, l2: 0.00613, Time: 19.46
It: 188000, Loss: 1.733e-04, l1: 1.067, l2: 0.00616, Time: 19.50
It: 189000, Loss: 1.669e-04, l1: 1.066, l2: 0.00618, Time: 19.37
It: 190000, Loss: 1.682e-04, l1: 1.066, l2: 0.00617, Time: 19.45
Model saved to models/Re100wcp/Re100wcp_190000.npz
It: 191000, Loss: 1.697e-04, l1: 1.066, l2: 0.00619, Time: 19.44
It: 192000, Loss: 1.867e-04, l1: 1.066, l2: 0.00615, Time: 19.39
It: 193000, Loss: 1.704e-04, l1: 1.066, l2: 0.00616, Time: 19.38
It: 194000, Loss: 2.234e-04, l1: 1.066, l2: 0.00620, Time: 19.37
It: 195000, Loss: 1.999e-04, l1: 1.066, l2: 0.00619, Time: 19.32
It: 196000, Loss: 1.643e-04, l1: 1.066, l2: 0.00617, Time: 19.42
It: 197000, Loss: 1.639e-04, l1: 1.066, l2: 0.00616, Time: 19.38
It: 198000, Loss: 1.838e-04, l1: 1.066, l2: 0.00615, Time: 19.37
It: 199000, Loss: 1.642e-04, l1: 1.066, l2: 0.00617, Time: 19.29
Loss history plot saved to plots/Re100wcp_TLnyq2150_[1, 2]//Re100wcp_50000_TL150_loss_hist.png
Lambda history plot saved to plots/Re100wcp_TLnyq2150_[1, 2]//Re100wcp_50000_TL150_lambda_hist.png
Model Training Complete for 200000 iterations
Model saved to models/Re100wcp_TLnyq2150_[1, 2]//Re100wcp_50000_TL150_200000.npz
Model Re100wcp_50000.npz processed successfully.
Processing model: models/Re100wcp/Re100wcp_60000.npz
Model loaded from models/Re100wcp/Re100wcp_60000.npz
Frozen Layers: [1, 2]
Training Model...
It: 0, Loss: 7.066e-03, l1: 1.074, l2: 0.00740, Time: 10.10
It: 1000, Loss: 1.129e-03, l1: 1.057, l2: 0.00807, Time: 19.47
It: 2000, Loss: 8.803e-04, l1: 1.060, l2: 0.00794, Time: 19.52
It: 3000, Loss: 7.765e-04, l1: 1.062, l2: 0.00772, Time: 19.55
It: 4000, Loss: 7.799e-04, l1: 1.063, l2: 0.00756, Time: 19.49
It: 5000, Loss: 6.611e-04, l1: 1.064, l2: 0.00737, Time: 19.46
It: 6000, Loss: 6.156e-04, l1: 1.065, l2: 0.00721, Time: 19.59
It: 7000, Loss: 6.223e-04, l1: 1.065, l2: 0.00713, Time: 19.52
It: 8000, Loss: 5.575e-04, l1: 1.066, l2: 0.00699, Time: 19.57
It: 9000, Loss: 5.768e-04, l1: 1.066, l2: 0.00695, Time: 19.45
It: 10000, Loss: 5.200e-04, l1: 1.067, l2: 0.00683, Time: 19.43
Model saved to models/Re100wcp/Re100wcp_10000.npz
It: 11000, Loss: 5.164e-04, l1: 1.067, l2: 0.00677, Time: 19.45
It: 12000, Loss: 4.860e-04, l1: 1.068, l2: 0.00672, Time: 19.40
It: 13000, Loss: 4.816e-04, l1: 1.068, l2: 0.00666, Time: 19.42
It: 14000, Loss: 5.042e-04, l1: 1.068, l2: 0.00660, Time: 19.47
It: 15000, Loss: 4.496e-04, l1: 1.068, l2: 0.00658, Time: 19.44
It: 16000, Loss: 4.392e-04, l1: 1.068, l2: 0.00653, Time: 19.41
It: 17000, Loss: 4.305e-04, l1: 1.068, l2: 0.00649, Time: 19.40
It: 18000, Loss: 4.210e-04, l1: 1.068, l2: 0.00645, Time: 19.46
It: 19000, Loss: 4.131e-04, l1: 1.068, l2: 0.00641, Time: 19.40
It: 20000, Loss: 4.509e-04, l1: 1.067, l2: 0.00642, Time: 19.41
Model saved to models/Re100wcp/Re100wcp_20000.npz
It: 21000, Loss: 3.982e-04, l1: 1.068, l2: 0.00634, Time: 19.53
It: 22000, Loss: 3.915e-04, l1: 1.067, l2: 0.00631, Time: 19.59
It: 23000, Loss: 3.913e-04, l1: 1.067, l2: 0.00627, Time: 19.52
It: 24000, Loss: 3.802e-04, l1: 1.067, l2: 0.00625, Time: 19.52
It: 25000, Loss: 3.767e-04, l1: 1.067, l2: 0.00625, Time: 19.53
It: 26000, Loss: 3.683e-04, l1: 1.067, l2: 0.00622, Time: 19.47
It: 27000, Loss: 3.625e-04, l1: 1.067, l2: 0.00620, Time: 19.42
It: 28000, Loss: 3.868e-04, l1: 1.066, l2: 0.00620, Time: 19.42
It: 29000, Loss: 3.601e-04, l1: 1.067, l2: 0.00616, Time: 19.40
It: 30000, Loss: 3.505e-04, l1: 1.067, l2: 0.00616, Time: 19.41
Model saved to models/Re100wcp/Re100wcp_30000.npz
It: 31000, Loss: 3.439e-04, l1: 1.067, l2: 0.00614, Time: 19.41
It: 32000, Loss: 3.395e-04, l1: 1.067, l2: 0.00612, Time: 19.45
It: 33000, Loss: 3.361e-04, l1: 1.067, l2: 0.00611, Time: 19.50
It: 34000, Loss: 3.316e-04, l1: 1.067, l2: 0.00610, Time: 19.61
It: 35000, Loss: 3.304e-04, l1: 1.067, l2: 0.00608, Time: 19.47
It: 36000, Loss: 3.337e-04, l1: 1.067, l2: 0.00611, Time: 19.50
It: 37000, Loss: 3.197e-04, l1: 1.067, l2: 0.00607, Time: 19.51
It: 38000, Loss: 3.177e-04, l1: 1.067, l2: 0.00607, Time: 19.52
It: 39000, Loss: 3.130e-04, l1: 1.067, l2: 0.00605, Time: 19.42
It: 40000, Loss: 3.108e-04, l1: 1.067, l2: 0.00606, Time: 19.44
Model saved to models/Re100wcp/Re100wcp_40000.npz
It: 41000, Loss: 3.085e-04, l1: 1.067, l2: 0.00605, Time: 19.49
It: 42000, Loss: 3.039e-04, l1: 1.067, l2: 0.00604, Time: 19.60
It: 43000, Loss: 3.063e-04, l1: 1.067, l2: 0.00602, Time: 19.53
It: 44000, Loss: 4.345e-04, l1: 1.067, l2: 0.00601, Time: 19.41
It: 45000, Loss: 3.104e-04, l1: 1.067, l2: 0.00604, Time: 19.46
It: 46000, Loss: 2.921e-04, l1: 1.067, l2: 0.00601, Time: 19.58
It: 47000, Loss: 2.915e-04, l1: 1.067, l2: 0.00600, Time: 19.51
It: 48000, Loss: 2.908e-04, l1: 1.067, l2: 0.00603, Time: 19.50
It: 49000, Loss: 2.863e-04, l1: 1.067, l2: 0.00599, Time: 19.45
It: 50000, Loss: 2.879e-04, l1: 1.067, l2: 0.00598, Time: 19.36
Model saved to models/Re100wcp/Re100wcp_50000.npz
It: 51000, Loss: 2.795e-04, l1: 1.068, l2: 0.00599, Time: 19.48
It: 52000, Loss: 3.559e-04, l1: 1.067, l2: 0.00605, Time: 19.45
It: 53000, Loss: 2.750e-04, l1: 1.068, l2: 0.00599, Time: 19.42
It: 54000, Loss: 2.736e-04, l1: 1.068, l2: 0.00597, Time: 19.48
It: 55000, Loss: 3.460e-04, l1: 1.067, l2: 0.00599, Time: 19.51
It: 56000, Loss: 2.686e-04, l1: 1.068, l2: 0.00597, Time: 19.55
It: 57000, Loss: 2.798e-04, l1: 1.068, l2: 0.00596, Time: 19.62
It: 58000, Loss: 2.642e-04, l1: 1.068, l2: 0.00597, Time: 19.50
It: 59000, Loss: 2.635e-04, l1: 1.068, l2: 0.00596, Time: 19.46
It: 60000, Loss: 2.657e-04, l1: 1.068, l2: 0.00598, Time: 19.46
Model saved to models/Re100wcp/Re100wcp_60000.npz
It: 61000, Loss: 2.706e-04, l1: 1.068, l2: 0.00598, Time: 19.55
It: 62000, Loss: 2.704e-04, l1: 1.068, l2: 0.00595, Time: 19.42
It: 63000, Loss: 4.466e-04, l1: 1.068, l2: 0.00591, Time: 19.46
It: 64000, Loss: 2.887e-04, l1: 1.068, l2: 0.00597, Time: 19.56
It: 65000, Loss: 2.530e-04, l1: 1.068, l2: 0.00594, Time: 19.54
It: 66000, Loss: 2.742e-04, l1: 1.068, l2: 0.00601, Time: 19.56
It: 67000, Loss: 2.486e-04, l1: 1.068, l2: 0.00594, Time: 19.56
It: 68000, Loss: 2.461e-04, l1: 1.068, l2: 0.00595, Time: 19.54
It: 69000, Loss: 2.501e-04, l1: 1.068, l2: 0.00594, Time: 19.49
It: 70000, Loss: 2.489e-04, l1: 1.068, l2: 0.00592, Time: 19.53
Model saved to models/Re100wcp/Re100wcp_70000.npz
It: 71000, Loss: 2.443e-04, l1: 1.068, l2: 0.00593, Time: 19.50
It: 72000, Loss: 2.403e-04, l1: 1.069, l2: 0.00593, Time: 19.70
It: 73000, Loss: 2.448e-04, l1: 1.068, l2: 0.00595, Time: 19.67
It: 74000, Loss: 2.994e-04, l1: 1.068, l2: 0.00597, Time: 19.56
It: 75000, Loss: 2.350e-04, l1: 1.069, l2: 0.00593, Time: 19.54
It: 76000, Loss: 2.474e-04, l1: 1.068, l2: 0.00590, Time: 19.47
It: 77000, Loss: 2.409e-04, l1: 1.069, l2: 0.00592, Time: 19.43
It: 78000, Loss: 2.306e-04, l1: 1.069, l2: 0.00591, Time: 19.49
It: 79000, Loss: 2.317e-04, l1: 1.069, l2: 0.00592, Time: 19.49
It: 80000, Loss: 2.430e-04, l1: 1.069, l2: 0.00588, Time: 19.51
Model saved to models/Re100wcp/Re100wcp_80000.npz
It: 81000, Loss: 2.293e-04, l1: 1.069, l2: 0.00589, Time: 19.52
It: 82000, Loss: 2.374e-04, l1: 1.069, l2: 0.00586, Time: 19.44
It: 83000, Loss: 2.244e-04, l1: 1.069, l2: 0.00590, Time: 19.49
It: 84000, Loss: 2.226e-04, l1: 1.069, l2: 0.00589, Time: 19.42
It: 85000, Loss: 2.215e-04, l1: 1.069, l2: 0.00589, Time: 19.44
It: 86000, Loss: 2.334e-04, l1: 1.069, l2: 0.00586, Time: 19.45
It: 87000, Loss: 2.256e-04, l1: 1.069, l2: 0.00588, Time: 19.40
It: 88000, Loss: 2.190e-04, l1: 1.069, l2: 0.00588, Time: 19.49
It: 89000, Loss: 2.178e-04, l1: 1.069, l2: 0.00589, Time: 19.48
It: 90000, Loss: 2.159e-04, l1: 1.069, l2: 0.00588, Time: 19.46
Model saved to models/Re100wcp/Re100wcp_90000.npz
It: 91000, Loss: 2.190e-04, l1: 1.069, l2: 0.00588, Time: 19.51
It: 92000, Loss: 3.163e-04, l1: 1.069, l2: 0.00584, Time: 19.62
It: 93000, Loss: 2.119e-04, l1: 1.070, l2: 0.00588, Time: 19.57
It: 94000, Loss: 2.110e-04, l1: 1.070, l2: 0.00588, Time: 19.53
It: 95000, Loss: 2.098e-04, l1: 1.070, l2: 0.00587, Time: 19.53
It: 96000, Loss: 2.091e-04, l1: 1.070, l2: 0.00586, Time: 19.55
It: 97000, Loss: 2.092e-04, l1: 1.069, l2: 0.00587, Time: 19.66
It: 98000, Loss: 2.101e-04, l1: 1.070, l2: 0.00587, Time: 19.52
It: 99000, Loss: 2.060e-04, l1: 1.070, l2: 0.00585, Time: 19.54
It: 100000, Loss: 2.225e-04, l1: 1.070, l2: 0.00588, Time: 19.55
Model saved to models/Re100wcp/Re100wcp_100000.npz
It: 101000, Loss: 2.856e-04, l1: 1.070, l2: 0.00593, Time: 19.59
It: 102000, Loss: 2.049e-04, l1: 1.070, l2: 0.00585, Time: 19.56
It: 103000, Loss: 2.061e-04, l1: 1.070, l2: 0.00585, Time: 19.54
It: 104000, Loss: 2.011e-04, l1: 1.070, l2: 0.00585, Time: 19.55
It: 105000, Loss: 2.011e-04, l1: 1.070, l2: 0.00585, Time: 19.57
It: 106000, Loss: 2.006e-04, l1: 1.071, l2: 0.00583, Time: 19.46
It: 107000, Loss: 1.984e-04, l1: 1.071, l2: 0.00584, Time: 19.50
It: 108000, Loss: 1.970e-04, l1: 1.071, l2: 0.00583, Time: 19.48
It: 109000, Loss: 2.163e-04, l1: 1.071, l2: 0.00586, Time: 19.51
It: 110000, Loss: 1.998e-04, l1: 1.070, l2: 0.00582, Time: 19.47
Model saved to models/Re100wcp/Re100wcp_110000.npz
It: 111000, Loss: 1.943e-04, l1: 1.071, l2: 0.00582, Time: 19.61
It: 112000, Loss: 1.982e-04, l1: 1.071, l2: 0.00580, Time: 19.58
It: 113000, Loss: 2.577e-04, l1: 1.071, l2: 0.00577, Time: 19.61
It: 114000, Loss: 1.964e-04, l1: 1.071, l2: 0.00584, Time: 19.49
It: 115000, Loss: 1.916e-04, l1: 1.071, l2: 0.00581, Time: 19.51
It: 116000, Loss: 2.107e-04, l1: 1.071, l2: 0.00583, Time: 19.49
It: 117000, Loss: 1.902e-04, l1: 1.071, l2: 0.00582, Time: 19.47
It: 118000, Loss: 3.118e-04, l1: 1.071, l2: 0.00587, Time: 19.49
It: 119000, Loss: 1.898e-04, l1: 1.071, l2: 0.00582, Time: 19.48
It: 120000, Loss: 2.463e-04, l1: 1.071, l2: 0.00585, Time: 19.53
Model saved to models/Re100wcp/Re100wcp_120000.npz
It: 121000, Loss: 3.582e-04, l1: 1.072, l2: 0.00577, Time: 19.45
It: 122000, Loss: 1.865e-04, l1: 1.072, l2: 0.00581, Time: 19.45
It: 123000, Loss: 1.851e-04, l1: 1.072, l2: 0.00581, Time: 19.51
It: 124000, Loss: 1.851e-04, l1: 1.072, l2: 0.00582, Time: 19.50
It: 125000, Loss: 2.225e-04, l1: 1.072, l2: 0.00583, Time: 19.46
It: 126000, Loss: 1.828e-04, l1: 1.072, l2: 0.00581, Time: 19.52
It: 127000, Loss: 1.821e-04, l1: 1.072, l2: 0.00581, Time: 19.41
It: 128000, Loss: 1.921e-04, l1: 1.072, l2: 0.00583, Time: 19.59
It: 129000, Loss: 1.807e-04, l1: 1.072, l2: 0.00581, Time: 19.50
It: 130000, Loss: 1.817e-04, l1: 1.072, l2: 0.00581, Time: 19.45
Model saved to models/Re100wcp/Re100wcp_130000.npz
It: 131000, Loss: 1.801e-04, l1: 1.072, l2: 0.00581, Time: 19.55
It: 132000, Loss: 1.813e-04, l1: 1.072, l2: 0.00581, Time: 19.54
It: 133000, Loss: 2.619e-04, l1: 1.072, l2: 0.00583, Time: 19.47
It: 134000, Loss: 3.102e-04, l1: 1.072, l2: 0.00579, Time: 19.46
It: 135000, Loss: 1.769e-04, l1: 1.073, l2: 0.00581, Time: 19.45
It: 136000, Loss: 1.866e-04, l1: 1.073, l2: 0.00583, Time: 19.49
It: 137000, Loss: 1.780e-04, l1: 1.073, l2: 0.00582, Time: 19.54
It: 138000, Loss: 2.812e-04, l1: 1.072, l2: 0.00579, Time: 19.65
It: 139000, Loss: 2.184e-04, l1: 1.073, l2: 0.00580, Time: 19.50
It: 140000, Loss: 1.799e-04, l1: 1.073, l2: 0.00582, Time: 19.52
Model saved to models/Re100wcp/Re100wcp_140000.npz
It: 141000, Loss: 1.893e-04, l1: 1.073, l2: 0.00582, Time: 19.56
It: 142000, Loss: 1.876e-04, l1: 1.073, l2: 0.00583, Time: 19.57
It: 143000, Loss: 2.069e-04, l1: 1.073, l2: 0.00580, Time: 19.49
It: 144000, Loss: 1.869e-04, l1: 1.073, l2: 0.00581, Time: 19.42
It: 145000, Loss: 2.244e-04, l1: 1.073, l2: 0.00582, Time: 19.41
It: 146000, Loss: 1.707e-04, l1: 1.073, l2: 0.00582, Time: 19.48
It: 147000, Loss: 2.767e-04, l1: 1.073, l2: 0.00579, Time: 19.43
It: 148000, Loss: 1.821e-04, l1: 1.074, l2: 0.00582, Time: 19.50
It: 149000, Loss: 1.695e-04, l1: 1.074, l2: 0.00583, Time: 19.49
It: 150000, Loss: 1.712e-04, l1: 1.073, l2: 0.00582, Time: 19.69
Model saved to models/Re100wcp/Re100wcp_150000.npz
It: 151000, Loss: 2.019e-04, l1: 1.074, l2: 0.00582, Time: 19.48
It: 152000, Loss: 1.727e-04, l1: 1.074, l2: 0.00584, Time: 19.53
It: 153000, Loss: 2.022e-04, l1: 1.073, l2: 0.00581, Time: 19.53
It: 154000, Loss: 1.892e-04, l1: 1.074, l2: 0.00587, Time: 19.43
It: 155000, Loss: 1.658e-04, l1: 1.074, l2: 0.00584, Time: 19.44
It: 156000, Loss: 1.653e-04, l1: 1.074, l2: 0.00584, Time: 19.55
It: 157000, Loss: 2.684e-04, l1: 1.073, l2: 0.00582, Time: 19.58
It: 158000, Loss: 3.845e-04, l1: 1.074, l2: 0.00591, Time: 19.57
It: 159000, Loss: 2.850e-04, l1: 1.074, l2: 0.00580, Time: 19.53
It: 160000, Loss: 1.735e-04, l1: 1.074, l2: 0.00586, Time: 19.52
Model saved to models/Re100wcp/Re100wcp_160000.npz
It: 161000, Loss: 1.666e-04, l1: 1.074, l2: 0.00585, Time: 19.52
It: 162000, Loss: 1.932e-04, l1: 1.074, l2: 0.00581, Time: 19.51
It: 163000, Loss: 1.642e-04, l1: 1.074, l2: 0.00587, Time: 19.46
It: 164000, Loss: 2.279e-04, l1: 1.074, l2: 0.00583, Time: 19.47
It: 165000, Loss: 1.631e-04, l1: 1.074, l2: 0.00585, Time: 19.52
It: 166000, Loss: 1.623e-04, l1: 1.074, l2: 0.00586, Time: 19.45
It: 167000, Loss: 1.635e-04, l1: 1.074, l2: 0.00585, Time: 19.45
It: 168000, Loss: 1.740e-04, l1: 1.074, l2: 0.00584, Time: 19.46
It: 169000, Loss: 1.610e-04, l1: 1.075, l2: 0.00588, Time: 19.39
It: 170000, Loss: 1.857e-04, l1: 1.074, l2: 0.00588, Time: 19.46
Model saved to models/Re100wcp/Re100wcp_170000.npz
It: 171000, Loss: 1.946e-04, l1: 1.074, l2: 0.00587, Time: 19.42
It: 172000, Loss: 1.641e-04, l1: 1.075, l2: 0.00589, Time: 19.49
It: 173000, Loss: 1.651e-04, l1: 1.075, l2: 0.00586, Time: 19.41
It: 174000, Loss: 1.719e-04, l1: 1.075, l2: 0.00591, Time: 19.46
It: 175000, Loss: 2.229e-04, l1: 1.074, l2: 0.00591, Time: 19.58
It: 176000, Loss: 1.728e-04, l1: 1.075, l2: 0.00589, Time: 19.50
It: 177000, Loss: 5.317e-04, l1: 1.074, l2: 0.00577, Time: 19.50
It: 178000, Loss: 1.567e-04, l1: 1.075, l2: 0.00588, Time: 19.60
It: 179000, Loss: 2.559e-04, l1: 1.074, l2: 0.00594, Time: 19.52
It: 180000, Loss: 2.239e-04, l1: 1.075, l2: 0.00591, Time: 19.43
Model saved to models/Re100wcp/Re100wcp_180000.npz
It: 181000, Loss: 2.332e-04, l1: 1.075, l2: 0.00582, Time: 19.50
It: 182000, Loss: 1.691e-04, l1: 1.075, l2: 0.00591, Time: 19.45
It: 183000, Loss: 1.581e-04, l1: 1.075, l2: 0.00591, Time: 19.48
It: 184000, Loss: 1.548e-04, l1: 1.075, l2: 0.00591, Time: 19.69
It: 185000, Loss: 1.873e-04, l1: 1.075, l2: 0.00589, Time: 19.48
It: 186000, Loss: 1.936e-04, l1: 1.075, l2: 0.00593, Time: 19.43
It: 187000, Loss: 1.837e-04, l1: 1.075, l2: 0.00593, Time: 19.47
It: 188000, Loss: 1.540e-04, l1: 1.075, l2: 0.00590, Time: 19.54
It: 189000, Loss: 1.641e-04, l1: 1.075, l2: 0.00594, Time: 19.46
It: 190000, Loss: 4.346e-04, l1: 1.075, l2: 0.00601, Time: 19.42
Model saved to models/Re100wcp/Re100wcp_190000.npz
It: 191000, Loss: 1.641e-04, l1: 1.075, l2: 0.00588, Time: 19.50
It: 192000, Loss: 1.508e-04, l1: 1.075, l2: 0.00590, Time: 19.47
It: 193000, Loss: 2.060e-04, l1: 1.075, l2: 0.00596, Time: 19.42
It: 194000, Loss: 1.994e-04, l1: 1.075, l2: 0.00588, Time: 19.44
It: 195000, Loss: 1.511e-04, l1: 1.075, l2: 0.00590, Time: 19.41
It: 196000, Loss: 1.494e-04, l1: 1.075, l2: 0.00590, Time: 19.40
It: 197000, Loss: 1.491e-04, l1: 1.075, l2: 0.00591, Time: 19.53
It: 198000, Loss: 4.211e-04, l1: 1.075, l2: 0.00587, Time: 19.58
It: 199000, Loss: 1.502e-04, l1: 1.075, l2: 0.00591, Time: 19.57
Loss history plot saved to plots/Re100wcp_TLnyq2150_[1, 2]//Re100wcp_60000_TL150_loss_hist.png
Lambda history plot saved to plots/Re100wcp_TLnyq2150_[1, 2]//Re100wcp_60000_TL150_lambda_hist.png
Model Training Complete for 200000 iterations
Model saved to models/Re100wcp_TLnyq2150_[1, 2]//Re100wcp_60000_TL150_200000.npz
Model Re100wcp_60000.npz processed successfully.
Processing model: models/Re100wcp/Re100wcp_70000.npz
Model loaded from models/Re100wcp/Re100wcp_70000.npz
Frozen Layers: [1, 2]
Training Model...
It: 0, Loss: 6.770e-03, l1: 1.067, l2: 0.00492, Time: 10.47
It: 1000, Loss: 1.137e-03, l1: 1.059, l2: 0.00829, Time: 19.56
It: 2000, Loss: 9.561e-04, l1: 1.060, l2: 0.00825, Time: 19.49
It: 3000, Loss: 7.456e-04, l1: 1.062, l2: 0.00811, Time: 19.45
It: 4000, Loss: 7.995e-04, l1: 1.063, l2: 0.00791, Time: 19.50
It: 5000, Loss: 6.162e-04, l1: 1.064, l2: 0.00779, Time: 19.64
It: 6000, Loss: 5.790e-04, l1: 1.065, l2: 0.00768, Time: 19.45
It: 7000, Loss: 6.220e-04, l1: 1.066, l2: 0.00758, Time: 19.48
It: 8000, Loss: 5.249e-04, l1: 1.067, l2: 0.00755, Time: 19.44
It: 9000, Loss: 5.285e-04, l1: 1.068, l2: 0.00757, Time: 19.42
It: 10000, Loss: 4.950e-04, l1: 1.069, l2: 0.00752, Time: 19.38
Model saved to models/Re100wcp/Re100wcp_10000.npz
It: 11000, Loss: 6.822e-04, l1: 1.069, l2: 0.00760, Time: 19.40
It: 12000, Loss: 4.572e-04, l1: 1.070, l2: 0.00751, Time: 19.46
It: 13000, Loss: 5.210e-04, l1: 1.069, l2: 0.00759, Time: 19.54
It: 14000, Loss: 4.423e-04, l1: 1.070, l2: 0.00753, Time: 19.50
It: 15000, Loss: 4.247e-04, l1: 1.071, l2: 0.00750, Time: 19.46
It: 16000, Loss: 4.174e-04, l1: 1.071, l2: 0.00750, Time: 19.48
It: 17000, Loss: 4.111e-04, l1: 1.071, l2: 0.00751, Time: 19.45
It: 18000, Loss: 3.987e-04, l1: 1.071, l2: 0.00749, Time: 19.45
It: 19000, Loss: 4.380e-04, l1: 1.071, l2: 0.00749, Time: 19.51
It: 20000, Loss: 3.855e-04, l1: 1.072, l2: 0.00748, Time: 19.55
Model saved to models/Re100wcp/Re100wcp_20000.npz
It: 21000, Loss: 3.813e-04, l1: 1.072, l2: 0.00744, Time: 19.45
It: 22000, Loss: 3.771e-04, l1: 1.072, l2: 0.00745, Time: 19.40
It: 23000, Loss: 4.540e-04, l1: 1.072, l2: 0.00748, Time: 19.46
It: 24000, Loss: 4.195e-04, l1: 1.072, l2: 0.00741, Time: 19.44
It: 25000, Loss: 3.560e-04, l1: 1.072, l2: 0.00743, Time: 19.48
It: 26000, Loss: 3.507e-04, l1: 1.073, l2: 0.00743, Time: 19.70
It: 27000, Loss: 3.471e-04, l1: 1.073, l2: 0.00743, Time: 19.89
It: 28000, Loss: 3.514e-04, l1: 1.073, l2: 0.00746, Time: 19.83
It: 29000, Loss: 3.605e-04, l1: 1.073, l2: 0.00741, Time: 19.93
It: 30000, Loss: 3.532e-04, l1: 1.073, l2: 0.00740, Time: 19.90
Model saved to models/Re100wcp/Re100wcp_30000.npz
It: 31000, Loss: 3.554e-04, l1: 1.073, l2: 0.00738, Time: 19.88
It: 32000, Loss: 3.308e-04, l1: 1.073, l2: 0.00746, Time: 19.87
It: 33000, Loss: 3.534e-04, l1: 1.073, l2: 0.00743, Time: 19.85
It: 34000, Loss: 3.214e-04, l1: 1.074, l2: 0.00744, Time: 19.83
It: 35000, Loss: 4.315e-04, l1: 1.074, l2: 0.00746, Time: 19.86
It: 36000, Loss: 3.168e-04, l1: 1.074, l2: 0.00741, Time: 19.95
It: 37000, Loss: 3.703e-04, l1: 1.074, l2: 0.00748, Time: 19.90
It: 38000, Loss: 3.191e-04, l1: 1.074, l2: 0.00744, Time: 19.84
It: 39000, Loss: 3.021e-04, l1: 1.074, l2: 0.00740, Time: 19.79
It: 40000, Loss: 2.984e-04, l1: 1.074, l2: 0.00742, Time: 19.77
Model saved to models/Re100wcp/Re100wcp_40000.npz
It: 41000, Loss: 3.018e-04, l1: 1.075, l2: 0.00740, Time: 19.84
It: 42000, Loss: 2.936e-04, l1: 1.075, l2: 0.00741, Time: 19.88
It: 43000, Loss: 3.162e-04, l1: 1.075, l2: 0.00746, Time: 19.80
It: 44000, Loss: 3.393e-04, l1: 1.074, l2: 0.00745, Time: 19.81
It: 45000, Loss: 2.900e-04, l1: 1.075, l2: 0.00741, Time: 19.89
It: 46000, Loss: 2.820e-04, l1: 1.075, l2: 0.00741, Time: 19.79
It: 47000, Loss: 2.866e-04, l1: 1.075, l2: 0.00743, Time: 19.88
It: 48000, Loss: 2.770e-04, l1: 1.075, l2: 0.00740, Time: 19.90
It: 49000, Loss: 2.846e-04, l1: 1.075, l2: 0.00739, Time: 19.84
It: 50000, Loss: 2.792e-04, l1: 1.075, l2: 0.00741, Time: 19.85
Model saved to models/Re100wcp/Re100wcp_50000.npz
It: 51000, Loss: 2.741e-04, l1: 1.075, l2: 0.00740, Time: 19.77
It: 52000, Loss: 2.714e-04, l1: 1.076, l2: 0.00739, Time: 19.73
It: 53000, Loss: 2.943e-04, l1: 1.075, l2: 0.00743, Time: 19.75
It: 54000, Loss: 2.959e-04, l1: 1.075, l2: 0.00740, Time: 19.77
It: 55000, Loss: 2.623e-04, l1: 1.076, l2: 0.00739, Time: 19.72
It: 56000, Loss: 2.860e-04, l1: 1.075, l2: 0.00740, Time: 19.75
It: 57000, Loss: 2.797e-04, l1: 1.076, l2: 0.00735, Time: 19.68
It: 58000, Loss: 2.554e-04, l1: 1.076, l2: 0.00737, Time: 19.68
It: 59000, Loss: 2.527e-04, l1: 1.076, l2: 0.00737, Time: 19.78
It: 60000, Loss: 2.571e-04, l1: 1.076, l2: 0.00735, Time: 19.85
Model saved to models/Re100wcp/Re100wcp_60000.npz
It: 61000, Loss: 2.856e-04, l1: 1.076, l2: 0.00730, Time: 19.74
It: 62000, Loss: 2.783e-04, l1: 1.076, l2: 0.00739, Time: 19.68
It: 63000, Loss: 2.549e-04, l1: 1.076, l2: 0.00733, Time: 19.71
It: 64000, Loss: 2.522e-04, l1: 1.076, l2: 0.00733, Time: 19.68
It: 65000, Loss: 2.434e-04, l1: 1.076, l2: 0.00735, Time: 19.72
It: 66000, Loss: 2.417e-04, l1: 1.076, l2: 0.00734, Time: 19.67
It: 67000, Loss: 2.518e-04, l1: 1.076, l2: 0.00735, Time: 19.81
It: 68000, Loss: 2.460e-04, l1: 1.076, l2: 0.00735, Time: 19.64
It: 69000, Loss: 2.506e-04, l1: 1.076, l2: 0.00731, Time: 19.64
It: 70000, Loss: 2.537e-04, l1: 1.076, l2: 0.00735, Time: 19.68
Model saved to models/Re100wcp/Re100wcp_70000.npz
It: 71000, Loss: 2.406e-04, l1: 1.076, l2: 0.00734, Time: 19.68
It: 72000, Loss: 4.570e-04, l1: 1.076, l2: 0.00739, Time: 19.63
It: 73000, Loss: 2.319e-04, l1: 1.076, l2: 0.00731, Time: 19.68
It: 74000, Loss: 2.459e-04, l1: 1.076, l2: 0.00734, Time: 19.72
It: 75000, Loss: 2.432e-04, l1: 1.076, l2: 0.00733, Time: 19.65
It: 76000, Loss: 2.494e-04, l1: 1.076, l2: 0.00728, Time: 19.75
It: 77000, Loss: 2.254e-04, l1: 1.076, l2: 0.00732, Time: 19.72
It: 78000, Loss: 2.297e-04, l1: 1.076, l2: 0.00733, Time: 19.83
It: 79000, Loss: 2.269e-04, l1: 1.076, l2: 0.00731, Time: 19.71
It: 80000, Loss: 2.377e-04, l1: 1.075, l2: 0.00736, Time: 19.79
Model saved to models/Re100wcp/Re100wcp_80000.npz
It: 81000, Loss: 2.350e-04, l1: 1.076, l2: 0.00732, Time: 19.76
It: 82000, Loss: 2.247e-04, l1: 1.076, l2: 0.00730, Time: 19.70
It: 83000, Loss: 2.353e-04, l1: 1.076, l2: 0.00733, Time: 19.69
It: 84000, Loss: 2.175e-04, l1: 1.076, l2: 0.00732, Time: 19.68
It: 85000, Loss: 2.158e-04, l1: 1.076, l2: 0.00731, Time: 19.76
It: 86000, Loss: 2.436e-04, l1: 1.075, l2: 0.00734, Time: 19.72
It: 87000, Loss: 2.223e-04, l1: 1.076, l2: 0.00730, Time: 19.67
It: 88000, Loss: 2.521e-04, l1: 1.076, l2: 0.00735, Time: 19.72
It: 89000, Loss: 2.321e-04, l1: 1.075, l2: 0.00736, Time: 19.75
It: 90000, Loss: 2.366e-04, l1: 1.076, l2: 0.00733, Time: 19.74
Model saved to models/Re100wcp/Re100wcp_90000.npz
It: 91000, Loss: 2.094e-04, l1: 1.076, l2: 0.00732, Time: 19.80
It: 92000, Loss: 2.106e-04, l1: 1.076, l2: 0.00731, Time: 19.72
It: 93000, Loss: 2.122e-04, l1: 1.076, l2: 0.00732, Time: 19.70
It: 94000, Loss: 2.661e-04, l1: 1.075, l2: 0.00726, Time: 19.72
It: 95000, Loss: 3.201e-04, l1: 1.076, l2: 0.00726, Time: 19.65
It: 96000, Loss: 2.158e-04, l1: 1.076, l2: 0.00734, Time: 19.66
It: 97000, Loss: 2.042e-04, l1: 1.076, l2: 0.00733, Time: 19.63
It: 98000, Loss: 2.109e-04, l1: 1.075, l2: 0.00733, Time: 19.61
It: 99000, Loss: 2.018e-04, l1: 1.076, l2: 0.00733, Time: 19.79
It: 100000, Loss: 2.009e-04, l1: 1.076, l2: 0.00733, Time: 19.66
Model saved to models/Re100wcp/Re100wcp_100000.npz
It: 101000, Loss: 2.566e-04, l1: 1.075, l2: 0.00733, Time: 19.64
It: 102000, Loss: 3.191e-04, l1: 1.075, l2: 0.00735, Time: 19.71
It: 103000, Loss: 2.001e-04, l1: 1.075, l2: 0.00734, Time: 19.78
It: 104000, Loss: 2.364e-04, l1: 1.075, l2: 0.00737, Time: 19.76
It: 105000, Loss: 1.969e-04, l1: 1.075, l2: 0.00735, Time: 19.73
It: 106000, Loss: 4.452e-04, l1: 1.075, l2: 0.00722, Time: 19.71
It: 107000, Loss: 1.984e-04, l1: 1.075, l2: 0.00734, Time: 19.66
It: 108000, Loss: 1.957e-04, l1: 1.075, l2: 0.00735, Time: 19.69
It: 109000, Loss: 2.201e-04, l1: 1.075, l2: 0.00734, Time: 19.85
It: 110000, Loss: 2.139e-04, l1: 1.075, l2: 0.00737, Time: 19.76
Model saved to models/Re100wcp/Re100wcp_110000.npz
It: 111000, Loss: 1.917e-04, l1: 1.075, l2: 0.00735, Time: 19.71
It: 112000, Loss: 2.254e-04, l1: 1.075, l2: 0.00740, Time: 19.75
It: 113000, Loss: 1.987e-04, l1: 1.075, l2: 0.00735, Time: 19.69
It: 114000, Loss: 1.928e-04, l1: 1.075, l2: 0.00735, Time: 19.75
It: 115000, Loss: 1.891e-04, l1: 1.075, l2: 0.00737, Time: 19.75
It: 116000, Loss: 1.883e-04, l1: 1.075, l2: 0.00737, Time: 19.67
It: 117000, Loss: 2.138e-04, l1: 1.075, l2: 0.00739, Time: 19.87
It: 118000, Loss: 2.517e-04, l1: 1.075, l2: 0.00734, Time: 19.74
It: 119000, Loss: 2.050e-04, l1: 1.075, l2: 0.00736, Time: 19.73
It: 120000, Loss: 1.845e-04, l1: 1.075, l2: 0.00737, Time: 19.79
Model saved to models/Re100wcp/Re100wcp_120000.npz
It: 121000, Loss: 1.878e-04, l1: 1.075, l2: 0.00737, Time: 19.75
It: 122000, Loss: 1.839e-04, l1: 1.075, l2: 0.00737, Time: 19.76
It: 123000, Loss: 1.876e-04, l1: 1.075, l2: 0.00738, Time: 19.65
It: 124000, Loss: 2.192e-04, l1: 1.074, l2: 0.00744, Time: 19.60
It: 125000, Loss: 1.832e-04, l1: 1.075, l2: 0.00739, Time: 19.55
It: 126000, Loss: 1.809e-04, l1: 1.075, l2: 0.00739, Time: 19.59
It: 127000, Loss: 2.266e-04, l1: 1.074, l2: 0.00738, Time: 19.66
It: 128000, Loss: 1.876e-04, l1: 1.075, l2: 0.00741, Time: 19.65
It: 129000, Loss: 1.792e-04, l1: 1.075, l2: 0.00739, Time: 19.74
It: 130000, Loss: 2.468e-04, l1: 1.074, l2: 0.00735, Time: 19.74
Model saved to models/Re100wcp/Re100wcp_130000.npz
It: 131000, Loss: 1.820e-04, l1: 1.075, l2: 0.00739, Time: 19.66
It: 132000, Loss: 1.780e-04, l1: 1.075, l2: 0.00741, Time: 19.70
It: 133000, Loss: 1.830e-04, l1: 1.075, l2: 0.00738, Time: 19.64
It: 134000, Loss: 1.771e-04, l1: 1.075, l2: 0.00740, Time: 19.62
It: 135000, Loss: 2.044e-04, l1: 1.075, l2: 0.00740, Time: 19.65
It: 136000, Loss: 1.856e-04, l1: 1.074, l2: 0.00740, Time: 19.59
It: 137000, Loss: 1.887e-04, l1: 1.074, l2: 0.00740, Time: 19.72
It: 138000, Loss: 1.733e-04, l1: 1.074, l2: 0.00741, Time: 19.60
It: 139000, Loss: 1.852e-04, l1: 1.074, l2: 0.00739, Time: 19.68
It: 140000, Loss: 2.218e-04, l1: 1.074, l2: 0.00744, Time: 19.66
Model saved to models/Re100wcp/Re100wcp_140000.npz
It: 141000, Loss: 2.706e-04, l1: 1.074, l2: 0.00745, Time: 19.54
It: 142000, Loss: 2.204e-04, l1: 1.074, l2: 0.00744, Time: 19.63
It: 143000, Loss: 1.956e-04, l1: 1.074, l2: 0.00750, Time: 19.60
It: 144000, Loss: 1.800e-04, l1: 1.074, l2: 0.00737, Time: 19.63
It: 145000, Loss: 1.794e-04, l1: 1.074, l2: 0.00741, Time: 19.67
It: 146000, Loss: 2.037e-04, l1: 1.074, l2: 0.00740, Time: 19.56
It: 147000, Loss: 1.785e-04, l1: 1.074, l2: 0.00744, Time: 19.53
It: 148000, Loss: 1.730e-04, l1: 1.074, l2: 0.00742, Time: 19.60
It: 149000, Loss: 1.776e-04, l1: 1.074, l2: 0.00738, Time: 19.57
It: 150000, Loss: 1.723e-04, l1: 1.074, l2: 0.00742, Time: 19.61
Model saved to models/Re100wcp/Re100wcp_150000.npz
It: 151000, Loss: 1.786e-04, l1: 1.074, l2: 0.00744, Time: 19.63
It: 152000, Loss: 2.142e-04, l1: 1.074, l2: 0.00733, Time: 19.57
It: 153000, Loss: 1.816e-04, l1: 1.074, l2: 0.00744, Time: 19.62
It: 154000, Loss: 1.908e-04, l1: 1.074, l2: 0.00743, Time: 19.75
It: 155000, Loss: 1.648e-04, l1: 1.074, l2: 0.00744, Time: 19.61
It: 156000, Loss: 2.375e-04, l1: 1.074, l2: 0.00740, Time: 19.57
It: 157000, Loss: 1.717e-04, l1: 1.074, l2: 0.00745, Time: 19.54
It: 158000, Loss: 1.737e-04, l1: 1.074, l2: 0.00745, Time: 19.55
It: 159000, Loss: 1.631e-04, l1: 1.074, l2: 0.00745, Time: 19.62
It: 160000, Loss: 1.658e-04, l1: 1.074, l2: 0.00745, Time: 19.76
Model saved to models/Re100wcp/Re100wcp_160000.npz
It: 161000, Loss: 1.623e-04, l1: 1.074, l2: 0.00745, Time: 19.60
It: 162000, Loss: 1.621e-04, l1: 1.074, l2: 0.00745, Time: 19.59
It: 163000, Loss: 1.638e-04, l1: 1.074, l2: 0.00745, Time: 19.64
It: 164000, Loss: 1.645e-04, l1: 1.074, l2: 0.00746, Time: 19.68
It: 165000, Loss: 1.601e-04, l1: 1.074, l2: 0.00746, Time: 19.52
It: 166000, Loss: 2.201e-04, l1: 1.073, l2: 0.00749, Time: 19.64
It: 167000, Loss: 1.590e-04, l1: 1.074, l2: 0.00746, Time: 19.56
It: 168000, Loss: 1.588e-04, l1: 1.074, l2: 0.00746, Time: 19.64
It: 169000, Loss: 1.793e-04, l1: 1.073, l2: 0.00746, Time: 19.60
It: 170000, Loss: 1.611e-04, l1: 1.073, l2: 0.00748, Time: 19.78
Model saved to models/Re100wcp/Re100wcp_170000.npz
It: 171000, Loss: 1.601e-04, l1: 1.073, l2: 0.00746, Time: 19.61
It: 172000, Loss: 2.257e-04, l1: 1.073, l2: 0.00744, Time: 19.66
It: 173000, Loss: 1.621e-04, l1: 1.073, l2: 0.00747, Time: 19.75
It: 174000, Loss: 1.923e-04, l1: 1.073, l2: 0.00748, Time: 19.60
It: 175000, Loss: 1.769e-04, l1: 1.073, l2: 0.00750, Time: 19.61
It: 176000, Loss: 1.642e-04, l1: 1.073, l2: 0.00746, Time: 19.82
It: 177000, Loss: 1.565e-04, l1: 1.073, l2: 0.00747, Time: 19.70
It: 178000, Loss: 1.694e-04, l1: 1.073, l2: 0.00747, Time: 19.66
It: 179000, Loss: 1.598e-04, l1: 1.073, l2: 0.00748, Time: 19.65
It: 180000, Loss: 2.259e-04, l1: 1.073, l2: 0.00749, Time: 19.63
Model saved to models/Re100wcp/Re100wcp_180000.npz
It: 181000, Loss: 1.916e-04, l1: 1.073, l2: 0.00751, Time: 19.61
It: 182000, Loss: 2.443e-04, l1: 1.073, l2: 0.00755, Time: 19.50
It: 183000, Loss: 1.530e-04, l1: 1.073, l2: 0.00748, Time: 19.64
It: 184000, Loss: 2.139e-04, l1: 1.073, l2: 0.00745, Time: 19.65
It: 185000, Loss: 1.534e-04, l1: 1.073, l2: 0.00751, Time: 19.56
It: 186000, Loss: 1.851e-04, l1: 1.073, l2: 0.00745, Time: 19.57
It: 187000, Loss: 1.519e-04, l1: 1.073, l2: 0.00750, Time: 19.57
It: 188000, Loss: 1.707e-04, l1: 1.073, l2: 0.00751, Time: 19.55
It: 189000, Loss: 1.556e-04, l1: 1.073, l2: 0.00749, Time: 19.61
It: 190000, Loss: 1.529e-04, l1: 1.073, l2: 0.00753, Time: 19.52
Model saved to models/Re100wcp/Re100wcp_190000.npz
It: 191000, Loss: 1.538e-04, l1: 1.073, l2: 0.00750, Time: 19.57
It: 192000, Loss: 1.504e-04, l1: 1.073, l2: 0.00752, Time: 19.53
It: 193000, Loss: 2.326e-04, l1: 1.073, l2: 0.00748, Time: 19.52
It: 194000, Loss: 1.507e-04, l1: 1.073, l2: 0.00751, Time: 19.56
It: 195000, Loss: 1.767e-04, l1: 1.072, l2: 0.00750, Time: 19.54
It: 196000, Loss: 1.835e-04, l1: 1.072, l2: 0.00748, Time: 19.61
It: 197000, Loss: 1.473e-04, l1: 1.073, l2: 0.00752, Time: 19.56
It: 198000, Loss: 1.774e-04, l1: 1.072, l2: 0.00755, Time: 19.45
It: 199000, Loss: 1.473e-04, l1: 1.072, l2: 0.00752, Time: 19.56
Loss history plot saved to plots/Re100wcp_TLnyq2150_[1, 2]//Re100wcp_70000_TL150_loss_hist.png
Lambda history plot saved to plots/Re100wcp_TLnyq2150_[1, 2]//Re100wcp_70000_TL150_lambda_hist.png
Model Training Complete for 200000 iterations
Model saved to models/Re100wcp_TLnyq2150_[1, 2]//Re100wcp_70000_TL150_200000.npz
Model Re100wcp_70000.npz processed successfully.
Processing model: models/Re100wcp/Re100wcp_80000.npz
Model loaded from models/Re100wcp/Re100wcp_80000.npz
Frozen Layers: [1, 2]
Training Model...
It: 0, Loss: 6.639e-03, l1: 1.074, l2: 0.00636, Time: 11.12
It: 1000, Loss: 1.169e-03, l1: 1.060, l2: 0.00719, Time: 19.48
It: 2000, Loss: 9.811e-04, l1: 1.061, l2: 0.00710, Time: 19.50
It: 3000, Loss: 8.675e-04, l1: 1.062, l2: 0.00710, Time: 19.40
It: 4000, Loss: 7.966e-04, l1: 1.064, l2: 0.00709, Time: 19.44
It: 5000, Loss: 7.587e-04, l1: 1.064, l2: 0.00705, Time: 19.48
It: 6000, Loss: 7.507e-04, l1: 1.065, l2: 0.00703, Time: 19.42
It: 7000, Loss: 6.790e-04, l1: 1.065, l2: 0.00701, Time: 19.43
It: 8000, Loss: 6.583e-04, l1: 1.065, l2: 0.00701, Time: 19.57
It: 9000, Loss: 6.216e-04, l1: 1.066, l2: 0.00699, Time: 19.56
It: 10000, Loss: 5.961e-04, l1: 1.066, l2: 0.00699, Time: 19.66
Model saved to models/Re100wcp/Re100wcp_10000.npz
It: 11000, Loss: 6.559e-04, l1: 1.066, l2: 0.00695, Time: 19.63
It: 12000, Loss: 5.606e-04, l1: 1.067, l2: 0.00699, Time: 19.46
It: 13000, Loss: 5.478e-04, l1: 1.067, l2: 0.00698, Time: 19.46
It: 14000, Loss: 5.300e-04, l1: 1.067, l2: 0.00700, Time: 19.52
It: 15000, Loss: 5.170e-04, l1: 1.067, l2: 0.00700, Time: 19.74
It: 16000, Loss: 5.060e-04, l1: 1.068, l2: 0.00701, Time: 19.59
It: 17000, Loss: 4.951e-04, l1: 1.068, l2: 0.00702, Time: 19.50
It: 18000, Loss: 4.908e-04, l1: 1.068, l2: 0.00701, Time: 19.47
It: 19000, Loss: 4.746e-04, l1: 1.068, l2: 0.00703, Time: 19.49
It: 20000, Loss: 4.637e-04, l1: 1.069, l2: 0.00702, Time: 19.49
Model saved to models/Re100wcp/Re100wcp_20000.npz
It: 21000, Loss: 4.716e-04, l1: 1.068, l2: 0.00702, Time: 19.57
It: 22000, Loss: 4.579e-04, l1: 1.069, l2: 0.00698, Time: 19.51
It: 23000, Loss: 5.284e-04, l1: 1.069, l2: 0.00708, Time: 19.48
It: 24000, Loss: 4.584e-04, l1: 1.069, l2: 0.00695, Time: 19.61
It: 25000, Loss: 4.703e-04, l1: 1.069, l2: 0.00700, Time: 19.50
It: 26000, Loss: 5.712e-04, l1: 1.069, l2: 0.00699, Time: 19.58
It: 27000, Loss: 5.563e-04, l1: 1.069, l2: 0.00702, Time: 19.57
It: 28000, Loss: 4.109e-04, l1: 1.070, l2: 0.00695, Time: 19.59
It: 29000, Loss: 4.114e-04, l1: 1.070, l2: 0.00696, Time: 19.44
It: 30000, Loss: 3.960e-04, l1: 1.070, l2: 0.00695, Time: 19.49
Model saved to models/Re100wcp/Re100wcp_30000.npz
It: 31000, Loss: 4.424e-04, l1: 1.071, l2: 0.00686, Time: 19.62
It: 32000, Loss: 4.416e-04, l1: 1.070, l2: 0.00691, Time: 19.59
It: 33000, Loss: 3.995e-04, l1: 1.071, l2: 0.00692, Time: 19.59
It: 34000, Loss: 4.532e-04, l1: 1.071, l2: 0.00692, Time: 19.53
It: 35000, Loss: 3.780e-04, l1: 1.071, l2: 0.00691, Time: 19.56
It: 36000, Loss: 3.796e-04, l1: 1.071, l2: 0.00693, Time: 19.50
It: 37000, Loss: 3.737e-04, l1: 1.072, l2: 0.00690, Time: 19.47
It: 38000, Loss: 3.933e-04, l1: 1.072, l2: 0.00683, Time: 19.48
It: 39000, Loss: 4.339e-04, l1: 1.072, l2: 0.00692, Time: 19.58
It: 40000, Loss: 3.550e-04, l1: 1.073, l2: 0.00690, Time: 19.52
Model saved to models/Re100wcp/Re100wcp_40000.npz
It: 41000, Loss: 3.501e-04, l1: 1.073, l2: 0.00689, Time: 19.59
It: 42000, Loss: 4.207e-04, l1: 1.073, l2: 0.00687, Time: 19.52
It: 43000, Loss: 3.455e-04, l1: 1.074, l2: 0.00690, Time: 19.40
It: 44000, Loss: 3.432e-04, l1: 1.074, l2: 0.00689, Time: 19.39
It: 45000, Loss: 3.815e-04, l1: 1.074, l2: 0.00682, Time: 19.58
It: 46000, Loss: 3.364e-04, l1: 1.074, l2: 0.00688, Time: 19.60
It: 47000, Loss: 3.368e-04, l1: 1.074, l2: 0.00688, Time: 19.52
It: 48000, Loss: 3.364e-04, l1: 1.075, l2: 0.00688, Time: 19.59
It: 49000, Loss: 4.709e-04, l1: 1.075, l2: 0.00698, Time: 19.57
It: 50000, Loss: 3.492e-04, l1: 1.075, l2: 0.00692, Time: 19.60
Model saved to models/Re100wcp/Re100wcp_50000.npz
It: 51000, Loss: 3.245e-04, l1: 1.075, l2: 0.00686, Time: 19.50
It: 52000, Loss: 3.404e-04, l1: 1.075, l2: 0.00691, Time: 19.44
It: 53000, Loss: 3.286e-04, l1: 1.075, l2: 0.00687, Time: 19.44
It: 54000, Loss: 3.149e-04, l1: 1.076, l2: 0.00688, Time: 19.47
It: 55000, Loss: 3.157e-04, l1: 1.076, l2: 0.00688, Time: 19.42
It: 56000, Loss: 3.109e-04, l1: 1.076, l2: 0.00688, Time: 19.44
It: 57000, Loss: 3.175e-04, l1: 1.076, l2: 0.00686, Time: 19.42
It: 58000, Loss: 3.076e-04, l1: 1.076, l2: 0.00688, Time: 19.42
It: 59000, Loss: 3.614e-04, l1: 1.076, l2: 0.00685, Time: 19.37
It: 60000, Loss: 3.015e-04, l1: 1.077, l2: 0.00687, Time: 19.51
Model saved to models/Re100wcp/Re100wcp_60000.npz
It: 61000, Loss: 3.014e-04, l1: 1.077, l2: 0.00685, Time: 19.61
It: 62000, Loss: 3.561e-04, l1: 1.077, l2: 0.00681, Time: 19.57
It: 63000, Loss: 3.123e-04, l1: 1.077, l2: 0.00685, Time: 19.46
It: 64000, Loss: 2.961e-04, l1: 1.077, l2: 0.00687, Time: 19.63
It: 65000, Loss: 2.916e-04, l1: 1.077, l2: 0.00686, Time: 19.68
It: 66000, Loss: 4.111e-04, l1: 1.077, l2: 0.00682, Time: 19.67
It: 67000, Loss: 3.001e-04, l1: 1.077, l2: 0.00687, Time: 19.62
It: 68000, Loss: 2.866e-04, l1: 1.077, l2: 0.00686, Time: 19.59
It: 69000, Loss: 3.039e-04, l1: 1.077, l2: 0.00685, Time: 19.55
It: 70000, Loss: 3.223e-04, l1: 1.078, l2: 0.00685, Time: 19.55
Model saved to models/Re100wcp/Re100wcp_70000.npz
It: 71000, Loss: 2.880e-04, l1: 1.077, l2: 0.00684, Time: 19.53
It: 72000, Loss: 3.008e-04, l1: 1.077, l2: 0.00686, Time: 19.48
It: 73000, Loss: 2.942e-04, l1: 1.078, l2: 0.00686, Time: 19.57
It: 74000, Loss: 2.774e-04, l1: 1.078, l2: 0.00684, Time: 19.46
It: 75000, Loss: 2.738e-04, l1: 1.078, l2: 0.00684, Time: 19.46
It: 76000, Loss: 2.874e-04, l1: 1.078, l2: 0.00682, Time: 19.49
It: 77000, Loss: 4.462e-04, l1: 1.077, l2: 0.00688, Time: 19.43
It: 78000, Loss: 2.781e-04, l1: 1.077, l2: 0.00686, Time: 19.46
It: 79000, Loss: 2.683e-04, l1: 1.078, l2: 0.00682, Time: 19.53
It: 80000, Loss: 2.666e-04, l1: 1.078, l2: 0.00683, Time: 19.47
Model saved to models/Re100wcp/Re100wcp_80000.npz
It: 81000, Loss: 3.137e-04, l1: 1.077, l2: 0.00686, Time: 19.47
It: 82000, Loss: 2.897e-04, l1: 1.078, l2: 0.00680, Time: 19.39
It: 83000, Loss: 3.984e-04, l1: 1.078, l2: 0.00680, Time: 19.43
It: 84000, Loss: 2.624e-04, l1: 1.078, l2: 0.00681, Time: 19.49
It: 85000, Loss: 2.676e-04, l1: 1.078, l2: 0.00676, Time: 19.66
It: 86000, Loss: 3.921e-04, l1: 1.078, l2: 0.00687, Time: 19.52
It: 87000, Loss: 2.663e-04, l1: 1.078, l2: 0.00680, Time: 19.53
It: 88000, Loss: 2.542e-04, l1: 1.078, l2: 0.00682, Time: 19.49
It: 89000, Loss: 2.680e-04, l1: 1.077, l2: 0.00683, Time: 19.43
It: 90000, Loss: 2.704e-04, l1: 1.078, l2: 0.00681, Time: 19.40
Model saved to models/Re100wcp/Re100wcp_90000.npz
It: 91000, Loss: 2.651e-04, l1: 1.078, l2: 0.00683, Time: 19.42
It: 92000, Loss: 2.974e-04, l1: 1.078, l2: 0.00680, Time: 19.47
It: 93000, Loss: 2.933e-04, l1: 1.078, l2: 0.00684, Time: 19.50
It: 94000, Loss: 3.631e-04, l1: 1.078, l2: 0.00671, Time: 19.52
It: 95000, Loss: 2.449e-04, l1: 1.078, l2: 0.00681, Time: 19.59
It: 96000, Loss: 2.447e-04, l1: 1.078, l2: 0.00681, Time: 19.42
It: 97000, Loss: 2.639e-04, l1: 1.078, l2: 0.00683, Time: 19.49
It: 98000, Loss: 2.457e-04, l1: 1.078, l2: 0.00683, Time: 19.47
It: 99000, Loss: 2.415e-04, l1: 1.078, l2: 0.00680, Time: 19.46
It: 100000, Loss: 2.411e-04, l1: 1.078, l2: 0.00680, Time: 19.49
Model saved to models/Re100wcp/Re100wcp_100000.npz
It: 101000, Loss: 2.429e-04, l1: 1.078, l2: 0.00681, Time: 19.49
It: 102000, Loss: 2.855e-04, l1: 1.078, l2: 0.00680, Time: 19.41
It: 103000, Loss: 2.446e-04, l1: 1.078, l2: 0.00678, Time: 19.45
It: 104000, Loss: 2.357e-04, l1: 1.078, l2: 0.00680, Time: 19.41
It: 105000, Loss: 2.385e-04, l1: 1.078, l2: 0.00678, Time: 19.41
It: 106000, Loss: 2.328e-04, l1: 1.078, l2: 0.00680, Time: 19.42
It: 107000, Loss: 2.566e-04, l1: 1.078, l2: 0.00673, Time: 19.46
It: 108000, Loss: 2.323e-04, l1: 1.078, l2: 0.00680, Time: 19.40
It: 109000, Loss: 3.076e-04, l1: 1.078, l2: 0.00686, Time: 19.45
It: 110000, Loss: 2.324e-04, l1: 1.078, l2: 0.00679, Time: 19.38
Model saved to models/Re100wcp/Re100wcp_110000.npz
It: 111000, Loss: 2.305e-04, l1: 1.078, l2: 0.00679, Time: 19.44
It: 112000, Loss: 2.309e-04, l1: 1.078, l2: 0.00680, Time: 19.38
It: 113000, Loss: 2.270e-04, l1: 1.078, l2: 0.00680, Time: 19.42
It: 114000, Loss: 2.275e-04, l1: 1.078, l2: 0.00678, Time: 19.41
It: 115000, Loss: 2.242e-04, l1: 1.078, l2: 0.00679, Time: 19.36
It: 116000, Loss: 2.308e-04, l1: 1.078, l2: 0.00679, Time: 19.52
It: 117000, Loss: 2.366e-04, l1: 1.078, l2: 0.00677, Time: 19.55
It: 118000, Loss: 2.223e-04, l1: 1.078, l2: 0.00678, Time: 19.47
It: 119000, Loss: 4.233e-04, l1: 1.078, l2: 0.00682, Time: 19.43
It: 120000, Loss: 2.406e-04, l1: 1.077, l2: 0.00675, Time: 19.46
Model saved to models/Re100wcp/Re100wcp_120000.npz
It: 121000, Loss: 2.309e-04, l1: 1.078, l2: 0.00678, Time: 19.42
It: 122000, Loss: 3.744e-04, l1: 1.078, l2: 0.00684, Time: 19.55
It: 123000, Loss: 3.871e-04, l1: 1.078, l2: 0.00682, Time: 19.48
It: 124000, Loss: 2.307e-04, l1: 1.078, l2: 0.00677, Time: 19.46
It: 125000, Loss: 2.316e-04, l1: 1.078, l2: 0.00679, Time: 19.49
It: 126000, Loss: 2.935e-04, l1: 1.078, l2: 0.00678, Time: 19.39
It: 127000, Loss: 2.194e-04, l1: 1.078, l2: 0.00674, Time: 19.49
It: 128000, Loss: 2.148e-04, l1: 1.078, l2: 0.00675, Time: 19.49
It: 129000, Loss: 2.139e-04, l1: 1.078, l2: 0.00675, Time: 19.62
It: 130000, Loss: 2.126e-04, l1: 1.078, l2: 0.00675, Time: 19.50
Model saved to models/Re100wcp/Re100wcp_130000.npz
It: 131000, Loss: 2.767e-04, l1: 1.078, l2: 0.00677, Time: 19.50
It: 132000, Loss: 2.107e-04, l1: 1.078, l2: 0.00675, Time: 19.46
It: 133000, Loss: 2.102e-04, l1: 1.078, l2: 0.00674, Time: 19.46
It: 134000, Loss: 2.343e-04, l1: 1.078, l2: 0.00669, Time: 19.52
It: 135000, Loss: 2.299e-04, l1: 1.078, l2: 0.00677, Time: 19.48
It: 136000, Loss: 2.083e-04, l1: 1.078, l2: 0.00674, Time: 19.49
It: 137000, Loss: 3.665e-04, l1: 1.078, l2: 0.00670, Time: 19.45
It: 138000, Loss: 2.095e-04, l1: 1.078, l2: 0.00674, Time: 19.46
It: 139000, Loss: 2.111e-04, l1: 1.078, l2: 0.00675, Time: 19.47
It: 140000, Loss: 2.158e-04, l1: 1.078, l2: 0.00675, Time: 19.40
Model saved to models/Re100wcp/Re100wcp_140000.npz
It: 141000, Loss: 2.061e-04, l1: 1.078, l2: 0.00672, Time: 19.46
It: 142000, Loss: 2.314e-04, l1: 1.078, l2: 0.00673, Time: 19.52
It: 143000, Loss: 2.303e-04, l1: 1.078, l2: 0.00672, Time: 19.56
It: 144000, Loss: 2.068e-04, l1: 1.078, l2: 0.00671, Time: 19.60
It: 145000, Loss: 2.020e-04, l1: 1.078, l2: 0.00672, Time: 19.45
It: 146000, Loss: 2.455e-04, l1: 1.078, l2: 0.00668, Time: 19.50
It: 147000, Loss: 2.058e-04, l1: 1.078, l2: 0.00672, Time: 19.44
It: 148000, Loss: 2.008e-04, l1: 1.079, l2: 0.00671, Time: 19.43
It: 149000, Loss: 2.009e-04, l1: 1.079, l2: 0.00670, Time: 19.43
It: 150000, Loss: 1.994e-04, l1: 1.079, l2: 0.00672, Time: 19.46
Model saved to models/Re100wcp/Re100wcp_150000.npz
It: 151000, Loss: 3.619e-04, l1: 1.078, l2: 0.00669, Time: 19.49
It: 152000, Loss: 1.983e-04, l1: 1.079, l2: 0.00670, Time: 19.41
It: 153000, Loss: 1.992e-04, l1: 1.078, l2: 0.00669, Time: 19.43
It: 154000, Loss: 2.096e-04, l1: 1.079, l2: 0.00671, Time: 19.45
It: 155000, Loss: 2.278e-04, l1: 1.078, l2: 0.00673, Time: 19.50
It: 156000, Loss: 2.872e-04, l1: 1.078, l2: 0.00672, Time: 19.60
It: 157000, Loss: 2.060e-04, l1: 1.079, l2: 0.00670, Time: 19.57
It: 158000, Loss: 2.320e-04, l1: 1.079, l2: 0.00674, Time: 19.54
It: 159000, Loss: 2.427e-04, l1: 1.079, l2: 0.00668, Time: 19.49
It: 160000, Loss: 2.789e-04, l1: 1.079, l2: 0.00661, Time: 19.43
Model saved to models/Re100wcp/Re100wcp_160000.npz
It: 161000, Loss: 2.793e-04, l1: 1.079, l2: 0.00665, Time: 19.43
It: 162000, Loss: 2.567e-04, l1: 1.078, l2: 0.00671, Time: 19.44
It: 163000, Loss: 1.924e-04, l1: 1.079, l2: 0.00668, Time: 19.42
It: 164000, Loss: 2.000e-04, l1: 1.079, l2: 0.00668, Time: 19.43
It: 165000, Loss: 1.943e-04, l1: 1.079, l2: 0.00670, Time: 19.42
It: 166000, Loss: 1.933e-04, l1: 1.079, l2: 0.00668, Time: 19.41
It: 167000, Loss: 1.903e-04, l1: 1.079, l2: 0.00666, Time: 19.42
It: 168000, Loss: 1.977e-04, l1: 1.079, l2: 0.00669, Time: 19.48
It: 169000, Loss: 3.275e-04, l1: 1.079, l2: 0.00667, Time: 19.44
It: 170000, Loss: 2.289e-04, l1: 1.079, l2: 0.00664, Time: 19.45
Model saved to models/Re100wcp/Re100wcp_170000.npz
It: 171000, Loss: 1.922e-04, l1: 1.079, l2: 0.00666, Time: 19.45
It: 172000, Loss: 1.879e-04, l1: 1.079, l2: 0.00666, Time: 19.50
It: 173000, Loss: 1.867e-04, l1: 1.079, l2: 0.00666, Time: 19.46
It: 174000, Loss: 1.926e-04, l1: 1.079, l2: 0.00662, Time: 19.45
It: 175000, Loss: 1.870e-04, l1: 1.079, l2: 0.00664, Time: 19.46
It: 176000, Loss: 1.868e-04, l1: 1.079, l2: 0.00664, Time: 19.43
It: 177000, Loss: 1.870e-04, l1: 1.079, l2: 0.00666, Time: 19.43
It: 178000, Loss: 4.203e-04, l1: 1.079, l2: 0.00660, Time: 19.49
It: 179000, Loss: 1.866e-04, l1: 1.079, l2: 0.00664, Time: 19.42
It: 180000, Loss: 1.960e-04, l1: 1.079, l2: 0.00663, Time: 19.42
Model saved to models/Re100wcp/Re100wcp_180000.npz
It: 181000, Loss: 1.851e-04, l1: 1.079, l2: 0.00664, Time: 19.46
It: 182000, Loss: 1.882e-04, l1: 1.079, l2: 0.00665, Time: 19.43
It: 183000, Loss: 1.845e-04, l1: 1.079, l2: 0.00662, Time: 19.45
It: 184000, Loss: 1.983e-04, l1: 1.079, l2: 0.00661, Time: 19.49
It: 185000, Loss: 1.887e-04, l1: 1.079, l2: 0.00661, Time: 19.44
It: 186000, Loss: 2.146e-04, l1: 1.079, l2: 0.00658, Time: 19.52
It: 187000, Loss: 1.880e-04, l1: 1.079, l2: 0.00660, Time: 19.48
It: 188000, Loss: 1.870e-04, l1: 1.079, l2: 0.00661, Time: 19.43
It: 189000, Loss: 1.832e-04, l1: 1.079, l2: 0.00663, Time: 19.46
It: 190000, Loss: 1.794e-04, l1: 1.079, l2: 0.00661, Time: 19.58
Model saved to models/Re100wcp/Re100wcp_190000.npz
It: 191000, Loss: 3.550e-04, l1: 1.079, l2: 0.00666, Time: 19.57
It: 192000, Loss: 1.802e-04, l1: 1.079, l2: 0.00660, Time: 19.46
It: 193000, Loss: 1.817e-04, l1: 1.079, l2: 0.00661, Time: 19.42
It: 194000, Loss: 1.870e-04, l1: 1.079, l2: 0.00662, Time: 19.48
It: 195000, Loss: 1.814e-04, l1: 1.079, l2: 0.00662, Time: 19.61
It: 196000, Loss: 1.849e-04, l1: 1.079, l2: 0.00659, Time: 19.59
It: 197000, Loss: 1.776e-04, l1: 1.079, l2: 0.00660, Time: 19.49
It: 198000, Loss: 1.772e-04, l1: 1.079, l2: 0.00659, Time: 19.61
It: 199000, Loss: 1.761e-04, l1: 1.079, l2: 0.00659, Time: 19.61
Loss history plot saved to plots/Re100wcp_TLnyq2150_[1, 2]//Re100wcp_80000_TL150_loss_hist.png
Lambda history plot saved to plots/Re100wcp_TLnyq2150_[1, 2]//Re100wcp_80000_TL150_lambda_hist.png
Model Training Complete for 200000 iterations
Model saved to models/Re100wcp_TLnyq2150_[1, 2]//Re100wcp_80000_TL150_200000.npz
Model Re100wcp_80000.npz processed successfully.
Processing model: models/Re100wcp/Re100wcp_90000.npz
Model loaded from models/Re100wcp/Re100wcp_90000.npz
Frozen Layers: [1, 2]
Training Model...
It: 0, Loss: 6.409e-03, l1: 1.077, l2: 0.00781, Time: 10.28
It: 1000, Loss: 1.061e-03, l1: 1.067, l2: 0.00827, Time: 19.47
It: 2000, Loss: 8.629e-04, l1: 1.069, l2: 0.00849, Time: 19.53
It: 3000, Loss: 7.627e-04, l1: 1.070, l2: 0.00867, Time: 19.47
It: 4000, Loss: 6.987e-04, l1: 1.071, l2: 0.00880, Time: 19.42
It: 5000, Loss: 6.507e-04, l1: 1.072, l2: 0.00890, Time: 19.47
It: 6000, Loss: 6.935e-04, l1: 1.073, l2: 0.00894, Time: 19.54
It: 7000, Loss: 5.783e-04, l1: 1.074, l2: 0.00898, Time: 19.50
It: 8000, Loss: 5.557e-04, l1: 1.074, l2: 0.00902, Time: 19.56
It: 9000, Loss: 5.338e-04, l1: 1.075, l2: 0.00906, Time: 19.43
It: 10000, Loss: 5.423e-04, l1: 1.075, l2: 0.00912, Time: 19.55
Model saved to models/Re100wcp/Re100wcp_10000.npz
It: 11000, Loss: 5.390e-04, l1: 1.075, l2: 0.00911, Time: 19.68
It: 12000, Loss: 5.239e-04, l1: 1.076, l2: 0.00919, Time: 19.50
It: 13000, Loss: 4.824e-04, l1: 1.076, l2: 0.00921, Time: 19.48
It: 14000, Loss: 4.745e-04, l1: 1.076, l2: 0.00919, Time: 19.52
It: 15000, Loss: 4.597e-04, l1: 1.076, l2: 0.00922, Time: 19.52
It: 16000, Loss: 5.367e-04, l1: 1.076, l2: 0.00928, Time: 19.55
It: 17000, Loss: 4.399e-04, l1: 1.077, l2: 0.00929, Time: 19.47
It: 18000, Loss: 4.310e-04, l1: 1.077, l2: 0.00931, Time: 19.40
It: 19000, Loss: 4.495e-04, l1: 1.077, l2: 0.00933, Time: 19.42
It: 20000, Loss: 4.278e-04, l1: 1.078, l2: 0.00934, Time: 19.41
Model saved to models/Re100wcp/Re100wcp_20000.npz
It: 21000, Loss: 4.183e-04, l1: 1.078, l2: 0.00938, Time: 19.50
It: 22000, Loss: 4.029e-04, l1: 1.078, l2: 0.00938, Time: 19.43
It: 23000, Loss: 4.748e-04, l1: 1.078, l2: 0.00942, Time: 19.47
It: 24000, Loss: 3.934e-04, l1: 1.079, l2: 0.00939, Time: 19.46
It: 25000, Loss: 3.856e-04, l1: 1.079, l2: 0.00941, Time: 19.41
It: 26000, Loss: 3.792e-04, l1: 1.079, l2: 0.00942, Time: 19.42
It: 27000, Loss: 5.441e-04, l1: 1.079, l2: 0.00951, Time: 19.36
It: 28000, Loss: 3.766e-04, l1: 1.079, l2: 0.00943, Time: 19.36
It: 29000, Loss: 3.812e-04, l1: 1.080, l2: 0.00945, Time: 19.38
It: 30000, Loss: 3.607e-04, l1: 1.079, l2: 0.00946, Time: 19.37
Model saved to models/Re100wcp/Re100wcp_30000.npz
It: 31000, Loss: 3.984e-04, l1: 1.080, l2: 0.00952, Time: 19.48
It: 32000, Loss: 3.497e-04, l1: 1.080, l2: 0.00948, Time: 19.44
It: 33000, Loss: 3.500e-04, l1: 1.080, l2: 0.00949, Time: 19.58
It: 34000, Loss: 3.671e-04, l1: 1.080, l2: 0.00947, Time: 19.47
It: 35000, Loss: 3.467e-04, l1: 1.080, l2: 0.00948, Time: 19.40
It: 36000, Loss: 3.615e-04, l1: 1.080, l2: 0.00949, Time: 19.46
It: 37000, Loss: 3.369e-04, l1: 1.080, l2: 0.00952, Time: 19.44
It: 38000, Loss: 4.024e-04, l1: 1.081, l2: 0.00946, Time: 19.38
It: 39000, Loss: 3.244e-04, l1: 1.081, l2: 0.00951, Time: 19.43
It: 40000, Loss: 3.178e-04, l1: 1.081, l2: 0.00953, Time: 19.41
Model saved to models/Re100wcp/Re100wcp_40000.npz
It: 41000, Loss: 3.139e-04, l1: 1.081, l2: 0.00954, Time: 19.44
It: 42000, Loss: 3.140e-04, l1: 1.081, l2: 0.00954, Time: 19.57
It: 43000, Loss: 4.671e-04, l1: 1.081, l2: 0.00945, Time: 19.43
It: 44000, Loss: 3.507e-04, l1: 1.081, l2: 0.00954, Time: 19.40
It: 45000, Loss: 3.475e-04, l1: 1.082, l2: 0.00952, Time: 19.50
It: 46000, Loss: 3.175e-04, l1: 1.082, l2: 0.00957, Time: 19.48
It: 47000, Loss: 2.948e-04, l1: 1.082, l2: 0.00959, Time: 19.52
It: 48000, Loss: 3.143e-04, l1: 1.082, l2: 0.00955, Time: 19.63
It: 49000, Loss: 3.102e-04, l1: 1.082, l2: 0.00960, Time: 19.58
It: 50000, Loss: 2.864e-04, l1: 1.082, l2: 0.00961, Time: 19.47
Model saved to models/Re100wcp/Re100wcp_50000.npz
It: 51000, Loss: 2.836e-04, l1: 1.082, l2: 0.00961, Time: 19.54
It: 52000, Loss: 3.243e-04, l1: 1.082, l2: 0.00957, Time: 19.51
It: 53000, Loss: 2.842e-04, l1: 1.082, l2: 0.00964, Time: 19.56
It: 54000, Loss: 3.134e-04, l1: 1.082, l2: 0.00965, Time: 19.57
It: 55000, Loss: 2.825e-04, l1: 1.082, l2: 0.00962, Time: 19.44
It: 56000, Loss: 2.926e-04, l1: 1.083, l2: 0.00968, Time: 19.46
It: 57000, Loss: 3.996e-04, l1: 1.083, l2: 0.00969, Time: 19.40
It: 58000, Loss: 2.881e-04, l1: 1.083, l2: 0.00965, Time: 19.41
It: 59000, Loss: 2.719e-04, l1: 1.083, l2: 0.00965, Time: 19.47
It: 60000, Loss: 2.850e-04, l1: 1.083, l2: 0.00968, Time: 19.53
Model saved to models/Re100wcp/Re100wcp_60000.npz
It: 61000, Loss: 3.118e-04, l1: 1.083, l2: 0.00970, Time: 19.51
It: 62000, Loss: 2.611e-04, l1: 1.083, l2: 0.00968, Time: 19.46
It: 63000, Loss: 2.626e-04, l1: 1.083, l2: 0.00968, Time: 19.54
It: 64000, Loss: 2.724e-04, l1: 1.083, l2: 0.00968, Time: 19.53
It: 65000, Loss: 2.696e-04, l1: 1.083, l2: 0.00966, Time: 19.54
It: 66000, Loss: 2.887e-04, l1: 1.083, l2: 0.00966, Time: 19.45
It: 67000, Loss: 2.520e-04, l1: 1.083, l2: 0.00971, Time: 19.42
It: 68000, Loss: 2.511e-04, l1: 1.083, l2: 0.00970, Time: 19.67
It: 69000, Loss: 2.503e-04, l1: 1.084, l2: 0.00971, Time: 19.62
It: 70000, Loss: 2.544e-04, l1: 1.083, l2: 0.00971, Time: 19.82
Model saved to models/Re100wcp/Re100wcp_70000.npz
It: 71000, Loss: 2.508e-04, l1: 1.083, l2: 0.00972, Time: 19.64
It: 72000, Loss: 2.456e-04, l1: 1.083, l2: 0.00972, Time: 19.56
It: 73000, Loss: 2.770e-04, l1: 1.084, l2: 0.00972, Time: 19.49
It: 74000, Loss: 2.449e-04, l1: 1.084, l2: 0.00972, Time: 19.56
It: 75000, Loss: 2.485e-04, l1: 1.083, l2: 0.00974, Time: 19.47
It: 76000, Loss: 2.648e-04, l1: 1.083, l2: 0.00967, Time: 19.48
It: 77000, Loss: 2.998e-04, l1: 1.084, l2: 0.00971, Time: 19.50
It: 78000, Loss: 4.226e-04, l1: 1.084, l2: 0.00968, Time: 19.50
It: 79000, Loss: 2.528e-04, l1: 1.084, l2: 0.00969, Time: 19.54
It: 80000, Loss: 2.513e-04, l1: 1.083, l2: 0.00973, Time: 19.55
Model saved to models/Re100wcp/Re100wcp_80000.npz
It: 81000, Loss: 2.530e-04, l1: 1.083, l2: 0.00974, Time: 19.44
It: 82000, Loss: 3.121e-04, l1: 1.083, l2: 0.00966, Time: 19.50
It: 83000, Loss: 4.049e-04, l1: 1.084, l2: 0.00980, Time: 19.57
It: 84000, Loss: 2.425e-04, l1: 1.083, l2: 0.00972, Time: 19.52
It: 85000, Loss: 3.227e-04, l1: 1.084, l2: 0.00980, Time: 19.51
It: 86000, Loss: 2.489e-04, l1: 1.083, l2: 0.00973, Time: 19.45
It: 87000, Loss: 2.284e-04, l1: 1.084, l2: 0.00973, Time: 19.45
It: 88000, Loss: 2.357e-04, l1: 1.083, l2: 0.00975, Time: 19.55
It: 89000, Loss: 2.294e-04, l1: 1.084, l2: 0.00973, Time: 19.64
It: 90000, Loss: 2.841e-04, l1: 1.084, l2: 0.00970, Time: 19.53
Model saved to models/Re100wcp/Re100wcp_90000.npz
It: 91000, Loss: 2.844e-04, l1: 1.084, l2: 0.00969, Time: 19.59
It: 92000, Loss: 2.243e-04, l1: 1.084, l2: 0.00974, Time: 19.48
It: 93000, Loss: 2.243e-04, l1: 1.084, l2: 0.00974, Time: 19.45
It: 94000, Loss: 2.616e-04, l1: 1.084, l2: 0.00974, Time: 19.51
It: 95000, Loss: 2.340e-04, l1: 1.084, l2: 0.00975, Time: 19.42
It: 96000, Loss: 2.205e-04, l1: 1.084, l2: 0.00975, Time: 19.43
It: 97000, Loss: 2.208e-04, l1: 1.084, l2: 0.00974, Time: 19.49
It: 98000, Loss: 2.269e-04, l1: 1.084, l2: 0.00977, Time: 19.46
It: 99000, Loss: 2.215e-04, l1: 1.084, l2: 0.00974, Time: 19.43
It: 100000, Loss: 2.193e-04, l1: 1.083, l2: 0.00972, Time: 19.57
Model saved to models/Re100wcp/Re100wcp_100000.npz
It: 101000, Loss: 2.183e-04, l1: 1.083, l2: 0.00973, Time: 19.57
It: 102000, Loss: 2.417e-04, l1: 1.083, l2: 0.00971, Time: 19.63
It: 103000, Loss: 2.570e-04, l1: 1.084, l2: 0.00973, Time: 19.65
It: 104000, Loss: 2.214e-04, l1: 1.083, l2: 0.00974, Time: 19.62
It: 105000, Loss: 2.252e-04, l1: 1.084, l2: 0.00976, Time: 19.57
It: 106000, Loss: 2.142e-04, l1: 1.084, l2: 0.00975, Time: 19.65
It: 107000, Loss: 2.138e-04, l1: 1.084, l2: 0.00975, Time: 19.55
It: 108000, Loss: 3.187e-04, l1: 1.084, l2: 0.00967, Time: 19.61
It: 109000, Loss: 2.280e-04, l1: 1.084, l2: 0.00970, Time: 19.62
It: 110000, Loss: 2.139e-04, l1: 1.084, l2: 0.00974, Time: 19.55
Model saved to models/Re100wcp/Re100wcp_110000.npz
It: 111000, Loss: 2.105e-04, l1: 1.084, l2: 0.00974, Time: 19.75
It: 112000, Loss: 2.204e-04, l1: 1.084, l2: 0.00973, Time: 19.52
It: 113000, Loss: 2.285e-04, l1: 1.084, l2: 0.00970, Time: 19.50
It: 114000, Loss: 2.084e-04, l1: 1.084, l2: 0.00973, Time: 19.51
It: 115000, Loss: 2.520e-04, l1: 1.083, l2: 0.00977, Time: 19.49
It: 116000, Loss: 2.090e-04, l1: 1.084, l2: 0.00974, Time: 19.53
It: 117000, Loss: 2.192e-04, l1: 1.084, l2: 0.00974, Time: 19.48
It: 118000, Loss: 2.066e-04, l1: 1.084, l2: 0.00973, Time: 19.44
It: 119000, Loss: 2.655e-04, l1: 1.083, l2: 0.00977, Time: 19.49
It: 120000, Loss: 2.037e-04, l1: 1.084, l2: 0.00972, Time: 19.47
Model saved to models/Re100wcp/Re100wcp_120000.npz
It: 121000, Loss: 2.057e-04, l1: 1.083, l2: 0.00971, Time: 19.48
It: 122000, Loss: 2.146e-04, l1: 1.084, l2: 0.00972, Time: 19.50
It: 123000, Loss: 2.027e-04, l1: 1.084, l2: 0.00972, Time: 19.48
It: 124000, Loss: 2.724e-04, l1: 1.084, l2: 0.00966, Time: 19.44
It: 125000, Loss: 2.026e-04, l1: 1.084, l2: 0.00971, Time: 19.48
It: 126000, Loss: 2.102e-04, l1: 1.083, l2: 0.00971, Time: 19.59
It: 127000, Loss: 2.013e-04, l1: 1.084, l2: 0.00972, Time: 19.62
It: 128000, Loss: 2.019e-04, l1: 1.084, l2: 0.00969, Time: 19.61
It: 129000, Loss: 2.889e-04, l1: 1.084, l2: 0.00967, Time: 19.60
It: 130000, Loss: 2.268e-04, l1: 1.084, l2: 0.00966, Time: 19.51
Model saved to models/Re100wcp/Re100wcp_130000.npz
It: 131000, Loss: 2.011e-04, l1: 1.083, l2: 0.00970, Time: 19.59
It: 132000, Loss: 1.967e-04, l1: 1.083, l2: 0.00970, Time: 19.60
It: 133000, Loss: 2.002e-04, l1: 1.084, l2: 0.00970, Time: 19.49
It: 134000, Loss: 2.072e-04, l1: 1.083, l2: 0.00969, Time: 19.49
It: 135000, Loss: 1.969e-04, l1: 1.084, l2: 0.00968, Time: 19.47
It: 136000, Loss: 1.941e-04, l1: 1.084, l2: 0.00968, Time: 19.40
It: 137000, Loss: 1.931e-04, l1: 1.084, l2: 0.00967, Time: 19.48
It: 138000, Loss: 2.036e-04, l1: 1.083, l2: 0.00967, Time: 19.43
It: 139000, Loss: 1.992e-04, l1: 1.083, l2: 0.00965, Time: 19.62
It: 140000, Loss: 1.916e-04, l1: 1.084, l2: 0.00967, Time: 19.63
Model saved to models/Re100wcp/Re100wcp_140000.npz
It: 141000, Loss: 1.975e-04, l1: 1.084, l2: 0.00966, Time: 19.61
It: 142000, Loss: 1.943e-04, l1: 1.084, l2: 0.00966, Time: 19.52
It: 143000, Loss: 2.590e-04, l1: 1.083, l2: 0.00968, Time: 19.63
It: 144000, Loss: 1.908e-04, l1: 1.084, l2: 0.00966, Time: 19.56
It: 145000, Loss: 2.263e-04, l1: 1.084, l2: 0.00966, Time: 19.54
It: 146000, Loss: 2.194e-04, l1: 1.083, l2: 0.00965, Time: 19.64
It: 147000, Loss: 1.883e-04, l1: 1.084, l2: 0.00963, Time: 19.48
It: 148000, Loss: 1.916e-04, l1: 1.083, l2: 0.00962, Time: 19.45
It: 149000, Loss: 3.115e-04, l1: 1.083, l2: 0.00955, Time: 19.47
It: 150000, Loss: 2.006e-04, l1: 1.083, l2: 0.00960, Time: 19.41
Model saved to models/Re100wcp/Re100wcp_150000.npz
It: 151000, Loss: 1.917e-04, l1: 1.083, l2: 0.00961, Time: 19.41
It: 152000, Loss: 1.910e-04, l1: 1.083, l2: 0.00962, Time: 19.41
It: 153000, Loss: 1.846e-04, l1: 1.084, l2: 0.00961, Time: 19.40
It: 154000, Loss: 2.008e-04, l1: 1.083, l2: 0.00959, Time: 19.42
It: 155000, Loss: 1.953e-04, l1: 1.083, l2: 0.00958, Time: 19.48
It: 156000, Loss: 2.278e-04, l1: 1.083, l2: 0.00958, Time: 19.50
It: 157000, Loss: 1.825e-04, l1: 1.083, l2: 0.00959, Time: 19.46
It: 158000, Loss: 2.058e-04, l1: 1.083, l2: 0.00960, Time: 19.46
It: 159000, Loss: 2.551e-04, l1: 1.083, l2: 0.00963, Time: 19.42
It: 160000, Loss: 1.812e-04, l1: 1.083, l2: 0.00957, Time: 19.41
Model saved to models/Re100wcp/Re100wcp_160000.npz
It: 161000, Loss: 2.190e-04, l1: 1.083, l2: 0.00954, Time: 19.44
It: 162000, Loss: 1.805e-04, l1: 1.083, l2: 0.00955, Time: 19.57
It: 163000, Loss: 1.794e-04, l1: 1.083, l2: 0.00955, Time: 19.54
It: 164000, Loss: 1.839e-04, l1: 1.083, l2: 0.00955, Time: 19.50
It: 165000, Loss: 1.978e-04, l1: 1.083, l2: 0.00954, Time: 19.55
It: 166000, Loss: 1.810e-04, l1: 1.083, l2: 0.00951, Time: 19.59
It: 167000, Loss: 1.776e-04, l1: 1.083, l2: 0.00952, Time: 19.36
It: 168000, Loss: 1.896e-04, l1: 1.083, l2: 0.00949, Time: 19.39
It: 169000, Loss: 1.771e-04, l1: 1.083, l2: 0.00950, Time: 19.40
It: 170000, Loss: 1.863e-04, l1: 1.083, l2: 0.00950, Time: 19.41
Model saved to models/Re100wcp/Re100wcp_170000.npz
It: 171000, Loss: 1.780e-04, l1: 1.083, l2: 0.00950, Time: 19.52
It: 172000, Loss: 1.757e-04, l1: 1.083, l2: 0.00948, Time: 19.45
It: 173000, Loss: 1.764e-04, l1: 1.083, l2: 0.00947, Time: 19.44
It: 174000, Loss: 1.861e-04, l1: 1.083, l2: 0.00945, Time: 19.55
It: 175000, Loss: 1.744e-04, l1: 1.083, l2: 0.00947, Time: 19.47
It: 176000, Loss: 1.762e-04, l1: 1.083, l2: 0.00946, Time: 19.42
It: 177000, Loss: 3.026e-04, l1: 1.083, l2: 0.00944, Time: 19.44
It: 178000, Loss: 2.617e-04, l1: 1.083, l2: 0.00937, Time: 19.45
It: 179000, Loss: 1.990e-04, l1: 1.083, l2: 0.00943, Time: 19.44
It: 180000, Loss: 1.956e-04, l1: 1.083, l2: 0.00943, Time: 19.48
Model saved to models/Re100wcp/Re100wcp_180000.npz
It: 181000, Loss: 1.916e-04, l1: 1.083, l2: 0.00940, Time: 19.49
It: 182000, Loss: 1.960e-04, l1: 1.083, l2: 0.00939, Time: 19.36
It: 183000, Loss: 2.435e-04, l1: 1.083, l2: 0.00945, Time: 19.41
It: 184000, Loss: 1.716e-04, l1: 1.083, l2: 0.00941, Time: 19.38
It: 185000, Loss: 1.739e-04, l1: 1.083, l2: 0.00938, Time: 19.38
It: 186000, Loss: 1.700e-04, l1: 1.083, l2: 0.00938, Time: 19.60
It: 187000, Loss: 1.811e-04, l1: 1.083, l2: 0.00939, Time: 19.55
It: 188000, Loss: 1.755e-04, l1: 1.083, l2: 0.00938, Time: 19.48
It: 189000, Loss: 1.846e-04, l1: 1.083, l2: 0.00937, Time: 19.45
It: 190000, Loss: 1.685e-04, l1: 1.083, l2: 0.00936, Time: 19.45
Model saved to models/Re100wcp/Re100wcp_190000.npz
It: 191000, Loss: 1.676e-04, l1: 1.083, l2: 0.00937, Time: 19.50
It: 192000, Loss: 2.006e-04, l1: 1.083, l2: 0.00932, Time: 19.37
It: 193000, Loss: 1.729e-04, l1: 1.083, l2: 0.00933, Time: 19.43
It: 194000, Loss: 1.719e-04, l1: 1.083, l2: 0.00932, Time: 19.38
It: 195000, Loss: 1.812e-04, l1: 1.083, l2: 0.00934, Time: 19.43
It: 196000, Loss: 1.659e-04, l1: 1.083, l2: 0.00931, Time: 19.45
It: 197000, Loss: 1.664e-04, l1: 1.083, l2: 0.00931, Time: 19.44
It: 198000, Loss: 1.709e-04, l1: 1.083, l2: 0.00928, Time: 19.56
It: 199000, Loss: 1.666e-04, l1: 1.083, l2: 0.00930, Time: 19.47
Loss history plot saved to plots/Re100wcp_TLnyq2150_[1, 2]//Re100wcp_90000_TL150_loss_hist.png
Lambda history plot saved to plots/Re100wcp_TLnyq2150_[1, 2]//Re100wcp_90000_TL150_lambda_hist.png
Model Training Complete for 200000 iterations
Model saved to models/Re100wcp_TLnyq2150_[1, 2]//Re100wcp_90000_TL150_200000.npz
Model Re100wcp_90000.npz processed successfully.
==============================================================================
Running epilogue script on pink54.

Submit time  : 2025-03-15T12:30:48
Start time   : 2025-03-15T12:30:48
End time     : 2025-03-15T23:26:29
Elapsed time : 10:55:41 (Timelimit=1-12:00:00)

Job ID: 7185938
Cluster: i5
User/Group: fe1g22/pe
State: COMPLETED (exit code 0)
Nodes: 1
Cores per node: 8
CPU Utilized: 2-18:31:24
CPU Efficiency: 76.09% of 3-15:25:28 core-walltime
Job Wall-clock time: 10:55:41
Memory Utilized: 2.16 GB
Memory Efficiency: 0.00% of 16.00 B

